arm,dataset,gap,lam_final,runtime_seconds,seed,test_acc,test_ece,train_acc
adadecay,adult_full,0.027112603187561035,0.0,2.1516013145446777,0,0.846666693687439,0.009890272657076518,0.873779296875
adadecay,adult_full,0.03431141376495361,0.0,2.154599666595459,1,0.8404444456100464,0.01977768858273824,0.874755859375
adadecay,adult_full,0.030245661735534668,0.0,2.189051389694214,2,0.8437777757644653,0.014355725699000886,0.8740234375
adadecay,adult_full,0.030740022659301758,0.0,2.213512420654297,3,0.8388888835906982,0.012497800350189209,0.86962890625
adadecay,adult_full,0.028783857822418213,0.0,2.21665096282959,4,0.8413333296775818,0.011881088534990945,0.8701171875
awd,adult_full,0.06259697675704956,,1.6110970973968506,0,0.8326666951179504,0.054997544487317404,0.895263671875
awd,adult_full,0.06725454330444336,,1.546341896057129,1,0.8353333473205566,0.05186106608973609,0.902587890625
awd,adult_full,0.06704145669937134,,1.5410487651824951,2,0.8282222151756287,0.0541551615330908,0.895263671875
awd,adult_full,0.062437474727630615,,1.6805179119110107,3,0.8360000252723694,0.03886561400360532,0.8984375
awd,adult_full,0.06055319309234619,,1.744793176651001,4,0.8342221975326538,0.05168655999501546,0.894775390625
ctrlA,adult_full,0.040368080139160156,0.572813100538497,1.333392858505249,0,0.8424444198608398,0.02136309544245402,0.8828125
ctrlA,adult_full,0.045122385025024414,0.44595463489903814,1.4289827346801758,1,0.8386666774749756,0.03238303999106089,0.8837890625
ctrlA,adult_full,0.043325722217559814,0.5088237355139427,2.3918871879577637,2,0.8377777934074402,0.025712232152620952,0.881103515625
ctrlA,adult_full,0.043501079082489014,0.40123508873246505,2.3610541820526123,3,0.839555561542511,0.018692484034432306,0.883056640625
ctrlA,adult_full,0.030092239379882812,0.5957327210932966,2.38382625579834,4,0.8422222137451172,0.02529350854290856,0.872314453125
ctrlB,adult_full,0.01721245050430298,1.756409579208193,2.3675029277801514,0,0.847777783870697,0.01023298403951857,0.864990234375
ctrlB,adult_full,0.022674262523651123,1.9640671600522155,2.3379271030426025,1,0.8462222218513489,0.00950219962331984,0.868896484375
ctrlB,adult_full,0.027096807956695557,1.539182480901938,2.351050853729248,2,0.8415555357933044,0.012769492758644954,0.86865234375
ctrlB,adult_full,0.021237432956695557,2.014774266582965,2.7381045818328857,3,0.8415555357933044,0.018175840152634515,0.86279296875
ctrlB,adult_full,0.01619511842727661,0.9805780097039715,2.6899168491363525,4,0.8448888659477234,0.012556953880521986,0.861083984375
ctrlBpp,adult_full,0.01721245050430298,1.756409579208193,2.7455334663391113,0,0.847777783870697,0.01023298403951857,0.864990234375
ctrlBpp,adult_full,0.022674262523651123,1.9640671600522155,2.768705368041992,1,0.8462222218513489,0.00950219962331984,0.868896484375
ctrlBpp,adult_full,0.027096807956695557,1.539182480901938,2.7399022579193115,2,0.8415555357933044,0.012769492758644954,0.86865234375
ctrlBpp,adult_full,0.021237432956695557,2.014774266582965,2.756406307220459,3,0.8415555357933044,0.018175840152634515,0.86279296875
ctrlBpp,adult_full,0.01619511842727661,0.9805780097039715,1.3307054042816162,4,0.8448888659477234,0.012556953880521986,0.861083984375
cwd,adult_full,0.04578602313995361,,2.3377432823181152,0,0.8404444456100464,0.02578621284166972,0.88623046875
cwd,adult_full,0.0453227162361145,,2.2329025268554688,1,0.8382222056388855,0.03645158500803842,0.883544921875
cwd,adult_full,0.0458986759185791,,2.0595364570617676,2,0.8391110897064209,0.030685397995842828,0.885009765625
cwd,adult_full,0.046477675437927246,,2.0169103145599365,3,0.8375555276870728,0.023781962017218272,0.884033203125
cwd,adult_full,0.038129985332489014,,2.0568718910217285,4,0.839555561542511,0.030358553290367126,0.877685546875
fixed1,adult_full,0.025362849235534668,1.0,4.0567967891693115,0,0.8437777757644653,0.01380199268129137,0.869140625
fixed1,adult_full,0.029600918292999268,1.0,1.3887157440185547,1,0.8446666598320007,0.02052262032032013,0.874267578125
fixed1,adult_full,0.029713571071624756,1.0,1.4263718128204346,2,0.8433333039283752,0.015427640212906732,0.873046875
fixed1,adult_full,0.03169161081314087,1.0,1.3334672451019287,3,0.8411111235618591,0.015610489010810854,0.872802734375
fixed1,adult_full,0.023854196071624756,1.0,1.3095042705535889,4,0.8433333039283752,0.014957250369919671,0.8671875
none,adult_full,0.0703687071800232,0.0,4.0604705810546875,0,0.8297777771949768,0.050460294518205856,0.900146484375
none,adult_full,0.07189929485321045,0.0,4.111567735671997,1,0.8304444551467896,0.05110743294821845,0.90234375
none,adult_full,0.06714802980422974,0.0,4.094430923461914,2,0.8317777514457703,0.04765757470660739,0.89892578125
none,adult_full,0.06820619106292725,0.0,4.071678638458252,3,0.8375555276870728,0.03988241347339418,0.90576171875
none,adult_full,0.056596994400024414,0.0,4.045839309692383,4,0.8386666774749756,0.04869268518024021,0.895263671875
swd,adult_full,0.05289411544799805,,1.7712247371673584,0,0.835777759552002,0.037082477364275196,0.888671875
swd,adult_full,0.0589069128036499,,1.981290340423584,1,0.8373333215713501,0.0458446024523841,0.896240234375
swd,adult_full,0.0587315559387207,,2.182670831680298,2,0.8355555534362793,0.04125153439574772,0.894287109375
swd,adult_full,0.05504143238067627,,2.1642940044403076,3,0.8402222394943237,0.029752258631918164,0.895263671875
swd,adult_full,0.04807096719741821,,2.140795946121216,4,0.8413333296775818,0.039175151043468054,0.889404296875
adadecay,adult_n20,0.1269444227218628,0.0,1.1527495384216309,0,0.7335555553436279,0.06739338050948249,0.8604999780654907
adadecay,adult_n20,0.16911113262176514,0.0,1.0996267795562744,1,0.7048888802528381,0.09193936218155756,0.8740000128746033
adadecay,adult_n20,0.11105555295944214,0.0,1.0738568305969238,2,0.754444420337677,0.05621228434642156,0.8654999732971191
adadecay,adult_n20,0.14461112022399902,0.0,1.1231632232666016,3,0.7248888611793518,0.07436031386587355,0.8694999814033508
adadecay,adult_n20,0.1196666955947876,0.0,1.0507087707519531,4,0.7413333058357239,0.05725586219628652,0.8610000014305115
awd,adult_n20,0.22083330154418945,,0.8117477893829346,0,0.7126666903495789,0.1721755475666788,0.9334999918937683
awd,adult_n20,0.2439444661140442,,0.7315759658813477,1,0.6895555257797241,0.19113042552603615,0.9334999918937683
awd,adult_n20,0.2174999713897705,,0.7758200168609619,2,0.7120000123977661,0.16735505633884007,0.9294999837875366
awd,adult_n20,0.2128888964653015,,0.7162272930145264,3,0.723111093044281,0.15750787164105307,0.9359999895095825
awd,adult_n20,0.23855555057525635,,0.8476657867431641,4,0.7024444341659546,0.17715873947408464,0.9409999847412109
ctrlA,adult_n20,0.12861108779907227,1.1672468056917509,0.7368814945220947,0,0.7368888854980469,0.06450801246696049,0.8654999732971191
ctrlA,adult_n20,0.17405551671981812,1.1286202137149672,0.7043311595916748,1,0.7004444599151611,0.09117736407121022,0.8744999766349792
ctrlA,adult_n20,0.11972218751907349,1.1064884267400392,0.7125997543334961,2,0.7457777857780457,0.06784825339582232,0.8654999732971191
ctrlA,adult_n20,0.1399444341659546,1.1454538523200046,0.7475855350494385,3,0.7275555729866028,0.06521277576022677,0.8675000071525574
ctrlA,adult_n20,0.13927775621414185,1.0540154148209846,0.7446293830871582,4,0.7282222509384155,0.07659841238127814,0.8675000071525574
ctrlB,adult_n20,0.03494441509246826,3.4714571591098653,0.7528095245361328,0,0.7795555591583252,0.06406772159205543,0.8144999742507935
ctrlB,adult_n20,0.052500009536743164,3.2635591367006076,0.7483766078948975,1,0.7639999985694885,0.05493657312128279,0.8165000081062317
ctrlB,adult_n20,0.047777771949768066,3.3556262958116725,0.7513513565063477,2,0.7702222466468811,0.051352117882834544,0.8180000185966492
ctrlB,adult_n20,0.06388890743255615,3.2954065624536013,0.7564098834991455,3,0.7551110982894897,0.04745388799243504,0.8190000057220459
ctrlB,adult_n20,0.021833360195159912,3.3459021626426613,0.6996994018554688,4,0.7846666574478149,0.06059493633111318,0.8065000176429749
ctrlBpp,adult_n20,0.03494441509246826,3.4714571591098653,0.7254719734191895,0,0.7795555591583252,0.06406772159205543,0.8144999742507935
ctrlBpp,adult_n20,0.052500009536743164,3.2635591367006076,0.6859571933746338,1,0.7639999985694885,0.05493657312128279,0.8165000081062317
ctrlBpp,adult_n20,0.047777771949768066,3.3556262958116725,0.6409411430358887,2,0.7702222466468811,0.051352117882834544,0.8180000185966492
ctrlBpp,adult_n20,0.06388890743255615,3.2954065624536013,0.6718199253082275,3,0.7551110982894897,0.04745388799243504,0.8190000057220459
ctrlBpp,adult_n20,0.021833360195159912,3.3459021626426613,0.6898577213287354,4,0.7846666574478149,0.06059493633111318,0.8065000176429749
cwd,adult_n20,0.20155560970306396,,1.1169748306274414,0,0.7224444150924683,0.1252556540436215,0.9240000247955322
cwd,adult_n20,0.22983330488204956,,1.0911242961883545,1,0.690666675567627,0.15353331900967493,0.9204999804496765
cwd,adult_n20,0.18238890171051025,,1.0731120109558105,2,0.723111093044281,0.12905622364415062,0.9054999947547913
cwd,adult_n20,0.21694445610046387,,1.0599980354309082,3,0.7055555582046509,0.14412040221691133,0.9225000143051147
cwd,adult_n20,0.21383333206176758,,1.0790510177612305,4,0.7046666741371155,0.1335822571383582,0.9185000061988831
fixed1,adult_n20,0.13655555248260498,1.0,0.7811903953552246,0,0.7304444313049316,0.07153369960520004,0.8669999837875366
fixed1,adult_n20,0.18183332681655884,1.0,0.8111362457275391,1,0.6986666917800903,0.09666779873106215,0.8805000185966492
fixed1,adult_n20,0.11983335018157959,1.0,0.7535243034362793,2,0.7486666440963745,0.06438172237078349,0.8684999942779541
fixed1,adult_n20,0.15116667747497559,1.0,0.7461776733398438,3,0.7253333330154419,0.06903511412938436,0.8765000104904175
fixed1,adult_n20,0.14438891410827637,1.0,0.7253358364105225,4,0.7271111011505127,0.07739481422636244,0.8715000152587891
none,adult_n20,0.202833354473114,0.0,0.6196949481964111,0,0.7246666550636292,0.17286864150895012,0.9275000095367432
none,adult_n20,0.23855555057525635,0.0,0.5533394813537598,1,0.6984444260597229,0.1836527125702964,0.9369999766349792
none,adult_n20,0.22116661071777344,0.0,0.5945000648498535,2,0.7093333601951599,0.1747133960856332,0.9304999709129333
none,adult_n20,0.23177778720855713,0.0,0.730785608291626,3,0.7022222280502319,0.16889883482456208,0.9340000152587891
none,adult_n20,0.22383332252502441,0.0,0.6945321559906006,4,0.7126666903495789,0.17023789229657915,0.9365000128746033
swd,adult_n20,0.21094447374343872,,0.8005216121673584,0,0.7155555486679077,0.16841925556129878,0.9265000224113464
swd,adult_n20,0.23749995231628418,,0.7921020984649658,1,0.6880000233650208,0.18258648118707865,0.9254999756813049
swd,adult_n20,0.19749999046325684,,0.880112886428833,2,0.7260000109672546,0.15320770837201012,0.9235000014305115
swd,adult_n20,0.24816668033599854,,0.8982610702514648,3,0.6833333373069763,0.17787679574224685,0.9315000176429749
swd,adult_n20,0.22361111640930176,,0.8687241077423096,4,0.7088888883590698,0.16732275998592377,0.9325000047683716
adadecay,bank_full,0.03232616186141968,0.0,2.233621835708618,0,0.9020000100135803,0.01643384924199846,0.934326171875
adadecay,bank_full,0.03112739324569702,0.0,2.281890630722046,1,0.902222216129303,0.02289302764998542,0.933349609375
adadecay,bank_full,0.02886134386062622,0.0,2.2207882404327393,2,0.9039999842643738,0.022188141134050158,0.932861328125
adadecay,bank_full,0.029177308082580566,0.0,2.170670509338379,3,0.8997777700424194,0.01264447891049915,0.928955078125
adadecay,bank_full,0.025712430477142334,0.0,2.2162394523620605,4,0.9017778038978577,0.020909560945298937,0.927490234375
awd,bank_full,0.06811130046844482,,1.3790078163146973,0,0.8960000276565552,0.05042936227056716,0.964111328125
awd,bank_full,0.0642738938331604,,1.570000171661377,1,0.8942221999168396,0.04847020249896579,0.95849609375
awd,bank_full,0.0597040057182312,,1.5287156105041504,2,0.8924444317817688,0.05282318449682659,0.9521484375
awd,bank_full,0.06914085149765015,,1.5261259078979492,3,0.8891111016273499,0.05097207412454817,0.958251953125
awd,bank_full,0.056549072265625,,1.5578579902648926,4,0.895111083984375,0.04603100110424889,0.95166015625
ctrlA,bank_full,0.04391646385192871,0.47972592451052243,1.481672763824463,0,0.8982222080230713,0.02730476845635308,0.942138671875
ctrlA,bank_full,0.04185068607330322,0.44250013378433334,1.4157545566558838,1,0.8995555639266968,0.0330275771551662,0.94140625
ctrlA,bank_full,0.03616666793823242,0.45111830242578593,1.4824771881103516,2,0.9013333320617676,0.028097653150558472,0.9375
ctrlA,bank_full,0.03967231512069702,0.5043333225075597,1.5664503574371338,3,0.902222216129303,0.023604830808109704,0.94189453125
ctrlA,bank_full,0.03641384840011597,0.49079813643209147,1.5227305889129639,4,0.898888885974884,0.027390023986498514,0.935302734375
ctrlB,bank_full,0.021649718284606934,2.3187035732106445,1.5051233768463135,0,0.9026666879653931,0.013623388820224338,0.92431640625
ctrlB,bank_full,0.020097196102142334,2.4030979278789415,1.6174938678741455,1,0.9017778038978577,0.015548810746934677,0.921875
ctrlB,bank_full,0.01862931251525879,2.4970325138739895,1.564094066619873,2,0.9042222499847412,0.00995242934094535,0.9228515625
ctrlB,bank_full,0.020651280879974365,1.2363237176360804,1.6306877136230469,3,0.9024444222450256,0.010869494756062826,0.923095703125
ctrlB,bank_full,0.015743494033813477,2.2835419813336686,1.6425344944000244,4,0.9046666622161865,0.011666252705785961,0.92041015625
ctrlBpp,bank_full,0.021649718284606934,2.3187035732106445,1.586057186126709,0,0.9026666879653931,0.013623388820224338,0.92431640625
ctrlBpp,bank_full,0.020097196102142334,2.4030979278789415,1.6113078594207764,1,0.9017778038978577,0.015548810746934677,0.921875
ctrlBpp,bank_full,0.01862931251525879,2.4970325138739895,1.5484685897827148,2,0.9042222499847412,0.00995242934094535,0.9228515625
ctrlBpp,bank_full,0.020651280879974365,1.2363237176360804,1.4628522396087646,3,0.9024444222450256,0.010869494756062826,0.923095703125
ctrlBpp,bank_full,0.015743494033813477,2.2835419813336686,1.5311830043792725,4,0.9046666622161865,0.011666252705785961,0.92041015625
cwd,bank_full,0.04566925764083862,,2.153859853744507,0,0.8986666798591614,0.0260541320376926,0.9443359375
cwd,bank_full,0.04287111759185791,,2.127060651779175,1,0.8999999761581421,0.036300960997740425,0.94287109375
cwd,bank_full,0.04120290279388428,,2.161823272705078,2,0.9028888940811157,0.03176071408059862,0.944091796875
cwd,bank_full,0.042605042457580566,,2.0835318565368652,3,0.8997777700424194,0.02545570418569777,0.9423828125
cwd,bank_full,0.040251314640045166,,2.1636879444122314,4,0.9006666541099548,0.03129663025008307,0.94091796875
fixed1,bank_full,0.03239494562149048,1.0,1.5108675956726074,0,0.9002222418785095,0.013564164770974052,0.9326171875
fixed1,bank_full,0.02937757968902588,1.0,1.533799409866333,1,0.8993333578109741,0.021135180168681676,0.9287109375
fixed1,bank_full,0.028063178062438965,1.0,1.4430007934570312,2,0.903333306312561,0.018276663329866195,0.931396484375
fixed1,bank_full,0.027243077754974365,1.0,1.4317240715026855,3,0.9024444222450256,0.011784646140204537,0.9296875
fixed1,bank_full,0.02389085292816162,1.0,1.4897046089172363,4,0.9031111001968384,0.01981333063708411,0.927001953125
none,bank_full,0.07250887155532837,0.0,1.490994930267334,0,0.8935555815696716,0.04826575142807431,0.966064453125
none,bank_full,0.06320661306381226,0.0,1.4274835586547852,1,0.8957777619361877,0.052619406779607136,0.958984375
none,bank_full,0.06089973449707031,0.0,1.4187490940093994,2,0.8946666717529297,0.05073226630687713,0.95556640625
none,bank_full,0.06431770324707031,0.0,1.3684544563293457,3,0.8946666717529297,0.04279027391804589,0.958984375
none,bank_full,0.05870246887207031,0.0,1.4342451095581055,4,0.8946666717529297,0.04398882553312514,0.953369140625
swd,bank_full,0.06600779294967651,,1.5607736110687256,0,0.8920000195503235,0.04544467715422312,0.9580078125
swd,bank_full,0.05796700716018677,,1.5479695796966553,1,0.8971111178398132,0.05016101899411943,0.955078125
swd,bank_full,0.051331400871276855,,1.5217702388763428,2,0.8966666460037231,0.0421299937831031,0.947998046875
swd,bank_full,0.0600358247756958,,1.5265865325927734,3,0.8933333158493042,0.039480304393503404,0.953369140625
swd,bank_full,0.0591469407081604,,1.6469945907592773,4,0.8942221999168396,0.04226197173860338,0.953369140625
adadecay,bank_n20,0.12222224473953247,0.0,1.1628596782684326,0,0.7837777733802795,0.03786126560635037,0.906000018119812
adadecay,bank_n20,0.058166682720184326,0.0,1.1630833148956299,1,0.8293333053588867,0.05369751314984428,0.887499988079071
adadecay,bank_n20,0.07738888263702393,0.0,1.155242919921875,2,0.8091111183166504,0.04788869586255816,0.8865000009536743
adadecay,bank_n20,0.05311107635498047,0.0,1.1411192417144775,3,0.8188889026641846,0.04869516799185011,0.871999979019165
adadecay,bank_n20,0.058833301067352295,0.0,1.1315648555755615,4,0.8246666789054871,0.05034061452415255,0.8834999799728394
awd,bank_n20,0.1994444727897644,,0.7520473003387451,0,0.7535555362701416,0.14125568543540107,0.953000009059906
awd,bank_n20,0.1334444284439087,,0.7869768142700195,1,0.8015555739402771,0.11194147096739875,0.9350000023841858
awd,bank_n20,0.19222217798233032,,0.8666434288024902,2,0.7677778005599976,0.13125644548071755,0.9599999785423279
awd,bank_n20,0.1589999794960022,,0.8172695636749268,3,0.7720000147819519,0.1114518072075314,0.9309999942779541
awd,bank_n20,0.19466662406921387,,0.8370203971862793,4,0.7693333625793457,0.13127423797713386,0.9639999866485596
ctrlA,bank_n20,0.11244446039199829,1.0804581221096483,0.7099933624267578,0,0.7835555672645569,0.03626045921113756,0.8960000276565552
ctrlA,bank_n20,0.05072224140167236,1.1810842420384582,0.6803774833679199,1,0.81977778673172,0.03980554257498847,0.8705000281333923
ctrlA,bank_n20,0.041833341121673584,1.1146512621851925,0.6744773387908936,2,0.8266666531562805,0.03661181559827593,0.8684999942779541
ctrlA,bank_n20,0.053888916969299316,0.8702797391912731,0.6987261772155762,3,0.8111110925674438,0.039545093284712896,0.8650000095367432
ctrlA,bank_n20,0.0515555739402771,1.1489043087055233,0.6890063285827637,4,0.8224444389343262,0.03758403295940823,0.8740000128746033
ctrlB,bank_n20,-0.030777812004089355,2.780177306168266,0.6567175388336182,0,0.8657777905464172,0.1079693475961685,0.8349999785423279
ctrlB,bank_n20,-0.043944478034973145,2.936954145092074,0.5869743824005127,1,0.86644446849823,0.10192196337381998,0.8224999904632568
ctrlB,bank_n20,-0.032944440841674805,3.0909407917339786,0.607001543045044,2,0.8624444603919983,0.09916347981823814,0.8295000195503235
ctrlB,bank_n20,-0.08116662502288818,2.944027650197243,0.6352381706237793,3,0.8826666474342346,0.11304145325554743,0.8015000224113464
ctrlB,bank_n20,-0.0431666374206543,2.9125652969765343,0.6361942291259766,4,0.862666666507721,0.10736086010270648,0.8195000290870667
ctrlBpp,bank_n20,-0.030777812004089355,2.780177306168266,0.6745593547821045,0,0.8657777905464172,0.1079693475961685,0.8349999785423279
ctrlBpp,bank_n20,-0.043944478034973145,2.936954145092074,0.7111737728118896,1,0.86644446849823,0.10192196337381998,0.8224999904632568
ctrlBpp,bank_n20,-0.032944440841674805,3.0909407917339786,0.6760678291320801,2,0.8624444603919983,0.09916347981823814,0.8295000195503235
ctrlBpp,bank_n20,-0.08116662502288818,2.944027650197243,0.7417545318603516,3,0.8826666474342346,0.11304145325554743,0.8015000224113464
ctrlBpp,bank_n20,-0.0431666374206543,2.9125652969765343,0.7349066734313965,4,0.862666666507721,0.10736086010270648,0.8195000290870667
cwd,bank_n20,0.15138888359069824,,1.0573863983154297,0,0.7871111035346985,0.08568201457129584,0.9384999871253967
cwd,bank_n20,0.09788888692855835,,1.1002473831176758,1,0.8091111183166504,0.07471051726076339,0.9070000052452087
cwd,bank_n20,0.16327780485153198,,1.0535109043121338,2,0.774222195148468,0.097015744805336,0.9375
cwd,bank_n20,0.1295555830001831,,1.1110072135925293,3,0.7724444270133972,0.07759375362926059,0.9020000100135803
cwd,bank_n20,0.12538892030715942,,1.091982364654541,4,0.801111102104187,0.07635873628987205,0.9265000224113464
fixed1,bank_n20,0.1295555830001831,1.0,0.694544792175293,0,0.7724444270133972,0.037353734559483,0.9020000100135803
fixed1,bank_n20,0.058444440364837646,1.0,0.6571111679077148,1,0.8255555629730225,0.040875408689181006,0.8840000033378601
fixed1,bank_n20,0.07983338832855225,1.0,0.6746761798858643,2,0.8046666383743286,0.05150008218818241,0.8845000267028809
fixed1,bank_n20,0.03888893127441406,1.0,0.6695055961608887,3,0.8251110911369324,0.038297052648332386,0.8640000224113464
fixed1,bank_n20,0.07116663455963135,1.0,0.6762964725494385,4,0.8073333501815796,0.03937915037737952,0.8784999847412109
none,bank_n20,0.2102222442626953,0.0,0.862480878829956,0,0.7437777519226074,0.14904612889554766,0.9539999961853027
none,bank_n20,0.13661110401153564,0.0,0.5314631462097168,1,0.7968888878822327,0.11514031417502298,0.9334999918937683
none,bank_n20,0.1954999566078186,0.0,0.5813257694244385,2,0.7620000243186951,0.13218172683980728,0.9574999809265137
none,bank_n20,0.16994446516036987,0.0,0.576887845993042,3,0.7675555348396301,0.11821390792396333,0.9375
none,bank_n20,0.19172227382659912,0.0,0.6087017059326172,4,0.7717777490615845,0.13400869387388228,0.9635000228881836
swd,bank_n20,0.19572222232818604,,0.8675456047058105,0,0.7557777762413025,0.1304105217523045,0.9514999985694885
swd,bank_n20,0.1433333158493042,,0.8348774909973145,1,0.7886666655540466,0.11063151478767395,0.9319999814033508
swd,bank_n20,0.18861109018325806,,0.8816678524017334,2,0.7688888907432556,0.13005273825592464,0.9574999809265137
swd,bank_n20,0.16699999570846558,,0.8881220817565918,3,0.7620000243186951,0.11617095790969002,0.9290000200271606
swd,bank_n20,0.19661110639572144,,0.8809239864349365,4,0.7668889164924622,0.12564145743846894,0.9635000228881836
adadecay,digits_full,0.026239454746246338,0.0,0.35962867736816406,0,0.9721707105636597,0.038068634293738454,0.998410165309906
adadecay,digits_full,0.022528886795043945,0.0,0.37471461296081543,1,0.9758812785148621,0.04765720811978342,0.998410165309906
adadecay,digits_full,0.029950082302093506,0.0,0.38668251037597656,2,0.9684600830078125,0.031787941042257815,0.998410165309906
adadecay,digits_full,0.029950082302093506,0.0,0.3474259376525879,3,0.9684600830078125,0.03210273799737,0.998410165309906
adadecay,digits_full,0.028094768524169922,0.0,0.37083911895751953,4,0.9703153967857361,0.036258873393230404,0.998410165309906
awd,digits_full,0.029684603214263916,,0.27250242233276367,0,0.9703153967857361,0.01970474164870763,1.0
awd,digits_full,0.027829289436340332,,0.2567267417907715,1,0.9721707105636597,0.011804855489111567,1.0
awd,digits_full,0.038961052894592285,,0.2691829204559326,2,0.9610389471054077,0.019755010591588348,1.0
awd,digits_full,0.03525048494338989,,0.2761530876159668,3,0.9647495150566101,0.011130480631384203,1.0
awd,digits_full,0.027829289436340332,,0.25633931159973145,4,0.9721707105636597,0.007547638245991298,1.0
ctrlA,digits_full,0.01325833797454834,5.381793253819845,0.2571125030517578,0,0.9628942608833313,0.15504404150488646,0.9761525988578796
ctrlA,digits_full,0.024124622344970703,5.494076424506218,0.2442178726196289,1,0.9536178112030029,0.15635770786007616,0.9777424335479736
ctrlA,digits_full,0.02147442102432251,5.228621539379945,0.24674725532531738,2,0.9554731249809265,0.1446004868493673,0.976947546005249
ctrlA,digits_full,0.018293321132659912,5.406368152116904,0.24443697929382324,3,0.9610389471054077,0.14851260563991064,0.9793322682380676
ctrlA,digits_full,0.014318764209747314,5.8103294469222035,0.24117565155029297,4,0.9610389471054077,0.1681298821445741,0.975357711315155
ctrlB,digits_full,0.02121490240097046,8.839845950761402,0.24742364883422852,0,0.9350649118423462,0.2679447364995121,0.9562798142433167
ctrlB,digits_full,0.02386653423309326,8.991150766395558,0.25115203857421875,1,0.9276437759399414,0.27625675601729216,0.9515103101730347
ctrlB,digits_full,0.02784109115600586,8.995995172289936,0.24183034896850586,2,0.9276437759399414,0.264098476556325,0.9554848670959473
ctrlB,digits_full,0.01750427484512329,8.99824065132658,0.24231886863708496,3,0.9387755393981934,0.27562424767216415,0.9562798142433167
ctrlB,digits_full,0.01856619119644165,9.623946627143393,0.22580981254577637,4,0.9313543438911438,0.3010047109372541,0.9499205350875854
ctrlBpp,digits_full,0.02121490240097046,8.839845950761402,0.23236799240112305,0,0.9350649118423462,0.2679447364995121,0.9562798142433167
ctrlBpp,digits_full,0.02386653423309326,8.991150766395558,0.2234969139099121,1,0.9276437759399414,0.27625675601729216,0.9515103101730347
ctrlBpp,digits_full,0.02784109115600586,8.995995172289936,0.2198047637939453,2,0.9276437759399414,0.264098476556325,0.9554848670959473
ctrlBpp,digits_full,0.01750427484512329,8.99824065132658,0.22897005081176758,3,0.9387755393981934,0.27562424767216415,0.9562798142433167
ctrlBpp,digits_full,0.01856619119644165,9.623946627143393,0.2250840663909912,4,0.9313543438911438,0.3010047109372541,0.9499205350875854
cwd,digits_full,0.025974035263061523,,0.27225160598754883,0,0.9740259647369385,0.016725052984393373,1.0
cwd,digits_full,0.025974035263061523,,0.2870452404022217,1,0.9740259647369385,0.01544828748879937,1.0
cwd,digits_full,0.0315399169921875,,0.28145599365234375,2,0.9684600830078125,0.015106948386317947,1.0
cwd,digits_full,0.03525048494338989,,0.27747154235839844,3,0.9647495150566101,0.014956457467822287,1.0
cwd,digits_full,0.02411872148513794,,0.29675722122192383,4,0.9758812785148621,0.008599438118801931,1.0
fixed1,digits_full,0.02438420057296753,1.0,0.21325349807739258,0,0.9740259647369385,0.03341022150414773,0.998410165309906
fixed1,digits_full,0.02146857976913452,1.0,0.22388720512390137,1,0.9777365326881409,0.04147867877762039,0.9992051124572754
fixed1,digits_full,0.028094768524169922,1.0,0.21454071998596191,2,0.9703153967857361,0.03602282915796552,0.998410165309906
fixed1,digits_full,0.031805336475372314,1.0,0.23512792587280273,3,0.9666048288345337,0.03353082907000809,0.998410165309906
fixed1,digits_full,0.020673632621765137,1.0,0.24532318115234375,4,0.9777365326881409,0.034476609420245566,0.998410165309906
none,digits_full,0.029684603214263916,0.0,0.27628111839294434,0,0.9703153967857361,0.019723033916087675,1.0
none,digits_full,0.027829289436340332,0.0,0.2299807071685791,1,0.9721707105636597,0.013037588468066836,1.0
none,digits_full,0.038961052894592285,0.0,0.21525812149047852,2,0.9610389471054077,0.019741957727301317,1.0
none,digits_full,0.0371057391166687,0.0,0.2003018856048584,3,0.9628942608833313,0.013009595074768633,1.0
none,digits_full,0.027829289436340332,0.0,0.20894503593444824,4,0.9721707105636597,0.006911388907671417,1.0
swd,digits_full,0.027829289436340332,,0.25440287590026855,0,0.9721707105636597,0.017063074187135433,1.0
swd,digits_full,0.027829289436340332,,0.2590749263763428,1,0.9721707105636597,0.01590838536260743,1.0
swd,digits_full,0.038961052894592285,,0.26522302627563477,2,0.9610389471054077,0.0169106637281478,1.0
swd,digits_full,0.03525048494338989,,0.2594931125640869,3,0.9647495150566101,0.009371795824595859,1.0
swd,digits_full,0.027829289436340332,,0.2471756935119629,4,0.9721707105636597,0.009363631702309857,1.0
adadecay,digits_n20,0.0024489760398864746,0.0,0.26777005195617676,0,0.8775510191917419,0.13063123285880998,0.8799999952316284
adadecay,digits_n20,0.026133596897125244,0.0,0.30673909187316895,1,0.847866415977478,0.10983165363212684,0.8740000128746033
adadecay,digits_n20,0.01387012004852295,0.0,0.28328490257263184,2,0.8701298832893372,0.12920228033870845,0.8840000033378601
adadecay,digits_n20,-0.007116913795471191,0.0,0.30527210235595703,3,0.8831169009208679,0.13072052089314293,0.8759999871253967
adadecay,digits_n20,-0.003406345844268799,0.0,0.3214433193206787,4,0.8794063329696655,0.1365751895590483,0.8759999871253967
awd,digits_n20,0.06300187110900879,,0.2376878261566162,0,0.8589981198310852,0.07515932423285518,0.921999990940094
awd,digits_n20,0.09454172849655151,,0.24510931968688965,1,0.8274582624435425,0.07608921853531711,0.921999990940094
awd,digits_n20,0.09868645668029785,,0.23453974723815918,2,0.8293135166168213,0.047481982296605725,0.9279999732971191
awd,digits_n20,0.07642298936843872,,0.2398970127105713,3,0.8515769839286804,0.06670747697353362,0.9279999732971191
awd,digits_n20,0.05929124355316162,,0.23117971420288086,4,0.8627087473869324,0.07149148161535138,0.921999990940094
ctrlA,digits_n20,-0.0818144679069519,5.740761466862653,0.21215581893920898,0,0.8998144865036011,0.33164048667630813,0.8180000185966492
ctrlA,digits_n20,-0.0646827220916748,5.76119391306573,0.20648550987243652,1,0.8886827230453491,0.3243292220116546,0.8240000009536743
ctrlA,digits_n20,-0.10109090805053711,5.333056616970057,0.18752098083496094,2,0.9090909361839294,0.3390187921904456,0.8080000281333923
ctrlA,digits_n20,-0.07795917987823486,5.530255645431507,0.2022686004638672,3,0.8979591727256775,0.3229275393906241,0.8199999928474426
ctrlA,digits_n20,-0.08195918798446655,5.774962963994392,0.18512654304504395,4,0.8979591727256775,0.33860751328530253,0.8159999847412109
ctrlB,digits_n20,-0.08540630340576172,7.628483233804026,0.1873304843902588,0,0.8794063329696655,0.38487035691295796,0.7940000295639038
ctrlB,digits_n20,-0.07412987947463989,7.663549374830158,0.17837858200073242,1,0.8701298832893372,0.38132371071981813,0.7960000038146973
ctrlB,digits_n20,-0.09711688756942749,7.448308978496117,0.17493844032287598,2,0.8831169009208679,0.3917554986277848,0.7860000133514404
ctrlB,digits_n20,-0.08355098962783813,7.57895738891811,0.17928218841552734,3,0.8775510191917419,0.3808326206976938,0.7940000295639038
ctrlB,digits_n20,-0.09126156568527222,7.5475876962060555,0.1744861602783203,4,0.8812615871429443,0.3924906702784749,0.7900000214576721
ctrlBpp,digits_n20,-0.08540630340576172,7.628483233804026,0.1771397590637207,0,0.8794063329696655,0.38487035691295796,0.7940000295639038
ctrlBpp,digits_n20,-0.07412987947463989,7.663549374830158,0.16631102561950684,1,0.8701298832893372,0.38132371071981813,0.7960000038146973
ctrlBpp,digits_n20,-0.09711688756942749,7.448308978496117,0.19013500213623047,2,0.8831169009208679,0.3917554986277848,0.7860000133514404
ctrlBpp,digits_n20,-0.08355098962783813,7.57895738891811,0.19036197662353516,3,0.8775510191917419,0.3808326206976938,0.7940000295639038
ctrlBpp,digits_n20,-0.09126156568527222,7.5475876962060555,0.15266919136047363,4,0.8812615871429443,0.3924906702784749,0.7900000214576721
cwd,digits_n20,0.06587010622024536,,0.2872347831726074,0,0.8701298832893372,0.0881723750500157,0.9359999895095825
cwd,digits_n20,0.09439706802368164,,0.2617630958557129,1,0.8256029486656189,0.04991637665177099,0.9200000166893005
cwd,digits_n20,0.09283119440078735,,0.26627206802368164,2,0.8311688303947449,0.0486580833986208,0.9240000247955322
cwd,digits_n20,0.07827824354171753,,0.2639307975769043,3,0.8497217297554016,0.07040724642090983,0.9279999732971191
cwd,digits_n20,0.057146549224853516,,0.25943708419799805,4,0.8608534336090088,0.08082007775722497,0.9179999828338623
fixed1,digits_n20,-0.014538049697875977,1.0,0.21329331398010254,0,0.8905380368232727,0.1431723260536707,0.8759999871253967
fixed1,digits_n20,0.031844139099121094,1.0,0.2161266803741455,1,0.8441558480262756,0.10308838266609771,0.8759999871253967
fixed1,digits_n20,0.0024489760398864746,1.0,0.22057557106018066,2,0.8775510191917419,0.13739357078672562,0.8799999952316284
fixed1,digits_n20,-0.003261566162109375,1.0,0.21386313438415527,3,0.8812615871429443,0.1328898936454794,0.878000020980835
fixed1,digits_n20,0.0004490017890930176,1.0,0.22114849090576172,4,0.8775510191917419,0.13010985372460177,0.878000020980835
none,digits_n20,0.06300187110900879,0.0,0.2020113468170166,0,0.8589981198310852,0.07836296302931649,0.921999990940094
none,digits_n20,0.09254175424575806,0.0,0.21002936363220215,1,0.8274582624435425,0.05587330497870418,0.9200000166893005
none,digits_n20,0.09868645668029785,0.0,0.21265363693237305,2,0.8293135166168213,0.04989755181301945,0.9279999732971191
none,digits_n20,0.07827824354171753,0.0,0.21941089630126953,3,0.8497217297554016,0.06478975317916091,0.9279999732971191
none,digits_n20,0.06300187110900879,0.0,0.19798779487609863,4,0.8589981198310852,0.07417902461009476,0.921999990940094
swd,digits_n20,0.05500185489654541,,0.24637055397033691,0,0.8589981198310852,0.081526708182687,0.9139999747276306
swd,digits_n20,0.09083116054534912,,0.2406902313232422,1,0.8311688303947449,0.05936181127803888,0.921999990940094
swd,digits_n20,0.08526527881622314,,0.23962664604187012,2,0.8367347121238708,0.059190682195997865,0.921999990940094
swd,digits_n20,0.06271243095397949,,0.2614305019378662,3,0.8552875518798828,0.06749379018352734,0.9179999828338623
swd,digits_n20,0.04743599891662598,,0.24037694931030273,4,0.8645640015602112,0.0720354111274231,0.9120000004768372
adadecay,mfeat_full,0.033571481704711914,0.0,0.46510982513427734,0,0.9649999737739563,0.03623464432855447,0.9985714554786682
adadecay,mfeat_full,0.03261905908584595,0.0,0.4874849319458008,1,0.9666666388511658,0.031003031035264333,0.9992856979370117
adadecay,mfeat_full,0.03595238924026489,0.0,0.49083900451660156,2,0.9633333086967468,0.02823310072223345,0.9992856979370117
adadecay,mfeat_full,0.029285669326782227,0.0,0.5144870281219482,3,0.9700000286102295,0.0342104168732961,0.9992856979370117
adadecay,mfeat_full,0.03428572416305542,0.0,0.533414363861084,4,0.9649999737739563,0.029852763265371327,0.9992856979370117
awd,mfeat_full,0.03333336114883423,,0.36505722999572754,0,0.9666666388511658,0.015466571822762487,1.0
awd,mfeat_full,0.0350000262260437,,0.3650693893432617,1,0.9649999737739563,0.009610025336345036,1.0
awd,mfeat_full,0.04000002145767212,,0.3787825107574463,2,0.9599999785423279,0.014369162519772848,1.0
awd,mfeat_full,0.03333336114883423,,0.3825538158416748,3,0.9666666388511658,0.017885736549894015,1.0
awd,mfeat_full,0.038333356380462646,,0.3599569797515869,4,0.9616666436195374,0.020104279816150667,1.0
ctrlA,mfeat_full,0.02571427822113037,4.699375804368947,0.25487804412841797,0,0.9549999833106995,0.12755513911445937,0.9807142615318298
ctrlA,mfeat_full,0.025000035762786865,4.518816804847421,0.2434535026550293,1,0.9549999833106995,0.1261418430507183,0.9800000190734863
ctrlA,mfeat_full,0.02190476655960083,4.485985439044254,0.2600734233856201,2,0.9616666436195374,0.1256829363107681,0.9835714101791382
ctrlA,mfeat_full,0.01952385902404785,4.322572015685888,0.2629871368408203,3,0.9633333086967468,0.12573554784059524,0.9828571677207947
ctrlA,mfeat_full,0.019285738468170166,4.820794242498309,0.27770209312438965,4,0.9599999785423279,0.1406827254096667,0.979285717010498
ctrlB,mfeat_full,0.023571431636810303,8.25377391519532,0.29941511154174805,0,0.9399999976158142,0.24716372619072594,0.9635714292526245
ctrlB,mfeat_full,0.01595240831375122,8.191549423090557,0.271068811416626,1,0.9433333277702332,0.24785598193605746,0.9592857360839844
ctrlB,mfeat_full,0.016666650772094727,8.062095449606321,0.29961180686950684,2,0.9483333230018616,0.25862669178595143,0.9649999737739563
ctrlB,mfeat_full,0.01619046926498413,7.8811016464678,0.27299976348876953,3,0.9466666579246521,0.250537389566501,0.9628571271896362
ctrlB,mfeat_full,0.013809561729431152,8.231677554813642,0.27037763595581055,4,0.9483333230018616,0.27248300708830353,0.9621428847312927
ctrlBpp,mfeat_full,0.023571431636810303,8.25377391519532,0.26015186309814453,0,0.9399999976158142,0.24716372619072594,0.9635714292526245
ctrlBpp,mfeat_full,0.01595240831375122,8.191549423090557,0.2541954517364502,1,0.9433333277702332,0.24785598193605746,0.9592857360839844
ctrlBpp,mfeat_full,0.016666650772094727,8.062095449606321,0.23874616622924805,2,0.9483333230018616,0.25862669178595143,0.9649999737739563
ctrlBpp,mfeat_full,0.01619046926498413,7.8811016464678,0.24585676193237305,3,0.9466666579246521,0.250537389566501,0.9628571271896362
ctrlBpp,mfeat_full,0.013809561729431152,8.231677554813642,0.24709725379943848,4,0.9483333230018616,0.27248300708830353,0.9621428847312927
cwd,mfeat_full,0.028333306312561035,,0.4055311679840088,0,0.971666693687439,0.010375803261995315,1.0
cwd,mfeat_full,0.031666696071624756,,0.38539576530456543,1,0.9683333039283752,0.015600674351056417,1.0
cwd,mfeat_full,0.0350000262260437,,0.38207340240478516,2,0.9649999737739563,0.013874140232801436,1.0
cwd,mfeat_full,0.028333306312561035,,0.35340070724487305,3,0.971666693687439,0.015303000708421072,1.0
cwd,mfeat_full,0.0350000262260437,,0.3536252975463867,4,0.9649999737739563,0.021208141644795737,1.0
fixed1,mfeat_full,0.03261905908584595,1.0,0.2828500270843506,0,0.9666666388511658,0.0369073519607385,0.9992856979370117
fixed1,mfeat_full,0.027619004249572754,1.0,0.2832951545715332,1,0.971666693687439,0.03747568503022194,0.9992856979370117
fixed1,mfeat_full,0.03595238924026489,1.0,0.26029419898986816,2,0.9633333086967468,0.034759070326884585,0.9992856979370117
fixed1,mfeat_full,0.029999971389770508,1.0,0.2503242492675781,3,0.9700000286102295,0.03189254244168599,1.0
fixed1,mfeat_full,0.0350000262260437,1.0,0.2614562511444092,4,0.9649999737739563,0.02897172838449478,1.0
none,mfeat_full,0.03333336114883423,0.0,0.26409101486206055,0,0.9666666388511658,0.015796935632824898,1.0
none,mfeat_full,0.0350000262260437,0.0,0.2652587890625,1,0.9649999737739563,0.011951206078131993,1.0
none,mfeat_full,0.04000002145767212,0.0,0.25078701972961426,2,0.9599999785423279,0.016108816315730412,1.0
none,mfeat_full,0.03333336114883423,0.0,0.24888253211975098,3,0.9666666388511658,0.01742287039756775,1.0
none,mfeat_full,0.038333356380462646,0.0,0.26254868507385254,4,0.9616666436195374,0.020226221879323325,1.0
swd,mfeat_full,0.029999971389770508,,0.36991405487060547,0,0.9700000286102295,0.01554002190629641,1.0
swd,mfeat_full,0.0350000262260437,,0.3851909637451172,1,0.9649999737739563,0.01024483491977056,1.0
swd,mfeat_full,0.04000002145767212,,0.36995768547058105,2,0.9599999785423279,0.011911919464667638,1.0
swd,mfeat_full,0.03333336114883423,,0.3594400882720947,3,0.9666666388511658,0.01105793928106626,1.0
swd,mfeat_full,0.0350000262260437,,0.35952067375183105,4,0.9649999737739563,0.021047768940528233,1.0
adadecay,mfeat_n20,0.04571425914764404,0.0,0.9225258827209473,0,0.8600000143051147,0.11676474052170913,0.9057142734527588
adadecay,mfeat_n20,0.02476191520690918,0.0,0.8926777839660645,1,0.8766666650772095,0.1330081124107043,0.9014285802841187
adadecay,mfeat_n20,0.028809547424316406,0.0,0.8730192184448242,2,0.8733333349227905,0.11749777694543204,0.9021428823471069
adadecay,mfeat_n20,0.03333336114883423,0.0,0.8719127178192139,3,0.8816666603088379,0.12065206470588843,0.9150000214576721
adadecay,mfeat_n20,0.03857141733169556,0.0,0.8270559310913086,4,0.8600000143051147,0.10293561309576035,0.8985714316368103
awd,mfeat_n20,0.20142853260040283,,0.5110199451446533,0,0.7900000214576721,0.050912985454003024,0.991428554058075
awd,mfeat_n20,0.212857186794281,,0.5048384666442871,1,0.7799999713897705,0.06230419350167115,0.9928571581840515
awd,mfeat_n20,0.18738090991973877,,0.47314906120300293,2,0.7983333468437195,0.05260684634248416,0.9857142567634583
awd,mfeat_n20,0.17666667699813843,,0.5033862590789795,3,0.8133333325386047,0.045096503992875424,0.9900000095367432
awd,mfeat_n20,0.19261902570724487,,0.48012661933898926,4,0.79666668176651,0.06039755899459123,0.9892857074737549
ctrlA,mfeat_n20,-0.13833332061767578,2.9531596015149923,0.6913156509399414,0,0.9383333325386047,0.2891445847352346,0.800000011920929
ctrlA,mfeat_n20,-0.13571429252624512,2.9165099702180832,0.685725212097168,1,0.9350000023841858,0.28089119173586374,0.7992857098579407
ctrlA,mfeat_n20,-0.12738096714019775,2.8919517472238985,0.7076139450073242,2,0.9266666769981384,0.2713808846473694,0.7992857098579407
ctrlA,mfeat_n20,-0.12166666984558105,2.867523661610009,0.6838490962982178,3,0.92166668176651,0.2626331954697768,0.800000011920929
ctrlA,mfeat_n20,-0.13333332538604736,2.9850625627678364,0.6516692638397217,4,0.9333333373069763,0.2793781906366348,0.800000011920929
ctrlB,mfeat_n20,-0.1604762077331543,4.713177933356576,0.6512148380279541,0,0.9383333325386047,0.355728726113836,0.7778571248054504
ctrlB,mfeat_n20,-0.15642857551574707,4.777343979136905,0.645338773727417,1,0.9350000023841858,0.3535993434488774,0.7785714268684387
ctrlB,mfeat_n20,-0.15619045495986938,4.7479559955336565,0.6596770286560059,2,0.9383333325386047,0.356747063845396,0.7821428775787354
ctrlB,mfeat_n20,-0.15142858028411865,4.673864701538107,0.7002925872802734,3,0.9300000071525574,0.3392666104684274,0.7785714268684387
ctrlB,mfeat_n20,-0.1614285707473755,4.902936147461215,0.677574872970581,4,0.9399999976158142,0.35804225400090217,0.7785714268684387
ctrlBpp,mfeat_n20,-0.1604762077331543,4.713177933356576,0.7200696468353271,0,0.9383333325386047,0.355728726113836,0.7778571248054504
ctrlBpp,mfeat_n20,-0.15642857551574707,4.777343979136905,0.6966049671173096,1,0.9350000023841858,0.3535993434488774,0.7785714268684387
ctrlBpp,mfeat_n20,-0.15619045495986938,4.7479559955336565,0.66599440574646,2,0.9383333325386047,0.356747063845396,0.7821428775787354
ctrlBpp,mfeat_n20,-0.15142858028411865,4.673864701538107,0.6314554214477539,3,0.9300000071525574,0.3392666104684274,0.7785714268684387
ctrlBpp,mfeat_n20,-0.1614285707473755,4.902936147461215,0.5611007213592529,4,0.9399999976158142,0.35804225400090217,0.7785714268684387
cwd,mfeat_n20,0.1778571605682373,,0.5543944835662842,0,0.8100000023841858,0.03444749678174655,0.9878571629524231
cwd,mfeat_n20,0.19904756546020508,,0.5311744213104248,1,0.7866666913032532,0.028617013966043794,0.9857142567634583
cwd,mfeat_n20,0.1778571605682373,,0.5674834251403809,2,0.800000011920929,0.04722369109590849,0.9778571724891663
cwd,mfeat_n20,0.19595235586166382,,0.5525510311126709,3,0.7933333516120911,0.040955870971083636,0.9892857074737549
cwd,mfeat_n20,0.15619051456451416,,0.5511813163757324,4,0.8316666483879089,0.04242475305994352,0.9878571629524231
fixed1,mfeat_n20,0.009999990463256836,1.0,0.6026527881622314,0,0.8799999952316284,0.14310243785381316,0.8899999856948853
fixed1,mfeat_n20,-0.0004761815071105957,1.0,0.6221320629119873,1,0.8833333253860474,0.1474394111831983,0.8828571438789368
fixed1,mfeat_n20,-0.0007143020629882812,1.0,0.6312792301177979,2,0.8849999904632568,0.14663626273473102,0.8842856884002686
fixed1,mfeat_n20,-0.001190483570098877,1.0,0.6442761421203613,3,0.8883333206176758,0.13722370356321334,0.8871428370475769
fixed1,mfeat_n20,0.004285693168640137,1.0,0.6646521091461182,4,0.8799999952316284,0.12613580976923305,0.8842856884002686
none,mfeat_n20,0.2030951976776123,0.0,0.5442905426025391,0,0.7883333563804626,0.06167514202495415,0.991428554058075
none,mfeat_n20,0.21047616004943848,0.0,0.5339622497558594,1,0.7816666960716248,0.056653908491134636,0.9921428561210632
none,mfeat_n20,0.1785714030265808,0.0,0.5447742938995361,2,0.8050000071525574,0.05035044401884079,0.9835714101791382
none,mfeat_n20,0.1909523606300354,0.0,0.5716361999511719,3,0.7983333468437195,0.049754618555307384,0.9892857074737549
none,mfeat_n20,0.17952382564544678,0.0,0.5626602172851562,4,0.8083333373069763,0.0640552810827891,0.9878571629524231
swd,mfeat_n20,0.19833332300186157,,0.49061012268066406,0,0.7916666865348816,0.05727130179603895,0.9900000095367432
swd,mfeat_n20,0.20523804426193237,,0.49051713943481445,1,0.7833333611488342,0.05320040186246237,0.9885714054107666
swd,mfeat_n20,0.1659523844718933,,0.4760594367980957,2,0.8133333325386047,0.04393259634574255,0.979285717010498
swd,mfeat_n20,0.17690473794937134,,0.4594278335571289,3,0.8116666674613953,0.030230414420366288,0.9885714054107666
swd,mfeat_n20,0.1726190447807312,,0.46709203720092773,4,0.8116666674613953,0.05947229440013568,0.9842857122421265
adadecay,phoneme_full,0.019237041473388672,0.0,1.0472607612609863,0,0.8396051526069641,0.02098634366559659,0.8588421940803528
adadecay,phoneme_full,0.039244890213012695,0.0,1.0143687725067139,1,0.8050585985183716,0.04524400354093567,0.8443034887313843
adadecay,phoneme_full,0.01703435182571411,0.0,0.9949295520782471,2,0.8383713960647583,0.02275454064050918,0.8554057478904724
adadecay,phoneme_full,0.029461979866027832,0.0,1.044201374053955,3,0.8180135488510132,0.026248614226205346,0.847475528717041
adadecay,phoneme_full,0.021707236766815186,0.0,1.0497722625732422,4,0.8223319053649902,0.04364583394470074,0.8440391421318054
awd,phoneme_full,0.018440723419189453,,0.7285740375518799,0,0.8581122756004333,0.02824849394057578,0.8765529990196228
awd,phoneme_full,0.025315523147583008,,0.6461219787597656,1,0.8470080494880676,0.020268949147435635,0.8723235726356506
awd,phoneme_full,0.01958632469177246,,0.6307923793792725,2,0.8574953675270081,0.016998073776734603,0.8770816922187805
awd,phoneme_full,0.02540343999862671,,0.6489448547363281,3,0.8482418060302734,0.02353644385740832,0.8736452460289001
awd,phoneme_full,0.013506114482879639,,0.6571190357208252,4,0.8593460917472839,0.01967075891806563,0.8728522062301636
ctrlA,phoneme_full,0.023994803428649902,0.815992403103454,0.5490272045135498,0,0.84145587682724,0.02500089846739866,0.8654506802558899
ctrlA,phoneme_full,0.034044623374938965,0.8235885815047443,0.5803449153900146,1,0.8136952519416809,0.033253013609663186,0.8477398753166199
ctrlA,phoneme_full,0.018179655075073242,0.8973840299696393,0.54567551612854,2,0.8396051526069641,0.01572535756485908,0.8577848076820374
ctrlA,phoneme_full,0.026288628578186035,0.9376972062591912,0.5513887405395508,3,0.8254163861274719,0.022832875153225633,0.851705014705658
ctrlA,phoneme_full,0.02117854356765747,0.8289851348045156,0.5806210041046143,4,0.8223319053649902,0.03195464383077651,0.8435104489326477
ctrlB,phoneme_full,0.016952991485595703,2.948322427666382,0.56215500831604,0,0.800123393535614,0.036459647123641546,0.8170763850212097
ctrlB,phoneme_full,0.024883568286895752,2.6378211077752747,0.5651040077209473,1,0.7982726693153381,0.05181312163915992,0.8231562376022339
ctrlB,phoneme_full,0.01695394515991211,2.9465382631766603,0.5536811351776123,2,0.7945712804794312,0.036342649934911056,0.8115252256393433
ctrlB,phoneme_full,0.026823103427886963,2.974845479689531,0.581979513168335,3,0.79210364818573,0.03280947568385709,0.8189267516136169
ctrlB,phoneme_full,0.01668769121170044,3.0274677453106285,0.5872561931610107,4,0.8056755065917969,0.04835504352274241,0.8223631978034973
ctrlBpp,phoneme_full,0.016952991485595703,2.948322427666382,0.5833950042724609,0,0.800123393535614,0.036459647123641546,0.8170763850212097
ctrlBpp,phoneme_full,0.024883568286895752,2.6378211077752747,0.5627474784851074,1,0.7982726693153381,0.05181312163915992,0.8231562376022339
ctrlBpp,phoneme_full,0.01695394515991211,2.9465382631766603,0.5903439521789551,2,0.7945712804794312,0.036342649934911056,0.8115252256393433
ctrlBpp,phoneme_full,0.026823103427886963,2.974845479689531,0.58449387550354,3,0.79210364818573,0.03280947568385709,0.8189267516136169
ctrlBpp,phoneme_full,0.01668769121170044,3.0274677453106285,0.596804141998291,4,0.8056755065917969,0.04835504352274241,0.8223631978034973
cwd,phoneme_full,0.013418614864349365,,0.7168574333190918,0,0.8562615513801575,0.02979153983023783,0.8696801662445068
cwd,phoneme_full,0.037919580936431885,,0.7195212841033936,1,0.8254163861274719,0.031029981827015204,0.8633359670639038
cwd,phoneme_full,0.021525859832763672,,0.7352688312530518,2,0.8513263463973999,0.01821528576466127,0.8728522062301636
cwd,phoneme_full,0.024788200855255127,,0.8567054271697998,3,0.8396051526069641,0.0205541143514432,0.8643933534622192
cwd,phoneme_full,0.016502797603607178,,0.8438966274261475,4,0.8550277352333069,0.012341553895727931,0.8715305328369141
fixed1,phoneme_full,0.02575826644897461,1.0,0.5392894744873047,0,0.8346699476242065,0.025628936761400715,0.8604282140731812
fixed1,phoneme_full,0.03774672746658325,1.0,0.5593559741973877,1,0.8062924146652222,0.042216544291768666,0.8440391421318054
fixed1,phoneme_full,0.015536904335021973,1.0,0.5815989971160889,2,0.8359037637710571,0.02129513723919378,0.8514406681060791
fixed1,phoneme_full,0.023910164833068848,1.0,0.5785586833953857,3,0.8217149972915649,0.022612371741070714,0.8456251621246338
fixed1,phoneme_full,0.023557960987091064,1.0,0.5766959190368652,4,0.8204811811447144,0.03777325476929407,0.8440391421318054
none,phoneme_full,0.015356838703155518,0.0,0.4806220531463623,0,0.8574953675270081,0.033054357910509244,0.8728522062301636
none,phoneme_full,0.026726126670837402,0.0,0.5147829055786133,1,0.8426896929740906,0.02256082984711343,0.869415819644928
none,phoneme_full,0.020027101039886475,0.0,0.520510196685791,2,0.8562615513801575,0.019865196108597435,0.876288652420044
none,phoneme_full,0.024434328079223633,0.0,0.5133011341094971,3,0.8476248979568481,0.026096325020669497,0.8720592260360718
none,phoneme_full,0.01341789960861206,0.0,0.5194320678710938,4,0.8599629998207092,0.0207096631699032,0.8733808994293213
swd,phoneme_full,0.02275937795639038,,0.6425766944885254,0,0.8519432544708252,0.030613161232793576,0.8747026324272156
swd,phoneme_full,0.03113234043121338,,0.592888355255127,1,0.8396051526069641,0.01696699791525265,0.8707374930381775
swd,phoneme_full,0.020115315914154053,,0.6411492824554443,2,0.8556446433067322,0.01437662987706104,0.8757599592208862
swd,phoneme_full,0.02161473035812378,,0.6333391666412354,3,0.8470080494880676,0.0264933798726439,0.8686227798461914
swd,phoneme_full,0.014034807682037354,,0.579024076461792,4,0.8593460917472839,0.026662278329789235,0.8733808994293213
adadecay,phoneme_n20,-0.08872759342193604,0.0,1.123396635055542,0,0.8112276196479797,0.12435311067994181,0.7225000262260437
adadecay,phoneme_n20,-0.08835721015930176,0.0,1.1704661846160889,1,0.8013572096824646,0.13514333816312996,0.7129999995231628
adadecay,phoneme_n20,-0.09646141529083252,0.0,1.124983549118042,2,0.8124614357948303,0.13998916537433698,0.7160000205039978
adadecay,phoneme_n20,-0.08705860376358032,0.0,1.08223557472229,3,0.8050585985183716,0.1275223767147029,0.7179999947547913
adadecay,phoneme_n20,-0.09787696599960327,0.0,1.131737470626831,4,0.8093769550323486,0.1450047400687522,0.7114999890327454
awd,phoneme_n20,-0.07246142625808716,,0.732750654220581,0,0.8124614357948303,0.11933108706447829,0.7400000095367432
awd,phoneme_n20,-0.06876003742218018,,0.7499258518218994,1,0.8087600469589233,0.1161624737759566,0.7400000095367432
awd,phoneme_n20,-0.0821107029914856,,0.7777009010314941,2,0.8106107115745544,0.10056121219903288,0.7285000085830688
awd,phoneme_n20,-0.08216285705566406,,0.7719016075134277,3,0.8161628842353821,0.0945125355314576,0.734000027179718
awd,phoneme_n20,-0.08222764730453491,,0.7500367164611816,4,0.8112276196479797,0.11301404579710915,0.7289999723434448
ctrlA,phoneme_n20,-0.08607834577560425,0.452157334120485,0.5733993053436279,0,0.8130783438682556,0.11606060594485763,0.7269999980926514
ctrlA,phoneme_n20,-0.08022761344909668,0.4829987340197819,0.6635522842407227,1,0.8112276196479797,0.1307861781980725,0.7310000061988831
ctrlA,phoneme_n20,-0.09049379825592041,0.43058841650949686,0.6225826740264893,2,0.8099938035011292,0.12080007151716067,0.7195000052452087
ctrlA,phoneme_n20,-0.08117550611495972,0.547184213951113,0.6553165912628174,3,0.8056755065917969,0.12710927495759333,0.7245000004768372
ctrlA,phoneme_n20,-0.0883445143699646,0.4036270283999093,0.7365357875823975,4,0.811844527721405,0.1306626474614646,0.7235000133514404
ctrlB,phoneme_n20,-0.07853883504867554,1.1704036186363502,0.7217044830322266,0,0.7970388531684875,0.132805288444692,0.718500018119812
ctrlB,phoneme_n20,-0.08817553520202637,0.9496865859926226,0.6728174686431885,1,0.8056755065917969,0.13166883365376947,0.7174999713897705
ctrlB,phoneme_n20,-0.09199380874633789,1.028332913898524,0.6560144424438477,2,0.8099938035011292,0.1407600916660104,0.7179999947547913
ctrlB,phoneme_n20,-0.08259093761444092,0.8700045334860663,0.7016181945800781,3,0.8025909662246704,0.12749727352543572,0.7200000286102295
ctrlB,phoneme_n20,-0.10104596614837646,1.2142520471832172,0.6791903972625732,4,0.8155459761619568,0.15064584263896294,0.7145000100135803
ctrlBpp,phoneme_n20,-0.07853883504867554,1.1704036186363502,0.6666922569274902,0,0.7970388531684875,0.132805288444692,0.718500018119812
ctrlBpp,phoneme_n20,-0.08817553520202637,0.9496865859926226,0.6368727684020996,1,0.8056755065917969,0.13166883365376947,0.7174999713897705
ctrlBpp,phoneme_n20,-0.09199380874633789,1.028332913898524,0.6968586444854736,2,0.8099938035011292,0.1407600916660104,0.7179999947547913
ctrlBpp,phoneme_n20,-0.08259093761444092,0.8700045334860663,0.6823160648345947,3,0.8025909662246704,0.12749727352543572,0.7200000286102295
ctrlBpp,phoneme_n20,-0.10104596614837646,1.2142520471832172,0.6927490234375,4,0.8155459761619568,0.15064584263896294,0.7145000100135803
cwd,phoneme_n20,-0.08842909336090088,,1.0861225128173828,0,0.8149290680885315,0.10827566873578653,0.7264999747276306
cwd,phoneme_n20,-0.08261072635650635,,1.1175730228424072,1,0.8106107115745544,0.12452467171076562,0.7279999852180481
cwd,phoneme_n20,-0.08415573835372925,,1.0789644718170166,2,0.7976557612419128,0.119573489888666,0.7135000228881836
cwd,phoneme_n20,-0.07429242134094238,,1.0630779266357422,3,0.8062924146652222,0.12232555312039599,0.7319999933242798
cwd,phoneme_n20,-0.0869290828704834,,1.023688554763794,4,0.8149290680885315,0.13128298609290573,0.7279999852180481
fixed1,phoneme_n20,-0.08435720205307007,1.0,0.6943612098693848,0,0.8013572096824646,0.1255964783516142,0.7170000076293945
fixed1,phoneme_n20,-0.09259098768234253,1.0,0.6727745532989502,1,0.8025909662246704,0.13721234738863522,0.7099999785423279
fixed1,phoneme_n20,-0.0957600474357605,1.0,0.6680545806884766,2,0.8087600469589233,0.14280477666251823,0.7129999995231628
fixed1,phoneme_n20,-0.0884740948677063,1.0,0.6268668174743652,3,0.8019741177558899,0.12393256393131982,0.7135000228881836
fixed1,phoneme_n20,-0.09892904758453369,1.0,0.664910078048706,4,0.8149290680885315,0.14663335031965938,0.7160000205039978
none,phoneme_n20,-0.07751357555389404,0.0,0.7805306911468506,0,0.8180135488510132,0.10819991406358959,0.7404999732971191
none,phoneme_n20,-0.06855857372283936,0.0,0.7864432334899902,1,0.8050585985183716,0.11459968565864961,0.7365000247955322
none,phoneme_n20,-0.07676005363464355,0.0,0.7842483520507812,2,0.8087600469589233,0.10398424782185257,0.7319999933242798
none,phoneme_n20,-0.08477979898452759,0.0,0.7517392635345459,3,0.8167797923088074,0.09660547806259145,0.7319999933242798
none,phoneme_n20,-0.07444167137145996,0.0,0.6540994644165039,4,0.8044416904449463,0.10903656519466827,0.7300000190734863
swd,phoneme_n20,-0.0763445496559143,,0.7719991207122803,0,0.811844527721405,0.1089634950663998,0.7354999780654907
swd,phoneme_n20,-0.07481217384338379,,0.8563592433929443,1,0.8143121600151062,0.11881665526018845,0.7394999861717224
swd,phoneme_n20,-0.08609098196029663,,0.9113271236419678,2,0.8025909662246704,0.09835085513634421,0.7164999842643738
swd,phoneme_n20,-0.07996141910552979,,0.893723726272583,3,0.8124614357948303,0.10854567823624772,0.7325000166893005
swd,phoneme_n20,-0.08769524097442627,,0.9318983554840088,4,0.8136952519416809,0.12055659948639633,0.7260000109672546
adadecay,qsar_full,0.060734689235687256,0.0,0.2305750846862793,0,0.8702531456947327,0.06012274419205098,0.9309878349304199
adadecay,qsar_full,0.05486375093460083,0.0,0.20942211151123047,1,0.8734177350997925,0.06675994113276276,0.9282814860343933
adadecay,qsar_full,0.0584864616394043,0.0,0.20853042602539062,2,0.8670886158943176,0.06592832769774183,0.9255750775337219
adadecay,qsar_full,0.07022833824157715,0.0,0.21165037155151367,3,0.8607594966888428,0.053193738000302374,0.9309878349304199
adadecay,qsar_full,0.05667513608932495,0.0,0.23463845252990723,4,0.8702531456947327,0.06291946184031572,0.9269282817840576
awd,qsar_full,0.0638992190361023,,0.15340948104858398,0,0.8670886158943176,0.06261043344871907,0.9309878349304199
awd,qsar_full,0.06344103813171387,,0.1594531536102295,1,0.8702531456947327,0.08420617388019079,0.9336941838264465
awd,qsar_full,0.06706380844116211,,0.16517090797424316,2,0.8639240264892578,0.08055725061818014,0.9309878349304199
awd,qsar_full,0.06841695308685303,,0.169097900390625,3,0.8639240264892578,0.06103537165665928,0.9323409795761108
awd,qsar_full,0.06571060419082642,,0.16949892044067383,4,0.8639240264892578,0.06504005306883703,0.9296346306800842
ctrlA,qsar_full,0.05532193183898926,1.6986859569506307,0.15040993690490723,0,0.8702531456947327,0.061315625811679444,0.9255750775337219
ctrlA,qsar_full,0.0503460168838501,1.598898664095612,0.14447283744812012,1,0.8765822649002075,0.06433876783032962,0.9269282817840576
ctrlA,qsar_full,0.05126243829727173,1.455285752834208,0.1384124755859375,2,0.8702531456947327,0.06102748309509664,0.9215155839920044
ctrlA,qsar_full,0.06752198934555054,1.869071056923635,0.14143776893615723,3,0.8607594966888428,0.06039155453820773,0.9282814860343933
ctrlA,qsar_full,0.05983966588973999,1.67395781162784,0.14108777046203613,4,0.8670886158943176,0.059695268922214266,0.9269282817840576
ctrlB,qsar_full,0.06031930446624756,9.036464050629217,0.14598679542541504,0,0.8544303774833679,0.04181789748276337,0.9147496819496155
ctrlB,qsar_full,0.06483697891235352,8.39590066026581,0.14580678939819336,1,0.8512658476829529,0.04439203808956508,0.9161028265953064
ctrlB,qsar_full,0.06167244911193848,8.2890295438899,0.1455845832824707,2,0.8544303774833679,0.029503105184699913,0.9161028265953064
ctrlB,qsar_full,0.05761289596557617,8.926041470588613,0.14554333686828613,3,0.8544303774833679,0.025053978626486624,0.9120432734489441
ctrlB,qsar_full,0.053990185260772705,8.745601235669028,0.15541934967041016,4,0.8607594966888428,0.035967365095887,0.9147496819496155
ctrlBpp,qsar_full,0.06031930446624756,9.036464050629217,0.1537342071533203,0,0.8544303774833679,0.04181789748276337,0.9147496819496155
ctrlBpp,qsar_full,0.06483697891235352,8.39590066026581,0.13836002349853516,1,0.8512658476829529,0.04439203808956508,0.9161028265953064
ctrlBpp,qsar_full,0.06167244911193848,8.2890295438899,0.1519932746887207,2,0.8544303774833679,0.029503105184699913,0.9161028265953064
ctrlBpp,qsar_full,0.05761289596557617,8.926041470588613,0.14942288398742676,3,0.8544303774833679,0.025053978626486624,0.9120432734489441
ctrlBpp,qsar_full,0.053990185260772705,8.745601235669028,0.15098857879638672,4,0.8607594966888428,0.035967365095887,0.9147496819496155
cwd,qsar_full,0.0666055679321289,,0.17512989044189453,0,0.8670886158943176,0.06001586495321008,0.9336941838264465
cwd,qsar_full,0.06298279762268066,,0.15696287155151367,1,0.8734177350997925,0.07506468948684161,0.9364005327224731
cwd,qsar_full,0.07339292764663696,,0.14910411834716797,2,0.857594907283783,0.0664618975376781,0.9309878349304199
cwd,qsar_full,0.0666055679321289,,0.15195298194885254,3,0.8670886158943176,0.0658077065703235,0.9336941838264465
cwd,qsar_full,0.07474607229232788,,0.15604853630065918,4,0.857594907283783,0.07350998418995096,0.9323409795761108
fixed1,qsar_full,0.060734689235687256,1.0,0.14548563957214355,0,0.8702531456947327,0.0569074566039858,0.9309878349304199
fixed1,qsar_full,0.05169922113418579,1.0,0.1688241958618164,1,0.8765822649002075,0.06963094144682341,0.9282814860343933
fixed1,qsar_full,0.0584864616394043,1.0,0.15086817741394043,2,0.8670886158943176,0.07125492337383801,0.9255750775337219
fixed1,qsar_full,0.06706380844116211,1.0,0.1483464241027832,3,0.8639240264892578,0.05914148273347299,0.9309878349304199
fixed1,qsar_full,0.058028340339660645,1.0,0.15152645111083984,4,0.8702531456947327,0.06201404219941248,0.9282814860343933
none,qsar_full,0.0625460147857666,0.0,0.11466836929321289,0,0.8670886158943176,0.06249560132811341,0.9296346306800842
none,qsar_full,0.06344103813171387,0.0,0.10654759407043457,1,0.8702531456947327,0.08132847313639485,0.9336941838264465
none,qsar_full,0.06841695308685303,0.0,0.10982561111450195,2,0.8639240264892578,0.07894244818370552,0.9323409795761108
none,qsar_full,0.06977015733718872,0.0,0.11847686767578125,3,0.8639240264892578,0.06424580967124505,0.9336941838264465
none,qsar_full,0.06706380844116211,0.0,0.14148879051208496,4,0.8639240264892578,0.06525608991520314,0.9309878349304199
swd,qsar_full,0.062087833881378174,,0.17736458778381348,0,0.8702531456947327,0.065332043585898,0.9323409795761108
swd,qsar_full,0.06027644872665405,,0.15096235275268555,1,0.8734177350997925,0.0799238644068754,0.9336941838264465
swd,qsar_full,0.06706380844116211,,0.1537463665008545,2,0.8639240264892578,0.07203733855033223,0.9309878349304199
swd,qsar_full,0.07022833824157715,,0.13774323463439941,3,0.8607594966888428,0.05704661958579776,0.9309878349304199
swd,qsar_full,0.0638992190361023,,0.14376258850097656,4,0.8670886158943176,0.0635235368073741,0.9309878349304199
adadecay,qsar_n20,0.10693550109863281,0.0,0.4600260257720947,0,0.7848101258277893,0.07508654534062252,0.8917456269264221
adadecay,qsar_n20,0.12504929304122925,0.0,0.4313361644744873,1,0.753164529800415,0.06671984776665893,0.8782138228416443
adadecay,qsar_n20,0.09250867366790771,0.0,0.44350671768188477,2,0.7816455960273743,0.06342066711262812,0.874154269695282
adadecay,qsar_n20,0.12053149938583374,0.0,0.44283103942871094,3,0.7563291192054749,0.08158048100863831,0.8768606185913086
adadecay,qsar_n20,0.07216817140579224,0.0,0.46799778938293457,4,0.800632894039154,0.049641338141658636,0.8728010654449463
awd,qsar_n20,0.15525603294372559,,0.29448699951171875,0,0.7594936490058899,0.10047404090814951,0.9147496819496155
awd,qsar_n20,0.16433429718017578,,0.31157398223876953,1,0.7341772317886353,0.13078795090506348,0.898511528968811
awd,qsar_n20,0.12411141395568848,,0.32221150398254395,2,0.7689873576164246,0.11290757773043235,0.893098771572113
awd,qsar_n20,0.14761650562286377,,0.2996368408203125,3,0.746835470199585,0.11845829328404198,0.8944519758224487
awd,qsar_n20,0.12046730518341064,,0.310516357421875,4,0.7848101258277893,0.10905432833146445,0.9052774310112
ctrlA,qsar_n20,0.09835821390151978,1.2910151040886177,0.2822685241699219,0,0.7879746556282043,0.06402501397872273,0.8863328695297241
ctrlA,qsar_n20,0.12777704000473022,1.2808726121753102,0.26014137268066406,1,0.7436708807945251,0.062442951470236235,0.8714479207992554
ctrlA,qsar_n20,0.09115546941757202,1.3559946785838262,0.26486754417419434,2,0.7816455960273743,0.045503472697131245,0.8728010654449463
ctrlA,qsar_n20,0.11468201875686646,1.3029925902969515,0.2705526351928711,3,0.75,0.06260516390770296,0.8646820187568665
ctrlA,qsar_n20,0.0495794415473938,1.3614661019733356,0.26093244552612305,4,0.8164557218551636,0.06386122748821596,0.8660351634025574
ctrlB,qsar_n20,0.009442269802093506,4.099008706824675,0.27025747299194336,0,0.8132911324501038,0.07601224725382237,0.8227334022521973
ctrlB,qsar_n20,0.01171189546585083,4.104962047437342,0.27772951126098633,1,0.8069620132446289,0.08065303405628929,0.8186739087104797
ctrlB,qsar_n20,0.030219614505767822,4.155258612218233,0.28934311866760254,2,0.800632894039154,0.049946239854716044,0.8308525085449219
ctrlB,qsar_n20,0.03790193796157837,4.129075306942295,0.2782149314880371,3,0.7943037748336792,0.09352340351177167,0.8322057127952576
ctrlB,qsar_n20,0.02751326560974121,4.138744271044253,0.27724218368530273,4,0.800632894039154,0.05850379451920715,0.8281461596488953
ctrlBpp,qsar_n20,0.009442269802093506,4.099008706824675,0.2700345516204834,0,0.8132911324501038,0.07601224725382237,0.8227334022521973
ctrlBpp,qsar_n20,0.01171189546585083,4.104962047437342,0.26223063468933105,1,0.8069620132446289,0.08065303405628929,0.8186739087104797
ctrlBpp,qsar_n20,0.030219614505767822,4.155258612218233,0.25789308547973633,2,0.800632894039154,0.049946239854716044,0.8308525085449219
ctrlBpp,qsar_n20,0.03790193796157837,4.129075306942295,0.26328325271606445,3,0.7943037748336792,0.09352340351177167,0.8322057127952576
ctrlBpp,qsar_n20,0.02751326560974121,4.138744271044253,0.28227996826171875,4,0.800632894039154,0.05850379451920715,0.8281461596488953
cwd,qsar_n20,0.13177233934402466,,0.33342838287353516,0,0.7721518874168396,0.11528353129006641,0.9039242267608643
cwd,qsar_n20,0.15486198663711548,,0.3366074562072754,1,0.7341772317886353,0.12180532939449142,0.8890392184257507
cwd,qsar_n20,0.14626330137252808,,0.34622645378112793,2,0.746835470199585,0.1093535410075248,0.893098771572113
cwd,qsar_n20,0.11645054817199707,,0.3565678596496582,3,0.7658227682113647,0.1144930090330824,0.8822733163833618
cwd,qsar_n20,0.11370140314102173,,0.38791680335998535,4,0.7848101258277893,0.11372158822568157,0.898511528968811
fixed1,qsar_n20,0.10739362239837646,1.0,0.2708301544189453,0,0.7816455960273743,0.05964844570129733,0.8890392184257507
fixed1,qsar_n20,0.12504929304122925,1.0,0.2652161121368408,1,0.753164529800415,0.07538610394996934,0.8782138228416443
fixed1,qsar_n20,0.07441633939743042,1.0,0.2753615379333496,2,0.8037974834442139,0.08114561721493925,0.8782138228416443
fixed1,qsar_n20,0.12596559524536133,1.0,0.2841970920562744,3,0.746835470199585,0.09170595273564133,0.8728010654449463
fixed1,qsar_n20,0.07306313514709473,1.0,0.27997612953186035,4,0.8037974834442139,0.056396696197835695,0.8768606185913086
none,qsar_n20,0.15752559900283813,0.0,0.25319552421569824,0,0.753164529800415,0.10891489401648316,0.9106901288032532
none,qsar_n20,0.16071152687072754,0.0,0.2384941577911377,1,0.7405063509941101,0.11854334194448929,0.9012178778648376
none,qsar_n20,0.12771278619766235,0.0,0.274566650390625,2,0.7721518874168396,0.11987804404542415,0.899864673614502
none,qsar_n20,0.14626330137252808,0.0,0.2790822982788086,3,0.746835470199585,0.11327381347176393,0.893098771572113
none,qsar_n20,0.1254432201385498,0.0,0.2641761302947998,4,0.7784810066223145,0.09226483276373224,0.9039242267608643
swd,qsar_n20,0.15525603294372559,,0.28794097900390625,0,0.7594936490058899,0.10056099427651755,0.9147496819496155
swd,qsar_n20,0.15892153978347778,,0.29944372177124023,1,0.7341772317886353,0.11560538090482543,0.893098771572113
swd,qsar_n20,0.139934241771698,,0.30799293518066406,2,0.753164529800415,0.10203518624169916,0.893098771572113
swd,qsar_n20,0.14220374822616577,,0.30028390884399414,3,0.746835470199585,0.10245525403113304,0.8890392184257507
swd,qsar_n20,0.11865592002868652,,0.290114164352417,4,0.7879746556282043,0.0965238756771329,0.9066305756568909
adadecay,satimage_full,0.01761317253112793,0.0,0.9990167617797852,0,0.8859512805938721,0.02131459299241279,0.903564453125
adadecay,satimage_full,0.01181405782699585,0.0,1.0325250625610352,1,0.8849144577980042,0.026641384887225644,0.896728515625
adadecay,satimage_full,0.018131613731384277,0.0,1.011112928390503,2,0.8854328393936157,0.01848786154703009,0.903564453125
adadecay,satimage_full,0.014228522777557373,0.0,1.0373282432556152,3,0.8895800709724426,0.01976752458859627,0.90380859375
adadecay,satimage_full,0.01901775598526001,0.0,1.0359618663787842,4,0.88698810338974,0.027642874048125748,0.906005859375
awd,satimage_full,0.025619089603424072,,0.7608492374420166,0,0.8994297385215759,0.02240128854570641,0.925048828125
awd,satimage_full,0.02656233310699463,,0.6380939483642578,1,0.8958009481430054,0.01878112423228377,0.92236328125
awd,satimage_full,0.024033725261688232,,0.6547622680664062,2,0.9015033841133118,0.007820417591795024,0.925537109375
awd,satimage_full,0.01966935396194458,,0.6574616432189941,3,0.9009849429130554,0.022496746203144204,0.920654296875
awd,satimage_full,0.036147236824035645,,0.642160177230835,4,0.8989113569259644,0.015176431657799545,0.93505859375
ctrlA,satimage_full,0.011687219142913818,1.599253981962976,0.5595214366912842,0,0.8786936402320862,0.01866098940217971,0.890380859375
ctrlA,satimage_full,0.01086127758026123,1.5426722773577128,0.5725910663604736,1,0.8761016130447388,0.03202413065004621,0.886962890625
ctrlA,satimage_full,0.01018911600112915,1.450042281578778,0.5604007244110107,2,0.8750647902488708,0.029523733228893095,0.88525390625
ctrlA,satimage_full,0.010984957218170166,1.5797150939880344,0.5524518489837646,3,0.8781751990318298,0.025860663613486996,0.88916015625
ctrlA,satimage_full,0.016265690326690674,1.6495565676762314,0.5651819705963135,4,0.8797304034233093,0.034664565530263314,0.89599609375
ctrlB,satimage_full,0.012153387069702148,3.503098946602404,0.5552849769592285,0,0.8496630191802979,0.04032690258394442,0.86181640625
ctrlB,satimage_full,0.0044106245040893555,3.1317885314905243,0.5557844638824463,1,0.8610678911209106,0.042903513952263155,0.865478515625
ctrlB,satimage_full,0.012858808040618896,3.184128268675785,0.530951738357544,2,0.8543286919593811,0.032159211785141945,0.8671875
ctrlB,satimage_full,0.013527870178222656,3.4575754801340555,0.5738279819488525,3,0.8512182235717773,0.029967055373577457,0.86474609375
ctrlB,satimage_full,0.022982776165008545,3.190533910826977,0.5639209747314453,4,0.8439605832099915,0.03335857619625599,0.866943359375
ctrlBpp,satimage_full,0.012153387069702148,3.503098946602404,0.5727050304412842,0,0.8496630191802979,0.04032690258394442,0.86181640625
ctrlBpp,satimage_full,0.0044106245040893555,3.1317885314905243,0.5422146320343018,1,0.8610678911209106,0.042903513952263155,0.865478515625
ctrlBpp,satimage_full,0.012858808040618896,3.184128268675785,0.5320186614990234,2,0.8543286919593811,0.032159211785141945,0.8671875
ctrlBpp,satimage_full,0.013527870178222656,3.4575754801340555,0.5711345672607422,3,0.8512182235717773,0.029967055373577457,0.86474609375
ctrlBpp,satimage_full,0.022982776165008545,3.190533910826977,0.5873212814331055,4,0.8439605832099915,0.03335857619625599,0.866943359375
cwd,satimage_full,0.01948857307434082,,0.8152656555175781,0,0.9040954113006592,0.015862425840413898,0.923583984375
cwd,satimage_full,0.023207783699035645,,0.8214898109436035,1,0.8989113569259644,0.01878833532827762,0.922119140625
cwd,satimage_full,0.021836459636688232,,0.8156235218048096,2,0.9015033841133118,0.01771041613406255,0.92333984375
cwd,satimage_full,0.013291537761688232,,0.774151086807251,3,0.9015033841133118,0.01419465967631204,0.914794921875
cwd,satimage_full,0.024977028369903564,,0.754481315612793,4,0.8978745341300964,0.008618666632549944,0.9228515625
fixed1,satimage_full,0.016054809093475342,1.0,0.594933032989502,0,0.8833592534065247,0.019026717446269367,0.8994140625
fixed1,satimage_full,0.013549983501434326,1.0,0.6160404682159424,1,0.8802488446235657,0.027983024276063008,0.893798828125
fixed1,satimage_full,0.012088298797607422,1.0,0.6076722145080566,2,0.8843960762023926,0.021566310398253585,0.896484375
fixed1,satimage_full,0.011235415935516357,1.0,0.5830550193786621,3,0.8864696621894836,0.012224938088961374,0.897705078125
fixed1,satimage_full,0.015295445919036865,1.0,0.590430498123169,4,0.8880248665809631,0.022350153569547296,0.9033203125
none,satimage_full,0.028394997119903564,0.0,0.5569033622741699,0,0.8978745341300964,0.020369545119670217,0.92626953125
none,satimage_full,0.02711087465286255,0.0,0.5261998176574707,1,0.8947641253471375,0.017316055288581787,0.921875
none,satimage_full,0.02375948429107666,0.0,0.556938648223877,2,0.9020217657089233,0.015046538421068248,0.92578125
none,satimage_full,0.01893693208694458,0.0,0.5163497924804688,3,0.9009849429130554,0.018685898535482744,0.919921875
none,satimage_full,0.035170674324035645,0.0,0.5484440326690674,4,0.8989113569259644,0.01841064324306045,0.93408203125
swd,satimage_full,0.024977028369903564,,0.6323766708374023,0,0.8978745341300964,0.017775981938548506,0.9228515625
swd,satimage_full,0.02842193841934204,,0.637397050857544,1,0.893208920955658,0.017497894506246826,0.921630859375
swd,satimage_full,0.02028125524520874,,0.734961986541748,2,0.9030585885047913,0.012960424952830844,0.92333984375
swd,satimage_full,0.014940321445465088,,0.7323625087738037,3,0.9025401473045349,0.01701848348723353,0.91748046875
swd,satimage_full,0.03343158960342407,,0.7131204605102539,4,0.8994297385215759,0.014812567726573281,0.932861328125
adadecay,satimage_n20,-0.14706790447235107,0.0,0.9917759895324707,0,0.8610678911209106,0.1765778546369774,0.7139999866485596
adadecay,satimage_n20,-0.13960468769073486,0.0,1.031883955001831,1,0.8621047139167786,0.19725420318655917,0.7225000262260437
adadecay,satimage_n20,-0.14275193214416504,0.0,1.0032765865325928,2,0.8662519454956055,0.1836407297692069,0.7235000133514404
adadecay,satimage_n20,-0.14682555198669434,0.0,1.0643887519836426,3,0.8683255314826965,0.18765374700630064,0.7214999794960022
adadecay,satimage_n20,-0.1416415572166443,0.0,1.1199021339416504,4,0.8631415367126465,0.18990668655986798,0.7214999794960022
awd,satimage_n20,-0.13184088468551636,,0.7416229248046875,0,0.8828408718109131,0.15282591213334593,0.7509999871253967
awd,satimage_n20,-0.128711998462677,,0.8531925678253174,1,0.8792120218276978,0.17440352215397348,0.7505000233650208
awd,satimage_n20,-0.13130402565002441,,0.8472940921783447,2,0.8818040490150452,0.1626111189586131,0.7505000233650208
awd,satimage_n20,-0.12671202421188354,,0.8435244560241699,3,0.8792120218276978,0.1597903361587465,0.7524999976158142
awd,satimage_n20,-0.131822407245636,,0.8593852519989014,4,0.8823224306106567,0.14143868706089155,0.7505000233650208
ctrlA,satimage_n20,-0.1441783308982849,0.9615914632269091,0.8584709167480469,0,0.8641783595085144,0.17373635644984403,0.7200000286102295
ctrlA,satimage_n20,-0.1376047134399414,0.9400065216601025,0.8805644512176514,1,0.8621047139167786,0.1948840359352363,0.7245000004768372
ctrlA,satimage_n20,-0.14682555198669434,0.9870919734821069,0.8682615756988525,2,0.8683255314826965,0.18748065445353912,0.7214999794960022
ctrlA,satimage_n20,-0.14945435523986816,0.9337668278261356,0.8267655372619629,3,0.8719543814659119,0.19294141541187354,0.7225000262260437
ctrlA,satimage_n20,-0.14453113079071045,1.0250770422183584,0.823958158493042,4,0.8600311279296875,0.19627575235641206,0.715499997138977
ctrlB,satimage_n20,-0.14429497718811035,2.4039661730487802,0.8133900165557861,0,0.839294970035553,0.19423121522905418,0.6949999928474426
ctrlB,satimage_n20,-0.14025813341140747,2.1075717890506627,0.74131178855896,1,0.8382581472396851,0.2064914655011821,0.6980000138282776
ctrlB,satimage_n20,-0.1438685655593872,2.326549556567672,0.6609134674072266,2,0.841368556022644,0.19770606956746434,0.6974999904632568
ctrlB,satimage_n20,-0.1462029218673706,2.372800024809009,0.6536972522735596,3,0.8367029428482056,0.19327983266334572,0.690500020980835
ctrlB,satimage_n20,-0.1437397599220276,2.2157049452716833,0.6480319499969482,4,0.8377397656440735,0.1942494709513977,0.6940000057220459
ctrlBpp,satimage_n20,-0.14429497718811035,2.4039661730487802,0.636371374130249,0,0.839294970035553,0.19423121522905418,0.6949999928474426
ctrlBpp,satimage_n20,-0.14025813341140747,2.1075717890506627,0.6331946849822998,1,0.8382581472396851,0.2064914655011821,0.6980000138282776
ctrlBpp,satimage_n20,-0.1438685655593872,2.326549556567672,0.6036064624786377,2,0.841368556022644,0.19770606956746434,0.6974999904632568
ctrlBpp,satimage_n20,-0.1462029218673706,2.372800024809009,0.5787124633789062,3,0.8367029428482056,0.19327983266334572,0.690500020980835
ctrlBpp,satimage_n20,-0.1437397599220276,2.2157049452716833,0.5872247219085693,4,0.8377397656440735,0.1942494709513977,0.6940000057220459
cwd,satimage_n20,-0.13702797889709473,,0.9035615921020508,0,0.8740279674530029,0.15376843131225057,0.7369999885559082
cwd,satimage_n20,-0.13004642724990845,,0.9032919406890869,1,0.8745464086532593,0.18104452756076603,0.7444999814033508
cwd,satimage_n20,-0.13817518949508667,,0.8440065383911133,2,0.8781751990318298,0.1761199881787619,0.7400000095367432
cwd,satimage_n20,-0.13785922527313232,,0.754838228225708,3,0.8833592534065247,0.17653162558811694,0.7455000281333923
cwd,satimage_n20,-0.1416568160057068,,0.7466652393341064,4,0.8776568174362183,0.153519876838163,0.7360000014305115
fixed1,satimage_n20,-0.1464574933052063,1.0,0.6375195980072021,0,0.8579574823379517,0.17339917131351523,0.7114999890327454
fixed1,satimage_n20,-0.14360469579696655,1.0,0.63504958152771,1,0.8621047139167786,0.20061638667028517,0.718500018119812
fixed1,satimage_n20,-0.14358633756637573,1.0,0.719066858291626,2,0.861586332321167,0.18201559249788693,0.7179999947547913
fixed1,satimage_n20,-0.14054948091506958,1.0,0.7216207981109619,3,0.8605495095252991,0.18929336647980569,0.7200000286102295
fixed1,satimage_n20,-0.14460474252700806,1.0,0.7408545017242432,4,0.8621047139167786,0.197588403432588,0.7174999713897705
none,satimage_n20,-0.12926721572875977,0.0,0.5723063945770264,0,0.8807672262191772,0.14972481028041176,0.7515000104904175
none,satimage_n20,-0.1271567940711975,0.0,0.5687825679779053,1,0.8776568174362183,0.17219911372803728,0.7505000233650208
none,satimage_n20,-0.12921202182769775,0.0,0.570955753326416,2,0.8792120218276978,0.16321757173155058,0.75
none,satimage_n20,-0.12619364261627197,0.0,0.5636861324310303,3,0.8786936402320862,0.15784941484669812,0.7524999976158142
none,satimage_n20,-0.1312856674194336,0.0,0.5616300106048584,4,0.8812856674194336,0.15048773759013323,0.75
swd,satimage_n20,-0.13082242012023926,,0.8077676296234131,0,0.8823224306106567,0.15298355913427963,0.7515000104904175
swd,satimage_n20,-0.12763845920562744,,0.8435063362121582,1,0.8771384358406067,0.17716860085215946,0.7494999766349792
swd,satimage_n20,-0.13641446828842163,,0.8209934234619141,2,0.8849144577980042,0.17104808004363453,0.7484999895095825
swd,satimage_n20,-0.1296384334564209,,0.8045616149902344,3,0.8771384358406067,0.15877164351068795,0.7475000023841858
swd,satimage_n20,-0.12923038005828857,,0.8389835357666016,4,0.8797304034233093,0.14835045779845207,0.7505000233650208
adadecay,spambase_full,0.033754944801330566,0.0,0.8667669296264648,0,0.9420289993286133,0.022757412903550742,0.9757839441299438
adadecay,spambase_full,0.04027599096298218,0.0,0.9434642791748047,1,0.9376811385154724,0.021659357133119003,0.9779571294784546
adadecay,spambase_full,0.04472619295120239,0.0,0.8992621898651123,2,0.936956524848938,0.025830340990121815,0.9816827178001404
adadecay,spambase_full,0.038930416107177734,0.0,0.915294885635376,3,0.9384058117866516,0.025810760032871496,0.9773362278938293
adadecay,spambase_full,0.03592813014984131,0.0,1.0233826637268066,4,0.9420289993286133,0.02276546752107316,0.9779571294784546
awd,spambase_full,0.04120534658432007,,0.7330882549285889,0,0.9442028999328613,0.03546220746593199,0.9854082465171814
awd,spambase_full,0.050418198108673096,,0.6730597019195557,1,0.9362319111824036,0.03571110620446827,0.9866501092910767
awd,spambase_full,0.05031383037567139,,0.6384861469268799,2,0.939130425453186,0.04165021142233973,0.9894442558288574
awd,spambase_full,0.04772639274597168,,0.6179735660552979,3,0.9398550987243652,0.03383919693853544,0.9875814914703369
awd,spambase_full,0.046691298484802246,,0.5939102172851562,4,0.9405797123908997,0.039082411579463794,0.9872710108757019
ctrlA,spambase_full,0.0371706485748291,1.4241093500127802,0.5213356018066406,0,0.9398550987243652,0.019055281903432766,0.9770257472991943
ctrlA,spambase_full,0.034480273723602295,1.2207361178817584,0.5159757137298584,1,0.939130425453186,0.01596335313026456,0.9736106991767883
ctrlA,spambase_full,0.04213881492614746,1.3583365674981378,0.5279901027679443,2,0.9376811385154724,0.022619431217511497,0.9798199534416199
ctrlA,spambase_full,0.0378953218460083,1.3682934355609642,0.49416327476501465,3,0.939130425453186,0.0231672455219255,0.9770257472991943
ctrlA,spambase_full,0.03727442026138306,1.3312796710783708,0.5032377243041992,4,0.939130425453186,0.020779976378316464,0.9764048457145691
ctrlB,spambase_full,0.023410677909851074,4.876528035144198,0.49478697776794434,0,0.9275362491607666,0.014029790914576987,0.9509469270706177
ctrlB,spambase_full,0.017303109169006348,5.5609785838526555,0.4872770309448242,1,0.9333333373069763,0.021636515898980958,0.9506364464759827
ctrlB,spambase_full,0.020305395126342773,5.041770411019101,0.5000991821289062,2,0.9297101497650146,0.023223349840744683,0.9500155448913574
ctrlB,spambase_full,0.02413463592529297,5.432104906330155,0.5237956047058105,3,0.9289855360984802,0.021500732371772545,0.9531201720237732
ctrlB,spambase_full,0.017716586589813232,5.089891672987824,0.5154907703399658,4,0.9347826242446899,0.020021650281505307,0.9524992108345032
ctrlBpp,spambase_full,0.023410677909851074,4.876528035144198,0.4821758270263672,0,0.9275362491607666,0.014029790914576987,0.9509469270706177
ctrlBpp,spambase_full,0.017303109169006348,5.5609785838526555,0.4861164093017578,1,0.9333333373069763,0.021636515898980958,0.9506364464759827
ctrlBpp,spambase_full,0.020305395126342773,5.041770411019101,0.484630823135376,2,0.9297101497650146,0.023223349840744683,0.9500155448913574
ctrlBpp,spambase_full,0.02413463592529297,5.432104906330155,0.46544456481933594,3,0.9289855360984802,0.021500732371772545,0.9531201720237732
ctrlBpp,spambase_full,0.017716586589813232,5.089891672987824,0.4602961540222168,4,0.9347826242446899,0.020021650281505307,0.9524992108345032
cwd,spambase_full,0.045761287212371826,,0.6016595363616943,0,0.9362319111824036,0.03179390914198281,0.9819931983947754
cwd,spambase_full,0.047105491161346436,,0.5837199687957764,1,0.9398550987243652,0.03162046355613764,0.9869605898857117
cwd,spambase_full,0.05000340938568115,,0.5827791690826416,2,0.939130425453186,0.03930286747821863,0.9891338348388672
cwd,spambase_full,0.047312915325164795,,0.5807037353515625,3,0.9384058117866516,0.03485882772483687,0.9857187271118164
cwd,spambase_full,0.04327625036239624,,0.5587010383605957,4,0.9405797123908997,0.033624144006466516,0.9838559627532959
fixed1,spambase_full,0.038102030754089355,1.0,0.5840167999267578,0,0.9398550987243652,0.021547470922055452,0.9779571294784546
fixed1,spambase_full,0.04027599096298218,1.0,0.5717043876647949,1,0.9376811385154724,0.022176026131795798,0.9779571294784546
fixed1,spambase_full,0.04607170820236206,1.0,0.5523231029510498,2,0.9362319111824036,0.026505074250525323,0.9823036193847656
fixed1,spambase_full,0.03768789768218994,1.0,0.5495853424072266,3,0.9405797123908997,0.02477300374404244,0.9782676100730896
fixed1,spambase_full,0.038102030754089355,1.0,0.5479645729064941,4,0.9398550987243652,0.02622769623994827,0.9779571294784546
none,spambase_full,0.039445579051971436,0.0,0.5930092334747314,0,0.945652186870575,0.03951209304125412,0.9850977659225464
none,spambase_full,0.04907268285751343,0.0,0.5737357139587402,1,0.936956524848938,0.03243744135766789,0.9860292077064514
none,spambase_full,0.05176311731338501,0.0,0.5421416759490967,2,0.9376811385154724,0.04314602326223815,0.9894442558288574
none,spambase_full,0.04803687334060669,0.0,0.5312750339508057,3,0.9398550987243652,0.037975889163604684,0.9878919720649719
none,spambase_full,0.04658764600753784,0.0,0.5236227512359619,4,0.9413043260574341,0.03871136713719023,0.9878919720649719
swd,spambase_full,0.04213738441467285,,0.5632126331329346,0,0.9420289993286133,0.03279546875020732,0.9841663837432861
swd,spambase_full,0.05072939395904541,,0.5437414646148682,1,0.9340579509735107,0.03112401942843976,0.9847873449325562
swd,spambase_full,0.05155634880065918,,0.51963210105896,2,0.936956524848938,0.037908517126587854,0.9885128736495972
swd,spambase_full,0.050936102867126465,,0.5374524593353271,3,0.9347826242446899,0.03972102742696154,0.9857187271118164
swd,spambase_full,0.04617410898208618,,0.5005333423614502,4,0.9398550987243652,0.033266840248868085,0.9860292077064514
adadecay,spambase_n20,0.05428260564804077,0.0,1.1512541770935059,0,0.8152173757553101,0.04606787035430687,0.8694999814033508
adadecay,spambase_n20,0.04184061288833618,0.0,1.1682960987091064,1,0.8311594128608704,0.06505059561003809,0.8730000257492065
adadecay,spambase_n20,0.018992722034454346,0.0,1.237224817276001,2,0.8355072736740112,0.048626518983771835,0.8544999957084656
adadecay,spambase_n20,0.011572480201721191,0.0,1.177595853805542,3,0.8449275493621826,0.04679668277933978,0.8565000295639038
adadecay,spambase_n20,0.04906517267227173,0.0,1.1723511219024658,4,0.8304347991943359,0.07031508476837822,0.8794999718666077
awd,spambase_n20,0.1344202756881714,,0.8059263229370117,0,0.7905797362327576,0.09013087183668994,0.925000011920929
awd,spambase_n20,0.12160146236419678,,0.7989816665649414,1,0.8028985261917114,0.0879217900659727,0.9244999885559082
awd,spambase_n20,0.11821740865707397,,0.7471823692321777,2,0.7847825884819031,0.09396022949097814,0.902999997138977
awd,spambase_n20,0.10615217685699463,,0.7505958080291748,3,0.804347813129425,0.08605039603468301,0.9104999899864197
awd,spambase_n20,0.14845651388168335,,0.7138421535491943,4,0.7630434632301331,0.1014362508620041,0.9114999771118164
ctrlA,spambase_n20,0.03908693790435791,1.0907224509033513,0.7720956802368164,0,0.823913037776947,0.06350681699704433,0.8629999756813049
ctrlA,spambase_n20,0.03121739625930786,1.0262997427151495,0.7949626445770264,1,0.834782600402832,0.06340603888898656,0.8659999966621399
ctrlA,spambase_n20,0.004499971866607666,1.1416714391458833,0.784703254699707,2,0.8500000238418579,0.05765267468017081,0.8544999957084656
ctrlA,spambase_n20,0.008623182773590088,1.1480474020652114,0.7476704120635986,3,0.8463768362998962,0.06475516276946966,0.8550000190734863
ctrlA,spambase_n20,0.004202902317047119,1.3021181920395506,0.7258567810058594,4,0.8557971119880676,0.07731924471647844,0.8600000143051147
ctrlB,spambase_n20,-0.061057984828948975,3.048975774608629,0.7250385284423828,0,0.8840579986572266,0.1488775327153828,0.8230000138282776
ctrlB,spambase_n20,-0.05968838930130005,3.138535684834804,0.6937015056610107,1,0.8731883764266968,0.1541334437287372,0.8134999871253967
ctrlB,spambase_n20,-0.06215941905975342,3.1300321712914947,0.7259325981140137,2,0.8811594247817993,0.1535551585149074,0.8190000057220459
ctrlB,spambase_n20,-0.07450723648071289,3.0987309386705952,0.662301778793335,3,0.8855072259902954,0.14347438471040866,0.8109999895095825
ctrlB,spambase_n20,-0.09312313795089722,2.988366646467729,0.695019006729126,4,0.9036231637001038,0.1537475952203723,0.8105000257492065
ctrlBpp,spambase_n20,-0.061057984828948975,3.048975774608629,0.7431175708770752,0,0.8840579986572266,0.1488775327153828,0.8230000138282776
ctrlBpp,spambase_n20,-0.05968838930130005,3.138535684834804,0.6835746765136719,1,0.8731883764266968,0.1541334437287372,0.8134999871253967
ctrlBpp,spambase_n20,-0.06215941905975342,3.1300321712914947,0.6921308040618896,2,0.8811594247817993,0.1535551585149074,0.8190000057220459
ctrlBpp,spambase_n20,-0.07450723648071289,3.0987309386705952,0.7001490592956543,3,0.8855072259902954,0.14347438471040866,0.8109999895095825
ctrlBpp,spambase_n20,-0.09312313795089722,2.988366646467729,0.6939263343811035,4,0.9036231637001038,0.1537475952203723,0.8105000257492065
cwd,spambase_n20,0.11729705333709717,,0.9101245403289795,0,0.7942029237747192,0.04747995829236681,0.9114999771118164
cwd,spambase_n20,0.12996381521224976,,0.9124710559844971,1,0.7775362133979797,0.05529578308696332,0.9075000286102295
cwd,spambase_n20,0.08052897453308105,,0.9530749320983887,2,0.8079710006713867,0.05788710639960524,0.8884999752044678
cwd,spambase_n20,0.07630431652069092,,1.0075247287750244,3,0.8086956739425659,0.04792432478372601,0.8849999904632568
cwd,spambase_n20,0.12621015310287476,,1.087562084197998,4,0.7702898383140564,0.06655825942322828,0.8964999914169312
fixed1,spambase_n20,0.04586237668991089,1.0,0.7338759899139404,0,0.8246376514434814,0.059758189666098444,0.8705000281333923
fixed1,spambase_n20,0.042166709899902344,1.0,0.704401969909668,1,0.8333333134651184,0.059819358284922616,0.8755000233650208
fixed1,spambase_n20,0.014499962329864502,1.0,0.7079691886901855,2,0.8500000238418579,0.05698595513468203,0.8644999861717224
fixed1,spambase_n20,0.02226811647415161,1.0,0.7611281871795654,3,0.8362318873405457,0.04415599094784778,0.8585000038146973
fixed1,spambase_n20,0.02384781837463379,1.0,0.767611026763916,4,0.845652163028717,0.07656390429406926,0.8694999814033508
none,spambase_n20,0.14299273490905762,0.0,0.6131527423858643,0,0.7855072617530823,0.090105613115905,0.9284999966621399
none,spambase_n20,0.14361590147018433,0.0,0.6260664463043213,1,0.7818840742111206,0.0976248451549074,0.9254999756813049
none,spambase_n20,0.10867387056350708,0.0,0.6183791160583496,2,0.7978261113166809,0.0719992188439853,0.906499981880188
none,spambase_n20,0.10302901268005371,0.0,0.6253635883331299,3,0.8079710006713867,0.08423055449257727,0.9110000133514404
none,spambase_n20,0.14968115091323853,0.0,0.66640305519104,4,0.7623188495635986,0.09974196039248204,0.9120000004768372
swd,spambase_n20,0.1249927282333374,,0.7228994369506836,0,0.7855072617530823,0.08834809775369755,0.9104999899864197
swd,spambase_n20,0.12379705905914307,,0.7279086112976074,1,0.7942029237747192,0.08121090578860131,0.9179999828338623
swd,spambase_n20,0.10350000858306885,,0.7254021167755127,2,0.800000011920929,0.0856067331156869,0.9035000205039978
swd,spambase_n20,0.12247103452682495,,0.7832415103912354,3,0.7920289635658264,0.08959113467430724,0.9144999980926514
swd,spambase_n20,0.1434130072593689,,0.773780345916748,4,0.7760869860649109,0.08967596499816231,0.9194999933242798
adadecay,waveform_full,0.10057145357131958,0.0,0.8336479663848877,0,0.8479999899864197,0.05453673352797826,0.9485714435577393
adadecay,waveform_full,0.10066664218902588,0.0,0.8499560356140137,1,0.8493333458900452,0.05465055692195892,0.949999988079071
adadecay,waveform_full,0.082095205783844,0.0,0.7831089496612549,2,0.8533333539962769,0.053059286276499425,0.9354285597801208
adadecay,waveform_full,0.09228575229644775,0.0,0.7054653167724609,3,0.8479999899864197,0.050118304371833795,0.9402857422828674
adadecay,waveform_full,0.10323810577392578,0.0,0.7204098701477051,4,0.8493333458900452,0.05460754992564519,0.952571451663971
awd,waveform_full,0.12000000476837158,,0.5264687538146973,0,0.8519999980926514,0.08381970051924388,0.972000002861023
awd,waveform_full,0.11619049310684204,,0.42746615409851074,1,0.8526666760444641,0.07464543191591899,0.9688571691513062
awd,waveform_full,0.10799998044967651,,0.4792923927307129,2,0.8519999980926514,0.08939909172058105,0.9599999785423279
awd,waveform_full,0.1251428723335266,,0.4454972743988037,3,0.843999981880188,0.08610606161753337,0.9691428542137146
awd,waveform_full,0.13504761457443237,,0.4751853942871094,4,0.840666651725769,0.09295189007123311,0.9757142663002014
ctrlA,waveform_full,0.08076190948486328,1.7126924235446668,0.6653702259063721,0,0.8486666679382324,0.024972095966339113,0.9294285774230957
ctrlA,waveform_full,0.06323808431625366,1.6300153473670274,0.6467742919921875,1,0.8673333525657654,0.01961421666542689,0.930571436882019
ctrlA,waveform_full,0.06333333253860474,1.5745015250849974,0.5298924446105957,2,0.8606666922569275,0.020275692860285438,0.9240000247955322
ctrlA,waveform_full,0.06628572940826416,1.4811037045000999,0.583930492401123,3,0.8579999804496765,0.020545159121354423,0.9242857098579407
ctrlA,waveform_full,0.06761908531188965,1.6434245945978665,0.5761995315551758,4,0.8546666502952576,0.022594661096731822,0.9222857356071472
ctrlB,waveform_full,0.026571452617645264,3.4399142837117442,0.5708284378051758,0,0.8659999966621399,0.036495800216992696,0.8925714492797852
ctrlB,waveform_full,0.024000048637390137,3.7378962485027043,0.6096441745758057,1,0.8679999709129333,0.03829331312576929,0.8920000195503235
ctrlB,waveform_full,0.023714303970336914,3.2312900670159865,0.605968713760376,2,0.8700000047683716,0.03552792624632518,0.8937143087387085
ctrlB,waveform_full,0.009142816066741943,3.3665791522353374,0.5887801647186279,3,0.878000020980835,0.04190874628225963,0.8871428370475769
ctrlB,waveform_full,0.027238070964813232,3.660234618427264,0.5579349994659424,4,0.859333336353302,0.02882320266962051,0.8865714073181152
ctrlBpp,waveform_full,0.026571452617645264,3.4399142837117442,0.5679290294647217,0,0.8659999966621399,0.036495800216992696,0.8925714492797852
ctrlBpp,waveform_full,0.024000048637390137,3.7378962485027043,0.5493571758270264,1,0.8679999709129333,0.03829331312576929,0.8920000195503235
ctrlBpp,waveform_full,0.023714303970336914,3.2312900670159865,0.5491194725036621,2,0.8700000047683716,0.03552792624632518,0.8937143087387085
ctrlBpp,waveform_full,0.009142816066741943,3.3665791522353374,0.5710415840148926,3,0.878000020980835,0.04190874628225963,0.8871428370475769
ctrlBpp,waveform_full,0.027238070964813232,3.660234618427264,0.5374207496643066,4,0.859333336353302,0.02882320266962051,0.8865714073181152
cwd,waveform_full,0.13257139921188354,,0.5649898052215576,0,0.8460000157356262,0.07701496855417889,0.9785714149475098
cwd,waveform_full,0.11657148599624634,,0.646399736404419,1,0.8539999723434448,0.07634931588172912,0.9705714583396912
cwd,waveform_full,0.10514283180236816,,0.6037054061889648,2,0.8560000061988831,0.07551237678527832,0.9611428380012512
cwd,waveform_full,0.12495243549346924,,0.645465612411499,3,0.8433333039283752,0.08087000453472137,0.9682857394218445
cwd,waveform_full,0.1416190266609192,,0.6135993003845215,4,0.8346666693687439,0.09197499988476435,0.9762856960296631
fixed1,waveform_full,0.09247618913650513,1.0,0.6597750186920166,0,0.846666693687439,0.045832326173782356,0.9391428828239441
fixed1,waveform_full,0.07704764604568481,1.0,0.752657413482666,1,0.862666666507721,0.03460866677761078,0.9397143125534058
fixed1,waveform_full,0.07209527492523193,1.0,0.7234923839569092,2,0.8613333106040955,0.036407086630662285,0.9334285855293274
fixed1,waveform_full,0.076285719871521,1.0,0.7011122703552246,3,0.8539999723434448,0.03236584017674128,0.9302856922149658
fixed1,waveform_full,0.08485710620880127,1.0,0.7047140598297119,4,0.8500000238418579,0.045755882064501444,0.9348571300506592
none,waveform_full,0.11971431970596313,0.0,0.5233676433563232,0,0.8539999723434448,0.08242542966206869,0.973714292049408
none,waveform_full,0.11990481615066528,0.0,0.5485048294067383,1,0.8506666421890259,0.07710753387212753,0.9705714583396912
none,waveform_full,0.1102856993675232,0.0,0.5606606006622314,2,0.8500000238418579,0.08432053951422373,0.9602857232093811
none,waveform_full,0.12571430206298828,0.0,0.5864503383636475,3,0.843999981880188,0.08621390714248021,0.9697142839431763
none,waveform_full,0.12933331727981567,0.0,0.6081504821777344,4,0.846666693687439,0.09052649774154028,0.9760000109672546
swd,waveform_full,0.1185714602470398,,0.479386568069458,0,0.8519999980926514,0.07780104466279347,0.9705714583396912
swd,waveform_full,0.11352384090423584,,0.4791886806488037,1,0.8553333282470703,0.0735971999168396,0.9688571691513062
swd,waveform_full,0.10514283180236816,,0.5260388851165771,2,0.8519999980926514,0.07982979969183604,0.9571428298950195
swd,waveform_full,0.12047618627548218,,0.5072307586669922,3,0.8446666598320007,0.0856702615817388,0.9651428461074829
swd,waveform_full,0.12933331727981567,,0.5135483741760254,4,0.8446666598320007,0.08777589484055837,0.9739999771118164
adadecay,waveform_n20,0.10383331775665283,0.0,1.2388451099395752,0,0.7706666588783264,0.04088923048973084,0.8744999766349792
adadecay,waveform_n20,0.11633336544036865,0.0,1.231846570968628,1,0.7526666522026062,0.0443310307264328,0.8690000176429749
adadecay,waveform_n20,0.11299997568130493,0.0,1.248037576675415,2,0.7580000162124634,0.0299514092206955,0.8709999918937683
adadecay,waveform_n20,0.0651666522026062,0.0,1.1918911933898926,3,0.7853333353996277,0.03860712595780691,0.8504999876022339
adadecay,waveform_n20,0.13200002908706665,0.0,1.1697990894317627,4,0.7559999823570251,0.04434144230683644,0.8880000114440918
awd,waveform_n20,0.24833333492279053,,0.8082094192504883,0,0.7206666469573975,0.15376927224795023,0.968999981880188
awd,waveform_n20,0.27916663885116577,,0.7958922386169434,1,0.6913333535194397,0.17881551816066107,0.9704999923706055
awd,waveform_n20,0.28850001096725464,,0.7602334022521973,2,0.6800000071525574,0.17991277068853379,0.968500018119812
awd,waveform_n20,0.2551666498184204,,0.7895433902740479,3,0.7193333506584167,0.13977180886268614,0.9745000004768372
awd,waveform_n20,0.27666664123535156,,0.7724981307983398,4,0.6953333616256714,0.17982020688056943,0.972000002861023
ctrlA,waveform_n20,0.031500041484832764,1.595048582556632,0.6195831298828125,0,0.7979999780654907,0.07293697836001714,0.8295000195503235
ctrlA,waveform_n20,0.053666651248931885,1.6285523448825743,0.6343860626220703,1,0.7853333353996277,0.06202815598249436,0.8389999866485596
ctrlA,waveform_n20,0.058000028133392334,1.395401049802525,0.6426246166229248,2,0.7699999809265137,0.049222125828266156,0.828000009059906
ctrlA,waveform_n20,0.025833308696746826,1.5229158519176305,0.608511209487915,3,0.8006666898727417,0.07312936472892761,0.8264999985694885
ctrlA,waveform_n20,0.012666702270507812,1.7261361053301811,0.6392719745635986,4,0.809333324432373,0.09494289626677829,0.8220000267028809
ctrlB,waveform_n20,-0.07483333349227905,2.934312811837492,0.640247106552124,0,0.8333333134651184,0.1553518300652504,0.7584999799728394
ctrlB,waveform_n20,-0.06000000238418579,2.964887985793392,0.6972084045410156,1,0.8259999752044678,0.1575274543762207,0.765999972820282
ctrlB,waveform_n20,-0.08883333206176758,2.949479804318678,0.7088589668273926,2,0.8433333039283752,0.16846257881323493,0.7544999718666077
ctrlB,waveform_n20,-0.07383334636688232,2.8967877679423815,0.6741371154785156,3,0.8353333473205566,0.16097578499714535,0.7615000009536743
ctrlB,waveform_n20,-0.07383334636688232,3.0505000907195705,0.6696434020996094,4,0.8413333296775818,0.16853995825846993,0.7674999833106995
ctrlBpp,waveform_n20,-0.07483333349227905,2.934312811837492,0.7011544704437256,0,0.8333333134651184,0.1553518300652504,0.7584999799728394
ctrlBpp,waveform_n20,-0.06000000238418579,2.964887985793392,0.6587765216827393,1,0.8259999752044678,0.1575274543762207,0.765999972820282
ctrlBpp,waveform_n20,-0.08883333206176758,2.949479804318678,0.7554540634155273,2,0.8433333039283752,0.16846257881323493,0.7544999718666077
ctrlBpp,waveform_n20,-0.07383334636688232,2.8967877679423815,0.7738103866577148,3,0.8353333473205566,0.16097578499714535,0.7615000009536743
ctrlBpp,waveform_n20,-0.07383334636688232,3.0505000907195705,0.743708610534668,4,0.8413333296775818,0.16853995825846993,0.7674999833106995
cwd,waveform_n20,0.2071666717529297,,0.817570686340332,0,0.7293333411216736,0.11606542585293451,0.9365000128746033
cwd,waveform_n20,0.24166667461395264,,0.9252634048461914,1,0.7073333263397217,0.12564404251178107,0.9490000009536743
cwd,waveform_n20,0.22800004482269287,,0.8741450309753418,2,0.7059999704360962,0.11262212187051773,0.9340000152587891
cwd,waveform_n20,0.2120000123977661,,0.9916698932647705,3,0.7319999933242798,0.1080288935303688,0.9440000057220459
cwd,waveform_n20,0.23899996280670166,,1.0043153762817383,4,0.7120000123977661,0.12721118448177976,0.9509999752044678
fixed1,waveform_n20,0.08650004863739014,1.0,0.6057944297790527,0,0.7799999713897705,0.0365329878727595,0.8665000200271606
fixed1,waveform_n20,0.10716670751571655,1.0,0.613459587097168,1,0.7593333125114441,0.025862098892529804,0.8665000200271606
fixed1,waveform_n20,0.1001666784286499,1.0,0.6071419715881348,2,0.7553333044052124,0.03477850043773651,0.8554999828338623
fixed1,waveform_n20,0.06000000238418579,1.0,0.591233491897583,3,0.7799999713897705,0.028692458490530648,0.8399999737739563
fixed1,waveform_n20,0.11616665124893188,1.0,0.6060328483581543,4,0.7613333463668823,0.041694414913654325,0.8774999976158142
none,waveform_n20,0.23983335494995117,0.0,0.5673997402191162,0,0.718666672706604,0.16180659397443137,0.9585000276565552
none,waveform_n20,0.2783333659172058,0.0,0.575969934463501,1,0.6926666498184204,0.17516834207375848,0.9710000157356262
none,waveform_n20,0.28183335065841675,0.0,0.5842938423156738,2,0.6826666593551636,0.1830686273276806,0.9645000100135803
none,waveform_n20,0.24466663599014282,0.0,0.5823628902435303,3,0.7293333411216736,0.131855362534523,0.9739999771118164
none,waveform_n20,0.28300005197525024,0.0,0.5865082740783691,4,0.6919999718666077,0.1863088795344035,0.9750000238418579
swd,waveform_n20,0.23216664791107178,,0.7854263782501221,0,0.7213333249092102,0.14612345655759174,0.953499972820282
swd,waveform_n20,0.27283328771591187,,0.7920722961425781,1,0.6946666836738586,0.16722870326042177,0.9674999713897705
swd,waveform_n20,0.28066664934158325,,0.7706334590911865,2,0.6833333373069763,0.1769414041638374,0.9639999866485596
swd,waveform_n20,0.23766666650772095,,0.766573429107666,3,0.731333315372467,0.12596707534293333,0.968999981880188
swd,waveform_n20,0.26099997758865356,,0.7805373668670654,4,0.7039999961853027,0.16450383345286052,0.9649999737739563
