stream,method,lam0,seed,window,acc,lam,wnorm,s
electricity,adadecay_default,0.0,0,0,0.543,0.0005,6.559957027435303,0.5195469730477558
electricity,adadecay_default,0.0,0,1,0.8,0.0005,6.903868675231934,0.6238422330007751
electricity,adadecay_default,0.0,0,2,0.761,0.0005,7.258642673492432,0.6687802106039314
electricity,adadecay_default,0.0,0,3,0.887,0.0005,7.388052940368652,0.45819870827182735
electricity,adadecay_default,0.0,0,4,0.784,0.0005,7.379132270812988,0.2207143175590837
electricity,adadecay_default,0.0,0,5,0.79,0.0005,7.393387317657471,0.12377247337635437
electricity,adadecay_default,0.0,0,6,0.849,0.0005,7.573680877685547,0.23123197193941955
electricity,adadecay_default,0.0,0,7,0.766,0.0005,7.708444118499756,0.2391828293714123
electricity,adadecay_default,0.0,0,8,0.856,0.0005,7.88102912902832,0.27507117157762967
electricity,adadecay_default,0.0,0,9,0.833,0.0005,7.804417133331299,0.0700281906015177
electricity,adadecay_default,0.0,0,10,0.867,0.0005,8.066606521606445,0.2683127016788379
electricity,adadecay_default,0.0,0,11,0.783,0.0005,7.983588695526123,0.0626873037786648
electricity,adadecay_default,0.0,0,12,0.747,0.0005,8.043776512145996,0.08369741968592372
electricity,adadecay_default,0.0,0,13,0.891,0.0005,8.29505443572998,0.2587848191206393
electricity,adadecay_default,0.0,0,14,0.756,0.0005,8.173471450805664,0.027605701499706713
electricity,adadecay_default,0.0,0,15,0.714,0.0005,8.16157054901123,0.0036914615013992273
electricity,adadecay_default,0.0,0,16,0.817,0.0005,8.417826652526855,0.21988664134840763
electricity,adadecay_default,0.0,0,17,0.705,0.0005,8.68297004699707,0.3286783515454911
electricity,adadecay_default,0.0,0,18,0.735,0.0005,8.906859397888184,0.34340085058568526
electricity,adadecay_default,0.0,0,19,0.676,0.0005,9.01676082611084,0.2573876836813836
electricity,adadecay_default,0.0,0,20,0.521,0.0005,9.063913345336914,0.16500932768931348
electricity,adadecay_default,0.0,0,21,0.544,0.0005,9.100959777832031,0.11088830814102787
electricity,adadecay_default,0.0,0,22,0.672,0.0005,9.098230361938477,0.053361486143034396
electricity,adadecay_default,0.0,0,23,0.688,0.0005,9.076773643493652,0.010303383599119243
electricity,adadecay_default,0.0,0,24,0.564,0.0005,9.026151657104492,-0.033578102062700704
electricity,adadecay_default,0.0,0,25,0.716,0.0005,9.024080276489258,-0.018382707791423796
electricity,adadecay_default,0.0,0,26,0.604,0.0005,9.04056453704834,0.003494042084033789
electricity,adadecay_default,0.0,0,27,0.679,0.0005,9.019001007080078,-0.01481684897705392
electricity,adadecay_default,0.0,0,28,0.611,0.0005,9.01594066619873,-0.00976482374104895
electricity,adadecay_default,0.0,0,29,0.65,0.0005,9.017707824707031,-0.003521274465147696
electricity,adadecay_default,0.0,0,30,0.717,0.0005,9.022971153259277,0.002292598183169356
electricity,adadecay_default,0.0,0,31,0.625,0.0005,9.032493591308594,0.008475153510591393
electricity,adadecay_default,0.0,0,32,0.465,0.0005,9.03844928741455,0.008816489579059592
electricity,adadecay_default,0.0,0,33,0.623,0.0005,9.043838500976562,0.008548899119774784
electricity,adadecay_default,0.0,0,34,0.551,0.0005,9.046358108520508,0.006209167280558767
electricity,adadecay_default,0.0,0,35,0.607,0.0005,9.047356605529785,0.0038710807129896416
electricity,adadecay_default,0.0,0,36,0.736,0.0005,9.039061546325684,-0.004431466087248791
electricity,adadecay_default,0.0,0,37,0.746,0.0005,9.0791654586792,0.02859492024339031
electricity,adadecay_default,0.0,0,38,0.579,0.0005,9.098620414733887,0.02917810769946547
electricity,adadecay_default,0.0,0,39,0.711,0.0005,9.100996971130371,0.016402940253626166
electricity,adadecay_default,0.0,0,40,0.706,0.0005,9.101186752319336,0.008346281176365947
electricity,adadecay_default,0.0,0,41,0.814,0.0005,9.100805282592773,0.0038820691712960157
electricity,adadecay_default,0.0,0,42,0.789,0.0005,9.099876403808594,0.0012322459771612099
electricity,adadecay_default,0.0,0,43,0.59,0.0005,9.10134506225586,0.0017369093094399114
electricity,adadecay_default,0.0,0,44,0.651,0.0005,9.102588653564453,0.0018173309686108372
electricity,adadecay_default,0.0,0,45,0.6410256410256411,0.0005,9.102784156799316,0.002820844295912298
electricity,adadecay_default,0.0,1,0,0.494,0.0005,6.610021591186523,0.6275745056703801
electricity,adadecay_default,0.0,1,1,0.822,0.0005,6.905679225921631,0.6244031851236862
electricity,adadecay_default,0.0,1,2,0.738,0.0005,7.156496524810791,0.5644268611933554
electricity,adadecay_default,0.0,1,3,0.89,0.0005,7.292258262634277,0.41395245160056576
electricity,adadecay_default,0.0,1,4,0.801,0.0005,7.192610740661621,0.11208152302879952
electricity,adadecay_default,0.0,1,5,0.797,0.0005,7.211953639984131,0.07471627372865819
electricity,adadecay_default,0.0,1,6,0.852,0.0005,7.356668472290039,0.17670513816279354
electricity,adadecay_default,0.0,1,7,0.791,0.0005,7.457416534423828,0.1834553079106281
electricity,adadecay_default,0.0,1,8,0.877,0.0005,7.613117218017578,0.23671818012312906
electricity,adadecay_default,0.0,1,9,0.834,0.0005,7.4577531814575195,-0.023359064231712703
electricity,adadecay_default,0.0,1,10,0.869,0.0005,7.676815986633301,0.1923054273447963
electricity,adadecay_default,0.0,1,11,0.809,0.0005,7.615828037261963,0.040983040864397066
electricity,adadecay_default,0.0,1,12,0.81,0.0005,7.674636363983154,0.07411551979088445
electricity,adadecay_default,0.0,1,13,0.875,0.0005,7.931893348693848,0.269838409497617
electricity,adadecay_default,0.0,1,14,0.756,0.0005,7.659640312194824,-0.10344079376401441
electricity,adadecay_default,0.0,1,15,0.704,0.0005,7.627809524536133,-0.08057908051585029
electricity,adadecay_default,0.0,1,16,0.807,0.0005,7.871351718902588,0.18143404017699222
electricity,adadecay_default,0.0,1,17,0.625,0.0005,7.915833950042725,0.1299611542536308
electricity,adadecay_default,0.0,1,18,0.346,0.0005,8.186676025390625,0.30258633759898157
electricity,adadecay_default,0.0,1,19,0.583,0.0005,8.310175895690918,0.25605338961883756
electricity,adadecay_default,0.0,1,20,0.512,0.0005,8.37655258178711,0.18349473962424515
electricity,adadecay_default,0.0,1,21,0.658,0.0005,8.41195297241211,0.12109548690523662
electricity,adadecay_default,0.0,1,22,0.605,0.0005,8.426592826843262,0.07263359986495234
electricity,adadecay_default,0.0,1,23,0.673,0.0005,8.429516792297363,0.038726470848198746
electricity,adadecay_default,0.0,1,24,0.678,0.0005,8.413077354431152,0.005820019867057824
electricity,adadecay_default,0.0,1,25,0.779,0.0005,8.42336654663086,0.011403064329544193
electricity,adadecay_default,0.0,1,26,0.677,0.0005,8.451218605041504,0.028663500069811405
electricity,adadecay_default,0.0,1,27,0.624,0.0005,8.472264289855957,0.031625183777355056
electricity,adadecay_default,0.0,1,28,0.621,0.0005,8.498651504516602,0.03744134897004683
electricity,adadecay_default,0.0,1,29,0.493,0.0005,8.519327163696289,0.03561523316286598
electricity,adadecay_default,0.0,1,30,0.652,0.0005,8.527055740356445,0.024107488651117965
electricity,adadecay_default,0.0,1,31,0.606,0.0005,8.527995109558105,0.012818767732510188
electricity,adadecay_default,0.0,1,32,0.521,0.0005,8.528820991516113,0.007081909037924753
electricity,adadecay_default,0.0,1,33,0.43,0.0005,8.53298568725586,0.006931985732004243
electricity,adadecay_default,0.0,1,34,0.511,0.0005,8.532503128051758,0.003073269180898189
electricity,adadecay_default,0.0,1,35,0.361,0.0005,8.534869194030762,0.003462331363891998
electricity,adadecay_default,0.0,1,36,0.738,0.0005,8.537790298461914,0.0041079387732949665
electricity,adadecay_default,0.0,1,37,0.474,0.0005,8.563157081604004,0.022686733849863115
electricity,adadecay_default,0.0,1,38,0.683,0.0005,8.574237823486328,0.020329491513295002
electricity,adadecay_default,0.0,1,39,0.766,0.0005,8.575699806213379,0.011348834422689682
electricity,adadecay_default,0.0,1,40,0.747,0.0005,8.579379081726074,0.008653827052067376
electricity,adadecay_default,0.0,1,41,0.786,0.0005,8.579202651977539,0.004184105220749775
electricity,adadecay_default,0.0,1,42,0.747,0.0005,8.577783584594727,0.0009433870522076722
electricity,adadecay_default,0.0,1,43,0.765,0.0005,8.577722549438477,0.00042228038253872154
electricity,adadecay_default,0.0,1,44,0.722,0.0005,8.577611923217773,0.00012157823128012065
electricity,adadecay_default,0.0,1,45,0.7660256410256411,0.0005,8.576532363891602,-0.002168595605834241
electricity,adadecay_default,0.0,2,0,0.532,0.0005,6.475174903869629,0.5810119588656818
electricity,adadecay_default,0.0,2,1,0.821,0.0005,6.763296127319336,0.5995079537757767
electricity,adadecay_default,0.0,2,2,0.789,0.0005,7.1347880363464355,0.6811959358431054
electricity,adadecay_default,0.0,2,3,0.887,0.0005,7.247607231140137,0.45040734509162766
electricity,adadecay_default,0.0,2,4,0.77,0.0005,7.251683712005615,0.2291096368173765
electricity,adadecay_default,0.0,2,5,0.792,0.0005,7.212452411651611,0.0769856694204863
electricity,adadecay_default,0.0,2,6,0.847,0.0005,7.42888069152832,0.246878842690308
electricity,adadecay_default,0.0,2,7,0.784,0.0005,7.580524444580078,0.26519450695525765
electricity,adadecay_default,0.0,2,8,0.863,0.0005,7.68399715423584,0.22738759271784179
electricity,adadecay_default,0.0,2,9,0.829,0.0005,7.559953689575195,0.00158899832977489
electricity,adadecay_default,0.0,2,10,0.878,0.0005,7.834125995635986,0.2526445006099515
electricity,adadecay_default,0.0,2,11,0.783,0.0005,7.759346008300781,0.06003464299628496
electricity,adadecay_default,0.0,2,12,0.749,0.0005,7.746068477630615,0.018134222845276094
electricity,adadecay_default,0.0,2,13,0.863,0.0005,8.058524131774902,0.2891873992594145
electricity,adadecay_default,0.0,2,14,0.774,0.0005,7.835503101348877,-0.047594985346654385
electricity,adadecay_default,0.0,2,15,0.697,0.0005,7.802093982696533,-0.05340730399215421
electricity,adadecay_default,0.0,2,16,0.81,0.0005,7.977762699127197,0.12965458267592178
electricity,adadecay_default,0.0,2,17,0.621,0.0005,8.06570053100586,0.1413749916240322
electricity,adadecay_default,0.0,2,18,0.718,0.0005,8.189745903015137,0.1774886584881286
electricity,adadecay_default,0.0,2,19,0.684,0.0005,8.306986808776855,0.1881580310023517
electricity,adadecay_default,0.0,2,20,0.558,0.0005,8.383740425109863,0.15824322290927625
electricity,adadecay_default,0.0,2,21,0.764,0.0005,8.437276840209961,0.12346705174329407
electricity,adadecay_default,0.0,2,22,0.643,0.0005,8.473340034484863,0.09141595230782931
electricity,adadecay_default,0.0,2,23,0.502,0.0005,8.5012845993042,0.06861033545051404
electricity,adadecay_default,0.0,2,24,0.605,0.0005,8.48851490020752,0.023873983483241164
electricity,adadecay_default,0.0,2,25,0.797,0.0005,8.51253604888916,0.03158866632456741
electricity,adadecay_default,0.0,2,26,0.843,0.0005,8.552334785461426,0.048261756912132206
electricity,adadecay_default,0.0,2,27,0.679,0.0005,8.560369491577148,0.030655011531740255
electricity,adadecay_default,0.0,2,28,0.428,0.0005,8.579285621643066,0.030672873097956545
electricity,adadecay_default,0.0,2,29,0.658,0.0005,8.592768669128418,0.02625019770965255
electricity,adadecay_default,0.0,2,30,0.435,0.0005,8.617679595947266,0.033257439665373846
electricity,adadecay_default,0.0,2,31,0.537,0.0005,8.648236274719238,0.041252419957076285
electricity,adadecay_default,0.0,2,32,0.578,0.0005,8.662029266357422,0.03170183986552932
electricity,adadecay_default,0.0,2,33,0.708,0.0005,8.675838470458984,0.026921911239356146
electricity,adadecay_default,0.0,2,34,0.588,0.0005,8.681963920593262,0.018363980070806248
electricity,adadecay_default,0.0,2,35,0.705,0.0005,8.681757926940918,0.009017221846120962
electricity,adadecay_default,0.0,2,36,0.712,0.0005,8.664349555969238,-0.009416157090333322
electricity,adadecay_default,0.0,2,37,0.64,0.0005,8.669734954833984,-0.0003917010738037217
electricity,adadecay_default,0.0,2,38,0.661,0.0005,8.683725357055664,0.011010440253995323
electricity,adadecay_default,0.0,2,39,0.66,0.0005,8.697819709777832,0.016776586439839595
electricity,adadecay_default,0.0,2,40,0.813,0.0005,8.703788757324219,0.01315405296836876
electricity,adadecay_default,0.0,2,41,0.794,0.0005,8.709064483642578,0.010786341455334839
electricity,adadecay_default,0.0,2,42,0.769,0.0005,8.714282989501953,0.009554309285258631
electricity,adadecay_default,0.0,2,43,0.704,0.0005,8.721598625183105,0.010607011858048443
electricity,adadecay_default,0.0,2,44,0.782,0.0005,8.734546661376953,0.015613189036108602
electricity,adadecay_default,0.0,2,45,0.7403846153846154,0.0005,8.737381935119629,0.026828781078786102
electricity,adadecay_default,0.0,3,0,0.506,0.0005,6.59235143661499,0.5149355691979097
electricity,adadecay_default,0.0,3,1,0.809,0.0005,6.872267723083496,0.5523342096015584
electricity,adadecay_default,0.0,3,2,0.77,0.0005,7.227951526641846,0.6355865152673759
electricity,adadecay_default,0.0,3,3,0.896,0.0005,7.300897598266602,0.38787811362245905
electricity,adadecay_default,0.0,3,4,0.789,0.0005,7.315415859222412,0.2077484898679946
electricity,adadecay_default,0.0,3,5,0.791,0.0005,7.249118804931641,0.040939174773617616
electricity,adadecay_default,0.0,3,6,0.865,0.0005,7.457502841949463,0.2200954187629809
electricity,adadecay_default,0.0,3,7,0.788,0.0005,7.542243957519531,0.18895883844284692
electricity,adadecay_default,0.0,3,8,0.876,0.0005,7.711365699768066,0.2501965439932269
electricity,adadecay_default,0.0,3,9,0.834,0.0005,7.575620174407959,0.002853095701392363
electricity,adadecay_default,0.0,3,10,0.862,0.0005,7.830764293670654,0.2353128991664459
electricity,adadecay_default,0.0,3,11,0.79,0.0005,7.717655658721924,0.01734994026545685
electricity,adadecay_default,0.0,3,12,0.748,0.0005,7.755580902099609,0.04280058512835169
electricity,adadecay_default,0.0,3,13,0.874,0.0005,8.118157386779785,0.3460558259803082
electricity,adadecay_default,0.0,3,14,0.751,0.0005,7.876916408538818,-0.033334749286605535
electricity,adadecay_default,0.0,3,15,0.701,0.0005,7.83828592300415,-0.05072477055099228
electricity,adadecay_default,0.0,3,16,0.812,0.0005,8.069938659667969,0.1798737563972536
electricity,adadecay_default,0.0,3,17,0.607,0.0005,8.254755973815918,0.24897818255031526
electricity,adadecay_default,0.0,3,18,0.689,0.0005,8.398724555969238,0.2456049454179518
electricity,adadecay_default,0.0,3,19,0.529,0.0005,8.437800407409668,0.1551121499271116
electricity,adadecay_default,0.0,3,20,0.566,0.0005,8.444354057312012,0.08294983346194283
electricity,adadecay_default,0.0,3,21,0.328,0.0005,8.447402000427246,0.04398147572765886
electricity,adadecay_default,0.0,3,22,0.588,0.0005,8.448370933532715,0.022787278873831043
electricity,adadecay_default,0.0,3,23,0.607,0.0005,8.448647499084473,0.011620972507934686
electricity,adadecay_default,0.0,3,24,0.714,0.0005,8.448690414428711,0.005845760920582231
electricity,adadecay_default,0.0,3,25,0.674,0.0005,8.448494911193848,0.0027621855730813236
electricity,adadecay_default,0.0,3,26,0.426,0.0005,8.448027610778809,0.0009969839239307597
electricity,adadecay_default,0.0,3,27,0.621,0.0005,8.446866035461426,-0.00045634573876726176
electricity,adadecay_default,0.0,3,28,0.617,0.0005,8.445642471313477,-0.001234104917314137
electricity,adadecay_default,0.0,3,29,0.587,0.0005,8.444768905639648,-0.0013353433774447913
electricity,adadecay_default,0.0,3,30,0.641,0.0005,8.448044776916504,0.0020261978941478846
electricity,adadecay_default,0.0,3,31,0.583,0.0005,8.45815372467041,0.009322835450910056
electricity,adadecay_default,0.0,3,32,0.548,0.0005,8.45883846282959,0.005223612060082024
electricity,adadecay_default,0.0,3,33,0.604,0.0005,8.458515167236328,0.002346390359035465
electricity,adadecay_default,0.0,3,34,0.516,0.0005,8.458263397216797,0.0009664918895379958
electricity,adadecay_default,0.0,3,35,0.418,0.0005,8.457884788513184,0.00017239879034124572
electricity,adadecay_default,0.0,3,36,0.66,0.0005,8.467057228088379,0.007617337338367568
electricity,adadecay_default,0.0,3,37,0.614,0.0005,8.468172073364258,0.004723033704630629
electricity,adadecay_default,0.0,3,38,0.559,0.0005,8.468131065368652,0.002327887664718158
electricity,adadecay_default,0.0,3,39,0.483,0.0005,8.467674255371094,0.0007893285098960725
electricity,adadecay_default,0.0,3,40,0.535,0.0005,8.467184066772461,-7.34548088302832e-06
electricity,adadecay_default,0.0,3,41,0.543,0.0005,8.466869354248047,-0.00026178731838491525
electricity,adadecay_default,0.0,3,42,0.627,0.0005,8.466653823852539,-0.0003076696073109925
electricity,adadecay_default,0.0,3,43,0.518,0.0005,8.466484069824219,-0.00029306896196840983
electricity,adadecay_default,0.0,3,44,0.692,0.0005,8.466269493103027,-0.0003225362435925561
electricity,adadecay_default,0.0,3,45,0.7596153846153846,0.0005,8.466129302978516,-0.0007366902783681266
electricity,adadecay_default,0.0,4,0,0.267,0.0005,6.365927219390869,0.496045997676015
electricity,adadecay_default,0.0,4,1,0.814,0.0005,6.720099925994873,0.6343819061874044
electricity,adadecay_default,0.0,4,2,0.758,0.0005,6.978555679321289,0.5842750203081271
electricity,adadecay_default,0.0,4,3,0.889,0.0005,7.053808689117432,0.3670226826482803
electricity,adadecay_default,0.0,4,4,0.795,0.0005,7.032802104949951,0.16283044917807799
electricity,adadecay_default,0.0,4,5,0.793,0.0005,6.961688995361328,0.011195555182696954
electricity,adadecay_default,0.0,4,6,0.863,0.0005,7.1841206550598145,0.22747845977791561
electricity,adadecay_default,0.0,4,7,0.778,0.0005,7.276268005371094,0.20281236572064193
electricity,adadecay_default,0.0,4,8,0.841,0.0005,7.424067497253418,0.24246549507038995
electricity,adadecay_default,0.0,4,9,0.839,0.0005,7.29536247253418,0.000842557896679405
electricity,adadecay_default,0.0,4,10,0.865,0.0005,7.532285690307617,0.2259481296868333
electricity,adadecay_default,0.0,4,11,0.786,0.0005,7.470424652099609,0.055940840033065126
electricity,adadecay_default,0.0,4,12,0.734,0.0005,7.470442295074463,0.027986820778793182
electricity,adadecay_default,0.0,4,13,0.875,0.0005,7.744804859161377,0.26903795911616735
electricity,adadecay_default,0.0,4,14,0.771,0.0005,7.585957050323486,-0.007913244837014539
electricity,adadecay_default,0.0,4,15,0.716,0.0005,7.571394920349121,-0.017287294069941537
electricity,adadecay_default,0.0,4,16,0.809,0.0005,7.834593296051025,0.23276054824974304
electricity,adadecay_default,0.0,4,17,0.634,0.0005,8.004560470581055,0.26703616094643334
electricity,adadecay_default,0.0,4,18,0.76,0.0005,8.225046157836914,0.32480286263841773
electricity,adadecay_default,0.0,4,19,0.628,0.0005,8.363147735595703,0.2790012310081305
electricity,adadecay_default,0.0,4,20,0.541,0.0005,8.420740127563477,0.1873231793385585
electricity,adadecay_default,0.0,4,21,0.762,0.0005,8.454488754272461,0.12149352126988325
electricity,adadecay_default,0.0,4,22,0.595,0.0005,8.468852996826172,0.07254542608947301
electricity,adadecay_default,0.0,4,23,0.686,0.0005,8.471044540405273,0.03806977489459404
electricity,adadecay_default,0.0,4,24,0.678,0.0005,8.463600158691406,0.012932086902618335
electricity,adadecay_default,0.0,4,25,0.698,0.0005,8.467642784118652,0.009783046518895748
electricity,adadecay_default,0.0,4,26,0.73,0.0005,8.477803230285645,0.013224261866439246
electricity,adadecay_default,0.0,4,27,0.659,0.0005,8.46889877319336,-0.0006817995704284089
electricity,adadecay_default,0.0,4,28,0.515,0.0005,8.482513427734375,0.01082303245939387
electricity,adadecay_default,0.0,4,29,0.626,0.0005,8.492135047912598,0.013288521950046421
electricity,adadecay_default,0.0,4,30,0.416,0.0005,8.4938383102417,0.008037103947023153
electricity,adadecay_default,0.0,4,31,0.578,0.0005,8.493437767028809,0.0036910733957566918
electricity,adadecay_default,0.0,4,32,0.372,0.0005,8.486180305480957,-0.004088343070145399
electricity,adadecay_default,0.0,4,33,0.405,0.0005,8.484469413757324,-0.0034442351794372644
electricity,adadecay_default,0.0,4,34,0.469,0.0005,8.483644485473633,-0.0023973122727775787
electricity,adadecay_default,0.0,4,35,0.699,0.0005,8.48380184173584,-0.0010698492512401802
electricity,adadecay_default,0.0,4,36,0.634,0.0005,8.449867248535156,-0.028312199675543305
electricity,adadecay_default,0.0,4,37,0.616,0.0005,8.446741104125977,-0.016725292410426546
electricity,adadecay_default,0.0,4,38,0.6,0.0005,8.454566955566406,-0.0019286629815547915
electricity,adadecay_default,0.0,4,39,0.51,0.0005,8.454166412353516,-0.0012933312023104097
electricity,adadecay_default,0.0,4,40,0.53,0.0005,8.45358943939209,-0.0011206043055924206
electricity,adadecay_default,0.0,4,41,0.594,0.0005,8.452960968017578,-0.0010765780586123321
electricity,adadecay_default,0.0,4,42,0.681,0.0005,8.452881813049316,-0.0006033179915449588
electricity,adadecay_default,0.0,4,43,0.666,0.0005,8.453285217285156,2.9756770637300323e-05
electricity,adadecay_default,0.0,4,44,0.686,0.0005,8.452821731567383,-0.0003658790048720016
electricity,adadecay_default,0.0,4,45,0.7211538461538461,0.0005,8.452418327331543,-0.0013716203320079513
electricity,adadecay_regime,0.0,0,0,0.543,1.0,6.252599716186523,0.16983243624980218
electricity,adadecay_regime,0.0,0,1,0.811,1.0,6.350846767425537,0.19403422025663308
electricity,adadecay_regime,0.0,0,2,0.766,1.0,6.5454206466674805,0.30977732057238744
electricity,adadecay_regime,0.0,0,3,0.89,1.0,6.532543659210205,0.14122666225183178
electricity,adadecay_regime,0.0,0,4,0.783,1.0,6.395129203796387,-0.07546560860520805
electricity,adadecay_regime,0.0,0,5,0.788,1.0,6.242982387542725,-0.20294840498902422
electricity,adadecay_regime,0.0,0,6,0.841,1.0,6.310906410217285,-0.025918230584705604
electricity,adadecay_regime,0.0,0,7,0.778,1.0,6.358712196350098,0.0396457887171215
electricity,adadecay_regime,0.0,0,8,0.851,1.0,6.496160984039307,0.16993276575857275
electricity,adadecay_regime,0.0,0,9,0.831,1.0,6.202096462249756,-0.22939077970746324
electricity,adadecay_regime,0.0,0,10,0.881,1.0,6.481812477111816,0.19850069428554148
electricity,adadecay_regime,0.0,0,11,0.791,1.0,6.1370768547058105,-0.2700903868375248
electricity,adadecay_regime,0.0,0,12,0.731,1.0,6.063126087188721,-0.2187246077074386
electricity,adadecay_regime,0.0,0,13,0.883,1.0,6.418934345245361,0.2981652067763885
electricity,adadecay_regime,0.0,0,14,0.766,1.0,6.055337429046631,-0.24428153603213126
electricity,adadecay_regime,0.0,0,15,0.717,1.0,5.97970724105835,-0.20887575924678758
electricity,adadecay_regime,0.0,0,16,0.79,1.0,6.254958152770996,0.2152206902052732
electricity,adadecay_regime,0.0,0,17,0.699,1.0,5.8597307205200195,-0.3311831494583146
electricity,adadecay_regime,0.0,0,18,0.756,1.0,5.808082103729248,-0.22680103418090866
electricity,adadecay_regime,0.0,0,19,0.536,1.0,5.697559356689453,-0.24554725037652517
electricity,adadecay_regime,0.0,0,20,0.559,1.0,5.542225360870361,-0.31210176321504024
electricity,adadecay_regime,0.0,0,21,0.753,1.0,5.368833541870117,-0.3733119592009165
electricity,adadecay_regime,0.0,0,22,0.66,1.0,5.188189506530762,-0.42031427014921136
electricity,adadecay_regime,0.0,0,23,0.668,1.0,5.020684242248535,-0.43436463568641576
electricity,adadecay_regime,0.0,0,24,0.641,1.0,4.837281703948975,-0.4708586449608716
electricity,adadecay_regime,0.0,0,25,0.577,1.0,4.6746954917907715,-0.4688395282253968
electricity,adadecay_regime,0.0,0,26,0.671,1.0,4.522200584411621,-0.4609569608594554
electricity,adadecay_regime,0.0,0,27,0.685,1.0,4.390950679779053,-0.4320302811616914
electricity,adadecay_regime,0.0,0,28,0.617,1.0,4.254688739776611,-0.431518238030024
electricity,adadecay_regime,0.0,0,29,0.595,1.0,4.1280436515808105,-0.4224674901621514
electricity,adadecay_regime,0.0,0,30,0.725,1.0,3.99348521232605,-0.4375960815301527
electricity,adadecay_regime,0.0,0,31,0.642,1.0,3.875572919845581,-0.4238408344431716
electricity,adadecay_regime,0.0,0,32,0.471,1.0,3.758192539215088,-0.4222484252386484
electricity,adadecay_regime,0.0,0,33,0.592,1.0,3.6565723419189453,-0.39889953471704326
electricity,adadecay_regime,0.0,0,34,0.563,1.0,3.5594022274017334,-0.38399211982043724
electricity,adadecay_regime,0.0,0,35,0.703,1.0,3.4617373943328857,-0.3825415403285557
electricity,adadecay_regime,0.0,0,36,0.698,1.0,3.3640730381011963,-0.38719108958639975
electricity,adadecay_regime,0.0,0,37,0.401,1.0,3.2626802921295166,-0.40290024284672876
electricity,adadecay_regime,0.0,0,38,0.671,1.0,3.1582770347595215,-0.4236669970313417
electricity,adadecay_regime,0.0,0,39,0.767,1.0,3.06195068359375,-0.42363663891290604
electricity,adadecay_regime,0.0,0,40,0.788,1.0,2.9676601886749268,-0.42566732333204954
electricity,adadecay_regime,0.0,0,41,0.807,1.0,2.8810880184173584,-0.41541602910914605
electricity,adadecay_regime,0.0,0,42,0.725,1.0,2.794837474822998,-0.41560242960371246
electricity,adadecay_regime,0.0,0,43,0.826,1.0,2.7116198539733887,-0.4145753653543303
electricity,adadecay_regime,0.0,0,44,0.751,1.0,2.6284019947052,-0.42040819056344103
electricity,adadecay_regime,0.0,0,45,0.7788461538461539,1.0,2.59694504737854,-0.7821755200698101
electricity,adadecay_regime,0.0,1,0,0.494,1.0,6.30424690246582,0.27729853372114704
electricity,adadecay_regime,0.0,1,1,0.819,1.0,6.384097099304199,0.22660826726157252
electricity,adadecay_regime,0.0,1,2,0.738,1.0,6.446644306182861,0.18134125721578226
electricity,adadecay_regime,0.0,1,3,0.892,1.0,6.443476676940918,0.08725839981931463
electricity,adadecay_regime,0.0,1,4,0.805,1.0,6.189842224121094,-0.22972483784256337
electricity,adadecay_regime,0.0,1,5,0.793,1.0,6.06485652923584,-0.25508509068801355
electricity,adadecay_regime,0.0,1,6,0.845,1.0,6.148695945739746,-0.03154387375807266
electricity,adadecay_regime,0.0,1,7,0.795,1.0,6.1615729331970215,-0.001228442649044146
electricity,adadecay_regime,0.0,1,8,0.866,1.0,6.326199054718018,0.18492881572162817
electricity,adadecay_regime,0.0,1,9,0.83,1.0,6.035218238830566,-0.22695331719830872
electricity,adadecay_regime,0.0,1,10,0.866,1.0,6.281620025634766,0.1700463975289507
electricity,adadecay_regime,0.0,1,11,0.806,1.0,5.996966361999512,-0.22966656995048723
electricity,adadecay_regime,0.0,1,12,0.739,1.0,5.9154558181762695,-0.20922191566753487
electricity,adadecay_regime,0.0,1,13,0.885,1.0,6.245230674743652,0.28252796112657647
electricity,adadecay_regime,0.0,1,14,0.762,1.0,5.862316131591797,-0.2845215364779391
electricity,adadecay_regime,0.0,1,15,0.707,1.0,5.700376987457275,-0.33409235230564405
electricity,adadecay_regime,0.0,1,16,0.82,1.0,5.966923236846924,0.1576719301818945
electricity,adadecay_regime,0.0,1,17,0.615,1.0,5.623695373535156,-0.32062062818895204
electricity,adadecay_regime,0.0,1,18,0.732,1.0,5.524749755859375,-0.28249373608496037
electricity,adadecay_regime,0.0,1,19,0.695,1.0,5.4611310958862305,-0.2212136121189641
electricity,adadecay_regime,0.0,1,20,0.51,1.0,5.356635570526123,-0.24348465825072452
electricity,adadecay_regime,0.0,1,21,0.714,1.0,5.208296298980713,-0.31405218791889006
electricity,adadecay_regime,0.0,1,22,0.683,1.0,5.051778316497803,-0.365718221195295
electricity,adadecay_regime,0.0,1,23,0.698,1.0,4.895793914794922,-0.3972836050945287
electricity,adadecay_regime,0.0,1,24,0.66,1.0,4.722154140472412,-0.444941337845168
electricity,adadecay_regime,0.0,1,25,0.811,1.0,4.570895671844482,-0.44491280039292475
electricity,adadecay_regime,0.0,1,26,0.525,1.0,4.420985221862793,-0.45021149816376993
electricity,adadecay_regime,0.0,1,27,0.635,1.0,4.2877421379089355,-0.434402805662844
electricity,adadecay_regime,0.0,1,28,0.478,1.0,4.149302005767822,-0.44141959870551883
electricity,adadecay_regime,0.0,1,29,0.469,1.0,4.021883487701416,-0.4339627316954475
electricity,adadecay_regime,0.0,1,30,0.659,1.0,3.8986659049987793,-0.4297368224077105
electricity,adadecay_regime,0.0,1,31,0.48,1.0,3.7791597843170166,-0.42773702730693763
electricity,adadecay_regime,0.0,1,32,0.549,1.0,3.6649811267852783,-0.4236789977882358
electricity,adadecay_regime,0.0,1,33,0.661,1.0,3.558377742767334,-0.4138327022128867
electricity,adadecay_regime,0.0,1,34,0.585,1.0,3.4598450660705566,-0.3992103538085966
electricity,adadecay_regime,0.0,1,35,0.671,1.0,3.362009048461914,-0.39597720396744746
electricity,adadecay_regime,0.0,1,36,0.733,1.0,3.315053939819336,-0.29497737823354286
electricity,adadecay_regime,0.0,1,37,0.343,1.0,3.244248151779175,-0.2958141373043978
electricity,adadecay_regime,0.0,1,38,0.755,1.0,3.1517114639282227,-0.34598559341030655
electricity,adadecay_regime,0.0,1,39,0.739,1.0,3.0456647872924805,-0.4066548126743328
electricity,adadecay_regime,0.0,1,40,0.812,1.0,2.948859930038452,-0.4240529293683376
electricity,adadecay_regime,0.0,1,41,0.78,1.0,2.8572838306427,-0.4276844307389396
electricity,adadecay_regime,0.0,1,42,0.773,1.0,2.7673583030700684,-0.4324004221769513
electricity,adadecay_regime,0.0,1,43,0.571,1.0,2.6925363540649414,-0.4039593702528448
electricity,adadecay_regime,0.0,1,44,0.781,1.0,2.6122729778289795,-0.40899065318725675
electricity,adadecay_regime,0.0,1,45,0.7724358974358975,1.0,2.582050085067749,-0.7595722925832218
electricity,adadecay_regime,0.0,2,0,0.532,1.0,6.182819366455078,0.24123598620981462
electricity,adadecay_regime,0.0,2,1,0.82,1.0,6.23288631439209,0.17685239327803748
electricity,adadecay_regime,0.0,2,2,0.79,1.0,6.426710605621338,0.3043778367831879
electricity,adadecay_regime,0.0,2,3,0.891,1.0,6.402975082397461,0.12654126868354043
electricity,adadecay_regime,0.0,2,4,0.774,1.0,6.268996715545654,-0.08203765022697934
electricity,adadecay_regime,0.0,2,5,0.792,1.0,6.0218706130981445,-0.31477131966543004
electricity,adadecay_regime,0.0,2,6,0.835,1.0,6.184086322784424,0.029682122972526096
electricity,adadecay_regime,0.0,2,7,0.776,1.0,6.228089809417725,0.0642549526153203
electricity,adadecay_regime,0.0,2,8,0.852,1.0,6.314011096954346,0.12793142682084174
electricity,adadecay_regime,0.0,2,9,0.831,1.0,5.9520063400268555,-0.3341840339537862
electricity,adadecay_regime,0.0,2,10,0.874,1.0,6.220778465270996,0.14649519804688382
electricity,adadecay_regime,0.0,2,11,0.783,1.0,5.992307662963867,-0.18180131529762672
electricity,adadecay_regime,0.0,2,12,0.729,1.0,5.900056838989258,-0.19780950780770654
electricity,adadecay_regime,0.0,2,13,0.878,1.0,6.273589134216309,0.3407476669453686
electricity,adadecay_regime,0.0,2,14,0.77,1.0,5.797884464263916,-0.3561994855273198
electricity,adadecay_regime,0.0,2,15,0.695,1.0,5.688316345214844,-0.3093354926838726
electricity,adadecay_regime,0.0,2,16,0.784,1.0,5.939977645874023,0.15256691066059866
electricity,adadecay_regime,0.0,2,17,0.624,1.0,5.4025163650512695,-0.552064028149792
electricity,adadecay_regime,0.0,2,18,0.756,1.0,5.225903511047363,-0.5030518081728337
electricity,adadecay_regime,0.0,2,19,0.633,1.0,5.0432000160217285,-0.49431153308415254
electricity,adadecay_regime,0.0,2,20,0.566,1.0,4.846658706665039,-0.5177915135934673
electricity,adadecay_regime,0.0,2,21,0.768,1.0,4.671435356140137,-0.5099612633107341
electricity,adadecay_regime,0.0,2,22,0.606,1.0,4.500161170959473,-0.5095927525725502
electricity,adadecay_regime,0.0,2,23,0.588,1.0,4.340975761413574,-0.5004440744378704
electricity,adadecay_regime,0.0,2,24,0.66,1.0,4.1758317947387695,-0.5144098984141455
electricity,adadecay_regime,0.0,2,25,0.647,1.0,4.027932643890381,-0.503162518125662
electricity,adadecay_regime,0.0,2,26,0.587,1.0,3.8870368003845215,-0.4944957872298924
electricity,adadecay_regime,0.0,2,27,0.705,1.0,3.7596850395202637,-0.47477011005917896
electricity,adadecay_regime,0.0,2,28,0.676,1.0,3.6320443153381348,-0.47314786723694363
electricity,adadecay_regime,0.0,2,29,0.617,1.0,3.5078072547912598,-0.47411436264495405
electricity,adadecay_regime,0.0,2,30,0.665,1.0,3.384690046310425,-0.4807936674940573
electricity,adadecay_regime,0.0,2,31,0.572,1.0,3.266314744949341,-0.48327009323271564
electricity,adadecay_regime,0.0,2,32,0.41,1.0,3.156496047973633,-0.47511831435352064
electricity,adadecay_regime,0.0,2,33,0.535,1.0,3.053570508956909,-0.4640003364948091
electricity,adadecay_regime,0.0,2,34,0.527,1.0,2.9528396129608154,-0.46108284671573607
electricity,adadecay_regime,0.0,2,35,0.518,1.0,2.861499071121216,-0.44535475610583786
electricity,adadecay_regime,0.0,2,36,0.612,1.0,2.775437593460083,-0.4315361389925647
electricity,adadecay_regime,0.0,2,37,0.458,1.0,2.6879489421844482,-0.4346741186664844
electricity,adadecay_regime,0.0,2,38,0.728,1.0,2.6062772274017334,-0.42833983438221307
electricity,adadecay_regime,0.0,2,39,0.756,1.0,2.5301613807678223,-0.41698113878083903
electricity,adadecay_regime,0.0,2,40,0.76,1.0,2.4511771202087402,-0.4252758755005777
electricity,adadecay_regime,0.0,2,41,0.675,1.0,2.3797662258148193,-0.41495256640684197
electricity,adadecay_regime,0.0,2,42,0.692,1.0,2.3089308738708496,-0.4141823709448472
electricity,adadecay_regime,0.0,2,43,0.642,1.0,2.2445735931396484,-0.4006550403676944
electricity,adadecay_regime,0.0,2,44,0.714,1.0,2.1745245456695557,-0.41705096379420287
electricity,adadecay_regime,0.0,2,45,0.6955128205128205,1.0,2.147723436355591,-0.7843094954394497
electricity,adadecay_regime,0.0,3,0,0.506,1.0,6.283554553985596,0.1655256027075347
electricity,adadecay_regime,0.0,3,1,0.808,1.0,6.331228733062744,0.13545124150198018
electricity,adadecay_regime,0.0,3,2,0.759,1.0,6.4988861083984375,0.25162157172805777
electricity,adadecay_regime,0.0,3,3,0.896,1.0,6.40578031539917,0.026321735562977133
electricity,adadecay_regime,0.0,3,4,0.786,1.0,6.232650279998779,-0.1745277280344304
electricity,adadecay_regime,0.0,3,5,0.786,1.0,5.994619369506836,-0.3524788784511531
electricity,adadecay_regime,0.0,3,6,0.863,1.0,6.139256477355957,-0.008685121236275267
electricity,adadecay_regime,0.0,3,7,0.791,1.0,6.131594181060791,-0.013009797625567686
electricity,adadecay_regime,0.0,3,8,0.863,1.0,6.268503665924072,0.14855433757424064
electricity,adadecay_regime,0.0,3,9,0.837,1.0,5.977639675140381,-0.24795105863925085
electricity,adadecay_regime,0.0,3,10,0.896,1.0,6.2224440574646,0.16042274913078416
electricity,adadecay_regime,0.0,3,11,0.79,1.0,5.906077861785889,-0.272863309546092
electricity,adadecay_regime,0.0,3,12,0.738,1.0,5.776605606079102,-0.2886668450115744
electricity,adadecay_regime,0.0,3,13,0.886,1.0,6.1777873039245605,0.33795396264706634
electricity,adadecay_regime,0.0,3,14,0.753,1.0,5.766537189483643,-0.2933088553370529
electricity,adadecay_regime,0.0,3,15,0.695,1.0,5.598498821258545,-0.34901731449811413
electricity,adadecay_regime,0.0,3,16,0.812,1.0,5.8295578956604,0.11209976347173972
electricity,adadecay_regime,0.0,3,17,0.559,1.0,5.217594623565674,-0.6729496446716309
electricity,adadecay_regime,0.0,3,18,0.678,1.0,4.97664213180542,-0.6571745534382883
electricity,adadecay_regime,0.0,3,19,0.47,1.0,4.720860481262207,-0.6855069456568216
electricity,adadecay_regime,0.0,3,20,0.571,1.0,4.505575180053711,-0.6594408267295894
electricity,adadecay_regime,0.0,3,21,0.342,1.0,4.320021152496338,-0.615714894495491
electricity,adadecay_regime,0.0,3,22,0.584,1.0,4.154651641845703,-0.5736893353287621
electricity,adadecay_regime,0.0,3,23,0.506,1.0,3.988970994949341,-0.5637776447406473
electricity,adadecay_regime,0.0,3,24,0.628,1.0,3.831164598464966,-0.5566157518844747
electricity,adadecay_regime,0.0,3,25,0.583,1.0,3.679861068725586,-0.5525636353904712
electricity,adadecay_regime,0.0,3,26,0.641,1.0,3.548818826675415,-0.5235779935010695
electricity,adadecay_regime,0.0,3,27,0.584,1.0,3.4242725372314453,-0.5055052387023272
electricity,adadecay_regime,0.0,3,28,0.635,1.0,3.308211326599121,-0.4881254235388079
electricity,adadecay_regime,0.0,3,29,0.621,1.0,3.1846203804016113,-0.5034991186288718
electricity,adadecay_regime,0.0,3,30,0.648,1.0,3.0432424545288086,-0.5600409832895414
electricity,adadecay_regime,0.0,3,31,0.626,1.0,2.9263269901275635,-0.5468125594349502
electricity,adadecay_regime,0.0,3,32,0.565,1.0,2.8180935382843018,-0.5302542655684899
electricity,adadecay_regime,0.0,3,33,0.642,1.0,2.728886127471924,-0.48495514771813875
electricity,adadecay_regime,0.0,3,34,0.536,1.0,2.629155397415161,-0.4962714230455983
electricity,adadecay_regime,0.0,3,35,0.659,1.0,2.542372226715088,-0.47735795842067014
electricity,adadecay_regime,0.0,3,36,0.653,1.0,2.4447622299194336,-0.5052989465175526
electricity,adadecay_regime,0.0,3,37,0.674,1.0,2.3407421112060547,-0.5481227616910365
electricity,adadecay_regime,0.0,3,38,0.547,1.0,2.2517142295837402,-0.5381866661440022
electricity,adadecay_regime,0.0,3,39,0.497,1.0,2.1592583656311035,-0.5542336951776342
electricity,adadecay_regime,0.0,3,40,0.526,1.0,2.072678565979004,-0.5555682910403866
electricity,adadecay_regime,0.0,3,41,0.55,1.0,1.9961767196655273,-0.5341011791120244
electricity,adadecay_regime,0.0,3,42,0.676,1.0,1.9290969371795654,-0.5004126051680367
electricity,adadecay_regime,0.0,3,43,0.587,1.0,1.8661158084869385,-0.4769284236058794
electricity,adadecay_regime,0.0,3,44,0.59,1.0,1.8504970073699951,-0.2965870229125703
electricity,adadecay_regime,0.0,3,45,0.6730769230769231,1.0,1.8349379301071167,-0.5511540525567813
electricity,adadecay_regime,0.0,4,0,0.267,1.0,6.071473598480225,0.15188885033076086
electricity,adadecay_regime,0.0,4,1,0.812,1.0,6.19835090637207,0.22106445272112896
electricity,adadecay_regime,0.0,4,2,0.754,1.0,6.291665554046631,0.21507912866043394
electricity,adadecay_regime,0.0,4,3,0.89,1.0,6.2200188636779785,0.028459318150676895
electricity,adadecay_regime,0.0,4,4,0.8,1.0,6.047547817230225,-0.17832853513296765
electricity,adadecay_regime,0.0,4,5,0.78,1.0,5.827381610870361,-0.34198277100250274
electricity,adadecay_regime,0.0,4,6,0.85,1.0,5.989556312561035,0.022270920177204678
electricity,adadecay_regime,0.0,4,7,0.774,1.0,5.990097522735596,0.011762952976868739
electricity,adadecay_regime,0.0,4,8,0.849,1.0,6.126644134521484,0.16418279896690716
electricity,adadecay_regime,0.0,4,9,0.84,1.0,5.811103343963623,-0.2755685921648023
electricity,adadecay_regime,0.0,4,10,0.876,1.0,6.088298797607422,0.193472663937282
electricity,adadecay_regime,0.0,4,11,0.78,1.0,5.799604415893555,-0.23255468377827238
electricity,adadecay_regime,0.0,4,12,0.723,1.0,5.681421279907227,-0.2577897905447723
electricity,adadecay_regime,0.0,4,13,0.873,1.0,6.039539813995361,0.3088361128638574
electricity,adadecay_regime,0.0,4,14,0.769,1.0,5.626779556274414,-0.32018609668168396
electricity,adadecay_regime,0.0,4,15,0.707,1.0,5.525634288787842,-0.28492425664641824
electricity,adadecay_regime,0.0,4,16,0.808,1.0,5.773822784423828,0.16945341469260064
electricity,adadecay_regime,0.0,4,17,0.623,1.0,5.374668598175049,-0.39535454465357506
electricity,adadecay_regime,0.0,4,18,0.74,1.0,5.2756571769714355,-0.3256068927962837
electricity,adadecay_regime,0.0,4,19,0.663,1.0,5.102126121520996,-0.39122556207718745
electricity,adadecay_regime,0.0,4,20,0.532,1.0,4.919955730438232,-0.4435627787778874
electricity,adadecay_regime,0.0,4,21,0.758,1.0,4.732834815979004,-0.48589978110864807
electricity,adadecay_regime,0.0,4,22,0.641,1.0,4.559682369232178,-0.49701486294528946
electricity,adadecay_regime,0.0,4,23,0.642,1.0,4.41726016998291,-0.4654179463400362
electricity,adadecay_regime,0.0,4,24,0.73,1.0,4.260743141174316,-0.4787718649500033
electricity,adadecay_regime,0.0,4,25,0.718,1.0,4.110402584075928,-0.4844210383059985
electricity,adadecay_regime,0.0,4,26,0.805,1.0,3.964855670928955,-0.488109170619645
electricity,adadecay_regime,0.0,4,27,0.646,1.0,3.8356730937957764,-0.47031786058337205
electricity,adadecay_regime,0.0,4,28,0.549,1.0,3.701273202896118,-0.4784884719049946
electricity,adadecay_regime,0.0,4,29,0.611,1.0,3.5703389644622803,-0.4849071456690011
electricity,adadecay_regime,0.0,4,30,0.677,1.0,3.4430930614471436,-0.4899516712131288
electricity,adadecay_regime,0.0,4,31,0.653,1.0,3.32073974609375,-0.4917527265883797
electricity,adadecay_regime,0.0,4,32,0.648,1.0,3.1963698863983154,-0.5059628642715694
electricity,adadecay_regime,0.0,4,33,0.477,1.0,3.096029281616211,-0.4709817825946709
electricity,adadecay_regime,0.0,4,34,0.622,1.0,2.9973535537719727,-0.4568221668437647
electricity,adadecay_regime,0.0,4,35,0.588,1.0,2.9074501991271973,-0.43670444638333333
electricity,adadecay_regime,0.0,4,36,0.644,1.0,2.8002097606658936,-0.4744959973191457
electricity,adadecay_regime,0.0,4,37,0.444,1.0,2.709402322769165,-0.4624479877725262
electricity,adadecay_regime,0.0,4,38,0.55,1.0,2.612417697906494,-0.47980440354483844
electricity,adadecay_regime,0.0,4,39,0.79,1.0,2.519132614135742,-0.48787674361548705
electricity,adadecay_regime,0.0,4,40,0.854,1.0,2.429072380065918,-0.49220568756629707
electricity,adadecay_regime,0.0,4,41,0.84,1.0,2.3443431854248047,-0.48833407157040837
electricity,adadecay_regime,0.0,4,42,0.783,1.0,2.26999831199646,-0.464392404861712
electricity,adadecay_regime,0.0,4,43,0.658,1.0,2.1979238986968994,-0.45268833071984216
electricity,adadecay_regime,0.0,4,44,0.787,1.0,2.124929904937744,-0.45697213875739817
electricity,adadecay_regime,0.0,4,45,0.7724358974358975,1.0,2.0988926887512207,-0.8362075146495609
electricity,ctrl,0.0,0,0,0.543,0.0,6.560118675231934,0.5197308976926373
electricity,ctrl,0.0,0,1,0.8,0.6240297122696687,6.9041290283203125,0.6240297122696687
electricity,ctrl,0.0,0,2,0.761,1.0090194688028256,6.976680278778076,0.3849897565331568
electricity,ctrl,0.0,0,3,0.89,0.9469140640554823,6.720898151397705,-0.062105404747343315
electricity,ctrl,0.0,0,4,0.782,0.5750615734550356,6.391068935394287,-0.3718524906004467
electricity,ctrl,0.0,0,5,0.786,0.22166403077856356,6.236942768096924,-0.35339754267647205
electricity,ctrl,0.0,0,6,0.847,0.2145219767348415,6.389225006103516,-0.0071420540437220756
electricity,ctrl,0.0,0,7,0.773,0.3094406296422051,6.479840278625488,0.09491865290736362
electricity,ctrl,0.0,0,8,0.853,0.4828812391219677,6.597393035888672,0.17344060947976256
electricity,ctrl,0.0,0,9,0.832,0.23346564910357265,6.278055667877197,-0.24941559001839503
electricity,ctrl,0.0,0,10,0.871,0.4466463757335798,6.583520412445068,0.21318072663000712
electricity,ctrl,0.0,0,11,0.787,0.19931491878992383,6.247992992401123,-0.24733145694365596
electricity,ctrl,0.0,0,12,0.744,0.10951338378523257,6.27846097946167,-0.08980153500469126
electricity,ctrl,0.0,0,13,0.885,0.4641117326815758,6.639647483825684,0.35459834889634323
electricity,ctrl,0.0,0,14,0.757,0.20955053303694643,6.226741790771484,-0.25456119964462937
electricity,ctrl,0.0,0,15,0.711,0.009067931366811194,6.161105155944824,-0.20048260167013524
electricity,ctrl,0.0,0,16,0.809,0.3436862002619555,6.54691219329834,0.33461826889514434
electricity,ctrl,0.0,0,17,0.706,0.3995630058609184,6.441858768463135,0.05587680559896288
electricity,ctrl,0.0,0,18,0.599,0.4898605551849168,6.499704837799072,0.09029754932399839
electricity,ctrl,0.0,0,19,0.556,0.425973728375009,6.3976521492004395,-0.06388682680990779
electricity,ctrl,0.0,0,20,0.557,0.22949321356538857,6.246070384979248,-0.19648051480962045
electricity,ctrl,0.0,0,21,0.749,0.030833080555721315,6.155749320983887,-0.19866013300966726
electricity,ctrl,0.0,0,22,0.706,0.0,6.138092994689941,-0.1192485801816819
electricity,ctrl,0.0,0,23,0.645,0.0,6.131859302520752,-0.06667689242028547
electricity,ctrl,0.0,0,24,0.699,0.0,6.1133928298950195,-0.054252069127340784
electricity,ctrl,0.0,0,25,0.744,0.0,6.110102653503418,-0.030863475915740082
electricity,ctrl,0.0,0,26,0.831,0.0,6.11461877822876,-0.010298931025186099
electricity,ctrl,0.0,0,27,0.671,0.0,6.107675552368164,-0.013034968763557137
electricity,ctrl,0.0,0,28,0.663,0.0,6.10751485824585,-0.0067001940551057
electricity,ctrl,0.0,0,29,0.618,0.003337686705262858,6.113396644592285,0.003337686705262858
electricity,ctrl,0.0,0,30,0.689,0.012669363364438137,6.120142459869385,0.00933167665917528
electricity,ctrl,0.0,0,31,0.657,0.012682078843904558,6.116041660308838,1.271547946642209e-05
electricity,ctrl,0.0,0,32,0.546,0.006919026944717216,6.110960483551025,-0.005763051899187343
electricity,ctrl,0.0,0,33,0.568,0.0001891135286452442,6.107573986053467,-0.006729913416071972
electricity,ctrl,0.0,0,34,0.62,0.0,6.108036041259766,-0.0028395898900923883
electricity,ctrl,0.0,0,35,0.814,0.0,6.1078901290893555,-0.0015856877057202929
electricity,ctrl,0.0,0,36,0.738,0.0,6.086357593536377,-0.025274537815150485
electricity,ctrl,0.0,0,37,0.523,0.0,6.084834098815918,-0.014375553963133876
electricity,ctrl,0.0,0,38,0.704,0.0,6.086973667144775,-0.004745949784054342
electricity,ctrl,0.0,0,39,0.683,0.0,6.087928771972656,-0.0012833246358351792
electricity,ctrl,0.0,0,40,0.732,0.0,6.087961196899414,-0.0006046755017246317
electricity,ctrl,0.0,0,41,0.836,0.0,6.087422847747803,-0.0009164244137310084
electricity,ctrl,0.0,0,42,0.729,0.0,6.086795330047607,-0.00117407537522146
electricity,ctrl,0.0,0,43,0.71,0.0,6.087082386016846,-0.00025953460549124646
electricity,ctrl,0.0,0,44,0.723,0.0,6.086980819702148,-0.00024563917454125734
electricity,ctrl,0.0,0,45,0.7788461538461539,0.0,6.08672571182251,-0.001103637657314564
electricity,ctrl,0.0,1,0,0.494,0.0,6.610180377960205,0.6277564016661432
electricity,ctrl,0.0,1,1,0.822,0.6246269376157322,6.905971527099609,0.6246269376157322
electricity,ctrl,0.0,1,2,0.738,0.9053465730703532,6.8745527267456055,0.28071963545462103
electricity,ctrl,0.0,1,3,0.891,0.8548232827149226,6.685590744018555,-0.050523290355430565
electricity,ctrl,0.0,1,4,0.803,0.44248960594588016,6.312946796417236,-0.4123336767690424
electricity,ctrl,0.0,1,5,0.794,0.1550044442553663,6.239023208618164,-0.28748516169051386
electricity,ctrl,0.0,1,6,0.848,0.1956326285461279,6.404665470123291,0.04062818429076161
electricity,ctrl,0.0,1,7,0.793,0.2650071783386177,6.4499125480651855,0.0693745497924898
electricity,ctrl,0.0,1,8,0.868,0.4208444615605088,6.562435150146484,0.15583728322189114
electricity,ctrl,0.0,1,9,0.832,0.15621352760255164,6.238729000091553,-0.26463093395795717
electricity,ctrl,0.0,1,10,0.866,0.3339016421317783,6.517229080200195,0.17768811452922664
electricity,ctrl,0.0,1,11,0.804,0.1496529606622737,6.260936737060547,-0.1842486814695046
electricity,ctrl,0.0,1,12,0.78,0.07196371201051216,6.273951053619385,-0.07768924865176155
electricity,ctrl,0.0,1,13,0.887,0.4154210640897717,6.6193413734436035,0.34345735207925954
electricity,ctrl,0.0,1,14,0.756,0.1301968598581218,6.183780670166016,-0.2852242042316499
electricity,ctrl,0.0,1,15,0.707,0.0,6.127450466156006,-0.20587145641002716
electricity,ctrl,0.0,1,16,0.813,0.31199960935205295,6.493569850921631,0.31199960935205295
electricity,ctrl,0.0,1,17,0.624,0.35628149180411123,6.389105319976807,0.04428188245205829
electricity,ctrl,0.0,1,18,0.67,0.463975005344697,6.467816352844238,0.10769351354058575
electricity,ctrl,0.0,1,19,0.669,0.506198362530605,6.456990718841553,0.04222335718590808
electricity,ctrl,0.0,1,20,0.592,0.38385477940263873,6.323605060577393,-0.1223435831279663
electricity,ctrl,0.0,1,21,0.819,0.16895496056412973,6.183620452880859,-0.214899818838509
electricity,ctrl,0.0,1,22,0.66,0.0,6.114415645599365,-0.18516957916884969
electricity,ctrl,0.0,1,23,0.648,0.0,6.116637229919434,-0.09006162632834745
electricity,ctrl,0.0,1,24,0.699,0.0,6.099004745483398,-0.06504962480541442
electricity,ctrl,0.0,1,25,0.694,0.0,6.103097915649414,-0.02786424990017789
electricity,ctrl,0.0,1,26,0.522,0.010315953798629776,6.12440824508667,0.010315953798629776
electricity,ctrl,0.0,1,27,0.684,0.019010544321786466,6.127527236938477,0.00869459052315669
electricity,ctrl,0.0,1,28,0.455,0.04500391088459388,6.146626949310303,0.025993366562807412
electricity,ctrl,0.0,1,29,0.627,0.058674544748333446,6.147223472595215,0.013670633863739567
electricity,ctrl,0.0,1,30,0.714,0.05117835466082789,6.134537220001221,-0.007496190087505557
electricity,ctrl,0.0,1,31,0.597,0.0370149885805353,6.125336647033691,-0.014163366080292585
electricity,ctrl,0.0,1,32,0.648,0.028267710822587926,6.123867511749268,-0.008747277757947373
electricity,ctrl,0.0,1,33,0.602,0.024479684350660096,6.124383926391602,-0.0037880264719278287
electricity,ctrl,0.0,1,34,0.552,0.016894950094147546,6.119365215301514,-0.00758473425651255
electricity,ctrl,0.0,1,35,0.582,0.002022414939376594,6.1096014976501465,-0.014872535154770952
electricity,ctrl,0.0,1,36,0.698,0.0,6.107352256774902,-0.009992854665154061
electricity,ctrl,0.0,1,37,0.669,0.011898334670062048,6.122210502624512,0.011898334670062048
electricity,ctrl,0.0,1,38,0.648,0.025269430328904614,6.128753662109375,0.013371095658842565
electricity,ctrl,0.0,1,39,0.704,0.02766174975499659,6.124964714050293,0.0023923194260919755
electricity,ctrl,0.0,1,40,0.794,0.019448160543868467,6.116665363311768,-0.008213589211128122
electricity,ctrl,0.0,1,41,0.823,0.010995802036754921,6.112837791442871,-0.008452358507113546
electricity,ctrl,0.0,1,42,0.778,0.005748504430543365,6.111938953399658,-0.005247297606211556
electricity,ctrl,0.0,1,43,0.747,0.006193537273691166,6.114639759063721,0.0004450328431478014
electricity,ctrl,0.0,1,44,0.689,0.01203406963064775,6.11958646774292,0.005840532356956584
electricity,ctrl,0.0,1,45,0.7980769230769231,0.018740669157772512,6.119229316711426,0.00670659952712476
electricity,ctrl,0.0,2,0,0.532,0.0,6.4753265380859375,0.5811881883422629
electricity,ctrl,0.0,2,1,0.821,0.5997366221074637,6.763585567474365,0.5997366221074637
electricity,ctrl,0.0,2,2,0.789,1.0069676267082703,6.868152141571045,0.40723100460080663
electricity,ctrl,0.0,2,3,0.887,0.9473895939170648,6.607850074768066,-0.059578032791205576
electricity,ctrl,0.0,2,4,0.772,0.6167873349130881,6.321617126464844,-0.3306022590039766
electricity,ctrl,0.0,2,5,0.794,0.19291295477146408,6.0862345695495605,-0.42387438014162404
electricity,ctrl,0.0,2,6,0.845,0.29808671749889215,6.364156246185303,0.10517376272742805
electricity,ctrl,0.0,2,7,0.782,0.4330801274918049,6.439676761627197,0.13499340999291273
electricity,ctrl,0.0,2,8,0.865,0.4986130508781036,6.4378557205200195,0.06553292338629867
electricity,ctrl,0.0,2,9,0.827,0.17522292562140146,6.107680320739746,-0.32339012525670213
electricity,ctrl,0.0,2,10,0.881,0.42860217001574424,6.472740650177002,0.2533792443943428
electricity,ctrl,0.0,2,11,0.79,0.22657420438256556,6.166351318359375,-0.20202796563317868
electricity,ctrl,0.0,2,12,0.745,0.047751238999840684,6.097260475158691,-0.17882296538272488
electricity,ctrl,0.0,2,13,0.876,0.44948763739465464,6.528491020202637,0.40173639839481395
electricity,ctrl,0.0,2,14,0.764,0.10481481652920832,6.015626430511475,-0.3446728208654463
electricity,ctrl,0.0,2,15,0.701,0.0,5.941263198852539,-0.2581813904909075
electricity,ctrl,0.0,2,16,0.805,0.2706492652751208,6.283257484436035,0.2706492652751208
electricity,ctrl,0.0,2,17,0.533,0.2542042002064909,6.145937919616699,-0.016445065068629843
electricity,ctrl,0.0,2,18,0.435,0.2794631483950359,6.175569534301758,0.025258948188544957
electricity,ctrl,0.0,2,19,0.67,0.22961137463864123,6.120006084442139,-0.04985177375639465
electricity,ctrl,0.0,2,20,0.563,0.13228993999184757,6.0562052726745605,-0.09732143464679367
electricity,ctrl,0.0,2,21,0.789,0.0386631629643701,6.016990661621094,-0.09362677702747747
electricity,ctrl,0.0,2,22,0.722,0.0,6.001507759094238,-0.06468281236415076
electricity,ctrl,0.0,2,23,0.596,0.0,5.997565269470215,-0.0369033264970725
electricity,ctrl,0.0,2,24,0.727,0.0,5.973531723022461,-0.046279560171801765
electricity,ctrl,0.0,2,25,0.656,0.0,5.97440242767334,-0.022127554763275905
electricity,ctrl,0.0,2,26,0.804,0.0039882471863320005,5.987351894378662,0.0039882471863320005
electricity,ctrl,0.0,2,27,0.638,0.013523353707149417,5.993853569030762,0.009535106520817417
electricity,ctrl,0.0,2,28,0.404,0.016726337974229125,5.9925031661987305,0.0032029842670797085
electricity,ctrl,0.0,2,29,0.657,0.014284010889277339,5.989013671875,-0.0024423270849517854
electricity,ctrl,0.0,2,30,0.419,0.009650303722861332,5.98607063293457,-0.004633707166416006
electricity,ctrl,0.0,2,31,0.63,0.005758549247220817,5.984713077545166,-0.003891754475640515
electricity,ctrl,0.0,2,32,0.588,0.004664207757608128,5.985446929931641,-0.0010943414896126885
electricity,ctrl,0.0,2,33,0.552,0.0017038183476532132,5.983366966247559,-0.002960389409954915
electricity,ctrl,0.0,2,34,0.516,0.0,5.9821858406066895,-0.0028510384859443513
electricity,ctrl,0.0,2,35,0.766,0.0,5.981693267822266,-0.0019973243368655983
electricity,ctrl,0.0,2,36,0.728,0.0,5.969968795776367,-0.014610183374502976
electricity,ctrl,0.0,2,37,0.557,0.0,5.961068153381348,-0.017658582425058873
electricity,ctrl,0.0,2,38,0.57,0.0,5.962765693664551,-0.006851713723800049
electricity,ctrl,0.0,2,39,0.64,0.0,5.96452522277832,-0.0013766480204498756
electricity,ctrl,0.0,2,40,0.697,0.0005197418475561591,5.96556282043457,0.0005197418475561591
electricity,ctrl,0.0,2,41,0.758,0.0008839679545291681,5.9656524658203125,0.00036422610697300895
electricity,ctrl,0.0,2,42,0.768,0.0007247114693954783,5.965359210968018,-0.00015925648513368987
electricity,ctrl,0.0,2,43,0.717,0.0010058980368177208,5.96566915512085,0.00028118656742224255
electricity,ctrl,0.0,2,44,0.771,0.002472555623401573,5.966808319091797,0.0014666575865838524
electricity,ctrl,0.0,2,45,0.7211538461538461,0.0042771486206535266,5.96675968170166,0.0018045929972519532
electricity,ctrl,0.0,3,0,0.506,0.0,6.592498302459717,0.5151017508945887
electricity,ctrl,0.0,3,1,0.809,0.5525729723034394,6.872568607330322,0.5525729723034394
electricity,ctrl,0.0,3,2,0.77,0.9384320397006883,6.981007099151611,0.38585906739724896
electricity,ctrl,0.0,3,3,0.896,0.8424113489656918,6.690535545349121,-0.09602069073499653
electricity,ctrl,0.0,3,4,0.789,0.5101924578494086,6.416718482971191,-0.3322188911162832
electricity,ctrl,0.0,3,5,0.79,0.10835551254408732,6.198904514312744,-0.40183694530532127
electricity,ctrl,0.0,3,6,0.868,0.19211981513476556,6.453024387359619,0.08376430259067826
electricity,ctrl,0.0,3,7,0.788,0.25685356008952837,6.474258899688721,0.06473374495476282
electricity,ctrl,0.0,3,8,0.865,0.4195687959484944,6.5957818031311035,0.16271523585896602
electricity,ctrl,0.0,3,9,0.836,0.1614451245439777,6.273344993591309,-0.2581236714045167
electricity,ctrl,0.0,3,10,0.871,0.3414712248654106,6.552563190460205,0.1800261003214329
electricity,ctrl,0.0,3,11,0.792,0.1469589193188646,6.284093856811523,-0.194512305546546
electricity,ctrl,0.0,3,12,0.742,0.001930498500276906,6.240864276885986,-0.1450284208185877
electricity,ctrl,0.0,3,13,0.884,0.40412286691860677,6.667475700378418,0.40219236841832984
electricity,ctrl,0.0,3,14,0.751,0.13838656062111365,6.21926212310791,-0.2657363062974931
electricity,ctrl,0.0,3,15,0.705,0.0,6.1113409996032715,-0.25337316350604466
electricity,ctrl,0.0,3,16,0.813,0.24098330128463633,6.434902667999268,0.24098330128463633
electricity,ctrl,0.0,3,17,0.584,0.23123351404989131,6.314217567443848,-0.009749787234745021
electricity,ctrl,0.0,3,18,0.727,0.21644740578453658,6.305205821990967,-0.014786108265354718
electricity,ctrl,0.0,3,19,0.51,0.10951380028410626,6.214828014373779,-0.10693360550043032
electricity,ctrl,0.0,3,20,0.481,0.0,6.164606094360352,-0.1095847407880657
electricity,ctrl,0.0,3,21,0.588,0.0,6.165331840515137,-0.05397481550479433
electricity,ctrl,0.0,3,22,0.61,0.0,6.166137218475342,-0.026080254229099393
electricity,ctrl,0.0,3,23,0.538,0.0,6.164941787719727,-0.014386448510816248
electricity,ctrl,0.0,3,24,0.701,0.0,6.163221836090088,-0.00913064863838407
electricity,ctrl,0.0,3,25,0.695,0.0,6.162926197052002,-0.004898437247818809
electricity,ctrl,0.0,3,26,0.34,0.0,6.163398265838623,-0.001917286980104537
electricity,ctrl,0.0,3,27,0.625,0.015349453921618248,6.177872180938721,0.015349453921618248
electricity,ctrl,0.0,3,28,0.6,0.019689695010129453,6.174905776977539,0.0043402410885112035
electricity,ctrl,0.0,3,29,0.472,0.012384060770781039,6.16648006439209,-0.007305634239348414
electricity,ctrl,0.0,3,30,0.379,0.002451623756983337,6.1609039306640625,-0.009932437013797701
electricity,ctrl,0.0,3,31,0.489,0.0,6.1598734855651855,-0.006127715070184589
electricity,ctrl,0.0,3,32,0.456,0.0,6.159585475921631,-0.0033885503999403033
electricity,ctrl,0.0,3,33,0.424,0.0,6.159512996673584,-0.001775989807780061
electricity,ctrl,0.0,3,34,0.603,0.0,6.159625053405762,-0.0007616583328568355
electricity,ctrl,0.0,3,35,0.77,0.0,6.15983247756958,-0.0001469763637687398
electricity,ctrl,0.0,3,36,0.676,0.0018719941039803418,6.161558151245117,0.0018719941039803418
electricity,ctrl,0.0,3,37,0.692,0.0,6.158489227294922,-0.0025228637350408153
electricity,ctrl,0.0,3,38,0.532,0.0,6.158206939697266,-0.001579745412763103
electricity,ctrl,0.0,3,39,0.465,0.0,6.157293796539307,-0.0018195997019770306
electricity,ctrl,0.0,3,40,0.492,0.0,6.15665340423584,-0.0016320601362738748
electricity,ctrl,0.0,3,41,0.537,0.0,6.1565351486206055,-0.0009494173966608355
electricity,ctrl,0.0,3,42,0.565,0.0,6.156861305236816,-0.00010681077412674424
electricity,ctrl,0.0,3,43,0.66,0.0,6.156867027282715,-4.695137943184475e-05
electricity,ctrl,0.0,3,44,0.617,0.0,6.156703472137451,-0.0002079525697351587
electricity,ctrl,0.0,3,45,0.6506410256410257,0.0,6.156692028045654,-0.00031169234944052564
electricity,ctrl,0.0,4,0,0.267,0.0,6.366077423095703,0.4962215556413627
electricity,ctrl,0.0,4,1,0.814,0.6345224681269506,6.720306873321533,0.6345224681269506
electricity,ctrl,0.0,4,2,0.758,0.9320065660793857,6.701168060302734,0.2974840979524351
electricity,ctrl,0.0,4,3,0.891,0.8095290318844701,6.439449787139893,-0.12247753419491562
electricity,ctrl,0.0,4,4,0.797,0.45610484633266457,6.168511867523193,-0.35342418555180555
electricity,ctrl,0.0,4,5,0.787,0.07567187453519053,5.987553596496582,-0.38043297179747404
electricity,ctrl,0.0,4,6,0.867,0.21002528337877413,6.26740026473999,0.1343534088435836
electricity,ctrl,0.0,4,7,0.776,0.29674347140834256,6.285036563873291,0.08671818802956843
electricity,ctrl,0.0,4,8,0.837,0.43320813537558434,6.3693013191223145,0.1364646639672418
electricity,ctrl,0.0,4,9,0.844,0.18289236278359278,6.0771355628967285,-0.25031577259199156
electricity,ctrl,0.0,4,10,0.871,0.38221907416615786,6.3610944747924805,0.19932671138256508
electricity,ctrl,0.0,4,11,0.786,0.18965544891291522,6.093415260314941,-0.19256362525324264
electricity,ctrl,0.0,4,12,0.737,0.06260222830300799,6.066414833068848,-0.12705322060990723
electricity,ctrl,0.0,4,13,0.877,0.419809084079211,6.433952331542969,0.35720685577620304
electricity,ctrl,0.0,4,14,0.768,0.19152951595522846,6.056979656219482,-0.22827956812398256
electricity,ctrl,0.0,4,15,0.711,0.0,5.968679428100586,-0.2153777051723419
electricity,ctrl,0.0,4,16,0.809,0.318949803618896,6.335371017456055,0.318949803618896
electricity,ctrl,0.0,4,17,0.629,0.31704842599653243,6.188148498535156,-0.0019013776223635681
electricity,ctrl,0.0,4,18,0.757,0.3288136675205054,6.199479579925537,0.011765241523972958
electricity,ctrl,0.0,4,19,0.624,0.2326922153240249,6.108417987823486,-0.09612145219648048
electricity,ctrl,0.0,4,20,0.49,0.09080765177662758,6.0258893966674805,-0.1418845635473973
electricity,ctrl,0.0,4,21,0.566,0.0,5.989342212677002,-0.11306052725013989
electricity,ctrl,0.0,4,22,0.62,0.0,5.9901814460754395,-0.055557200222709165
electricity,ctrl,0.0,4,23,0.653,0.0,5.999712944030762,-0.01672869142012015
electricity,ctrl,0.0,4,24,0.627,0.0,6.002462863922119,-0.005181415778187118
electricity,ctrl,0.0,4,25,0.697,0.0,6.004271984100342,-0.0004976779352556668
electricity,ctrl,0.0,4,26,0.636,0.003129663454026548,6.007193088531494,0.003129663454026548
electricity,ctrl,0.0,4,27,0.609,0.004031911897187569,6.006619930267334,0.000902248443161021
electricity,ctrl,0.0,4,28,0.662,0.005365645985448747,6.007383346557617,0.0013337340882611784
electricity,ctrl,0.0,4,29,0.669,0.004753139404908952,6.006276607513428,-0.0006125065805397951
electricity,ctrl,0.0,4,30,0.45,0.001104795644217498,6.0033860206604,-0.003648343760691454
electricity,ctrl,0.0,4,31,0.423,0.0,6.001855373382568,-0.0035947551725681376
electricity,ctrl,0.0,4,32,0.444,0.0,6.001574516296387,-0.002122343169504613
electricity,ctrl,0.0,4,33,0.518,0.0,6.001350402832031,-0.0013204941172381157
electricity,ctrl,0.0,4,34,0.508,0.0,6.001440525054932,-0.0005559624013115692
electricity,ctrl,0.0,4,35,0.682,0.00037033960497863774,6.00200080871582,0.00037033960497863774
electricity,ctrl,0.0,4,36,0.669,0.0,5.989930152893066,-0.013780839440192745
electricity,ctrl,0.0,4,37,0.66,0.0,5.992560386657715,-0.0038410498963634596
electricity,ctrl,0.0,4,38,0.53,0.0,5.993653297424316,-0.0006540115362690765
electricity,ctrl,0.0,4,39,0.449,0.0,5.9927144050598145,-0.0014148374362421545
electricity,ctrl,0.0,4,40,0.465,0.0,5.991979598999023,-0.0015589226480088375
electricity,ctrl,0.0,4,41,0.492,0.0,5.991693019866943,-0.0011115941073001653
electricity,ctrl,0.0,4,42,0.562,0.0,5.9915876388549805,-0.00067793491696334
electricity,ctrl,0.0,4,43,0.571,0.0,5.991710186004639,-0.0001969313365183597
electricity,ctrl,0.0,4,44,0.561,0.00018946937462083237,5.9919586181640625,0.00018946937462083237
electricity,ctrl,0.0,4,45,0.5192307692307693,0.0001311456227098943,5.991858005523682,-5.832375191093807e-05
electricity,fixed,0.01,0,0,0.543,0.01,6.555811882019043,0.5148305809003957
electricity,fixed,0.01,0,1,0.802,0.01,6.896079063415527,0.6178537197401311
electricity,fixed,0.01,0,2,0.761,0.01,7.248159408569336,0.6634765067660975
electricity,fixed,0.01,0,3,0.887,0.01,7.372961044311523,0.45131040641304965
electricity,fixed,0.01,0,4,0.784,0.01,7.355066776275635,0.2088009502812249
electricity,fixed,0.01,0,5,0.792,0.01,7.357269287109375,0.10648002310236991
electricity,fixed,0.01,0,6,0.85,0.01,7.528034210205078,0.21442311838343425
electricity,fixed,0.01,0,7,0.767,0.01,7.654634952545166,0.2239979335966361
electricity,fixed,0.01,0,8,0.857,0.01,7.825992107391357,0.2674577508376035
electricity,fixed,0.01,0,9,0.832,0.01,7.7400221824646,0.057442909453796986
electricity,fixed,0.01,0,10,0.861,0.01,8.003851890563965,0.26543275961703516
electricity,fixed,0.01,0,11,0.783,0.01,7.917245388031006,0.05757330450039649
electricity,fixed,0.01,0,12,0.748,0.01,7.98366117477417,0.08704185575433246
electricity,fixed,0.01,0,13,0.891,0.01,8.237831115722656,0.26460609115304823
electricity,fixed,0.01,0,14,0.755,0.01,8.098068237304688,0.014483739628787812
electricity,fixed,0.01,0,15,0.713,0.01,8.076711654663086,-0.011072325291367858
electricity,fixed,0.01,0,16,0.815,0.01,8.32982063293457,0.21208968722372343
electricity,fixed,0.01,0,17,0.703,0.01,8.593552589416504,0.3259141542152505
electricity,fixed,0.01,0,18,0.728,0.01,8.826062202453613,0.35084794921607504
electricity,fixed,0.01,0,19,0.585,0.01,8.914770126342773,0.2452203611618231
electricity,fixed,0.01,0,20,0.576,0.01,8.95643424987793,0.15506577810230585
electricity,fixed,0.01,0,21,0.481,0.01,8.978970527648926,0.09500657607870701
electricity,fixed,0.01,0,22,0.642,0.01,8.978005409240723,0.046756853785288585
electricity,fixed,0.01,0,23,0.636,0.01,8.968100547790527,0.015717063712800742
electricity,fixed,0.01,0,24,0.572,0.01,8.941789627075195,-0.012515317234174428
electricity,fixed,0.01,0,25,0.734,0.01,8.932929992675781,-0.013138299009086406
electricity,fixed,0.01,0,26,0.652,0.01,8.931879997253418,-0.007385414143748982
electricity,fixed,0.01,0,27,0.706,0.01,8.913165092468262,-0.018243352244395286
electricity,fixed,0.01,0,28,0.546,0.01,8.904459953308105,-0.01590404295280185
electricity,fixed,0.01,0,29,0.597,0.01,8.899652481079102,-0.01170129139143046
electricity,fixed,0.01,0,30,0.723,0.01,8.894874572753906,-0.009578872050115596
electricity,fixed,0.01,0,31,0.624,0.01,8.888594627380371,-0.009692341783194168
electricity,fixed,0.01,0,32,0.545,0.01,8.881650924682617,-0.010271118213949767
electricity,fixed,0.01,0,33,0.582,0.01,8.874652862548828,-0.010607250588544751
electricity,fixed,0.01,0,34,0.577,0.01,8.868268966674805,-0.010299044374082602
electricity,fixed,0.01,0,35,0.607,0.01,8.862018585205078,-0.010043986601258463
electricity,fixed,0.01,0,36,0.641,0.01,8.853469848632812,-0.011720944067375854
electricity,fixed,0.01,0,37,0.377,0.01,8.876984596252441,0.012583918839213013
electricity,fixed,0.01,0,38,0.725,0.01,8.891633033752441,0.017751398073989223
electricity,fixed,0.01,0,39,0.689,0.01,8.886295318603516,0.0047068960543171735
electricity,fixed,0.01,0,40,0.719,0.01,8.879602432250977,-0.002876895527919976
electricity,fixed,0.01,0,41,0.763,0.01,8.872393608093262,-0.007076231578603544
electricity,fixed,0.01,0,42,0.723,0.01,8.864742279052734,-0.00952682997344621
electricity,fixed,0.01,0,43,0.547,0.01,8.858217239379883,-0.009874987785966462
electricity,fixed,0.01,0,44,0.719,0.01,8.851015090942383,-0.010583654779906427
electricity,fixed,0.01,0,45,0.7852564102564102,0.01,8.848450660705566,-0.019476963710679692
electricity,fixed,0.01,1,0,0.494,0.01,6.606008529663086,0.6229773984621438
electricity,fixed,0.01,1,1,0.822,0.01,6.898166179656982,0.6186140322201933
electricity,fixed,0.01,1,2,0.738,0.01,7.145245552062988,0.5580439891481657
electricity,fixed,0.01,1,3,0.89,0.01,7.277440547943115,0.40750194645732113
electricity,fixed,0.01,1,4,0.801,0.01,7.172991752624512,0.10408147382146858
electricity,fixed,0.01,1,5,0.797,0.01,7.190661907196045,0.06914788145775587
electricity,fixed,0.01,1,6,0.851,0.01,7.333502769470215,0.17252374914174215
electricity,fixed,0.01,1,7,0.791,0.01,7.431606769561768,0.17916124337586634
electricity,fixed,0.01,1,8,0.877,0.01,7.583298683166504,0.23132871188748158
electricity,fixed,0.01,1,9,0.834,0.01,7.421396732330322,-0.032598181245341265
electricity,fixed,0.01,1,10,0.869,0.01,7.637818336486816,0.1862137059368791
electricity,fixed,0.01,1,11,0.808,0.01,7.571575164794922,0.032877346927360614
electricity,fixed,0.01,1,12,0.809,0.01,7.626367568969727,0.06669278816079469
electricity,fixed,0.01,1,13,0.875,0.01,7.87977409362793,0.2640941932696954
electricity,fixed,0.01,1,14,0.756,0.01,7.607172012329102,-0.10819710155228716
electricity,fixed,0.01,1,15,0.705,0.01,7.577404975891113,-0.08127231922574715
electricity,fixed,0.01,1,16,0.811,0.01,7.816629409790039,0.17860522925972974
electricity,fixed,0.01,1,17,0.625,0.01,7.879409313201904,0.1450774926003098
electricity,fixed,0.01,1,18,0.362,0.01,8.131149291992188,0.29440744580094524
electricity,fixed,0.01,1,19,0.572,0.01,8.271321296691895,0.266918250865425
electricity,fixed,0.01,1,20,0.541,0.01,8.357725143432617,0.20600215597816454
electricity,fixed,0.01,1,21,0.588,0.01,8.395553588867188,0.134432781381059
electricity,fixed,0.01,1,22,0.607,0.01,8.414542198181152,0.082922959776448
electricity,fixed,0.01,1,23,0.709,0.01,8.427485466003418,0.052143440023940855
electricity,fixed,0.01,1,24,0.695,0.01,8.398245811462402,0.001977563177891558
electricity,fixed,0.01,1,25,0.687,0.01,8.401820182800293,0.003944401576385839
electricity,fixed,0.01,1,26,0.494,0.01,8.438444137573242,0.03224338176124171
electricity,fixed,0.01,1,27,0.618,0.01,8.456686019897461,0.031133905964033877
electricity,fixed,0.01,1,28,0.437,0.01,8.489984512329102,0.042910942132279674
electricity,fixed,0.01,1,29,0.457,0.01,8.509471893310547,0.037395315761596035
electricity,fixed,0.01,1,30,0.54,0.01,8.517013549804688,0.024852283596620423
electricity,fixed,0.01,1,31,0.548,0.01,8.516063690185547,0.011651662890114307
electricity,fixed,0.01,1,32,0.615,0.01,8.509444236755371,0.0004279823599904865
electricity,fixed,0.01,1,33,0.435,0.01,8.507054328918457,-0.0017363808700504575
electricity,fixed,0.01,1,34,0.506,0.01,8.501008987426758,-0.0058030993369332885
electricity,fixed,0.01,1,35,0.343,0.01,8.496074676513672,-0.006932370957823906
electricity,fixed,0.01,1,36,0.713,0.01,8.491742134094238,-0.007007479697773277
electricity,fixed,0.01,1,37,0.469,0.01,8.515228271484375,0.015702940446495568
electricity,fixed,0.01,1,38,0.67,0.01,8.520855903625488,0.012440986500644534
electricity,fixed,0.01,1,39,0.546,0.01,8.516745567321777,0.0028705947856674002
electricity,fixed,0.01,1,40,0.705,0.01,8.513280868530273,-0.0013897732969199242
electricity,fixed,0.01,1,41,0.715,0.01,8.507804870605469,-0.005161761870122869
electricity,fixed,0.01,1,42,0.705,0.01,8.500848770141602,-0.008258756010475153
electricity,fixed,0.01,1,43,0.694,0.01,8.495564460754395,-0.00844619317969455
electricity,fixed,0.01,1,44,0.654,0.01,8.489912986755371,-0.008842724561212335
electricity,fixed,0.01,1,45,0.7435897435897436,0.01,8.487052917480469,-0.018028790423531983
electricity,fixed,0.01,2,0,0.532,0.01,6.471231460571289,0.5764288841130843
electricity,fixed,0.01,2,1,0.82,0.01,6.755692958831787,0.5934773712670451
electricity,fixed,0.01,2,2,0.789,0.01,7.12399435043335,0.675330277698791
electricity,fixed,0.01,2,3,0.887,0.01,7.232793807983398,0.44372246446980945
electricity,fixed,0.01,2,4,0.77,0.01,7.233823776245117,0.22285013881276833
electricity,fixed,0.01,2,5,0.79,0.01,7.19444465637207,0.07362125793844664
electricity,fixed,0.01,2,6,0.847,0.01,7.411980628967285,0.24678743030822053
electricity,fixed,0.01,2,7,0.786,0.01,7.561462879180908,0.2634468580322702
electricity,fixed,0.01,2,8,0.862,0.01,7.658364295959473,0.22071765092250553
electricity,fixed,0.01,2,9,0.829,0.01,7.530832290649414,-0.005284527549708083
electricity,fixed,0.01,2,10,0.878,0.01,7.7987446784973145,0.24440914058293856
electricity,fixed,0.01,2,11,0.782,0.01,7.73201322555542,0.06278310097093785
electricity,fixed,0.01,2,12,0.753,0.01,7.7109785079956055,0.012499390935625495
electricity,fixed,0.01,2,13,0.866,0.01,8.022412300109863,0.28672443226253697
electricity,fixed,0.01,2,14,0.772,0.01,7.799094200134277,-0.04994873333188931
electricity,fixed,0.01,2,15,0.697,0.01,7.7596635818481445,-0.06008405133847944
electricity,fixed,0.01,2,16,0.81,0.01,7.933279037475586,0.12533363895646357
electricity,fixed,0.01,2,17,0.622,0.01,8.012870788574219,0.13233794678000316
electricity,fixed,0.01,2,18,0.745,0.01,8.1533203125,0.18789113039044986
electricity,fixed,0.01,2,19,0.646,0.01,8.267509460449219,0.19120412535211803
electricity,fixed,0.01,2,20,0.474,0.01,8.342589378356934,0.1586668007689238
electricity,fixed,0.01,2,21,0.447,0.01,8.40533447265625,0.13156296626162067
electricity,fixed,0.01,2,22,0.63,0.01,8.431169509887695,0.08712625904157874
electricity,fixed,0.01,2,23,0.496,0.01,8.442048072814941,0.05252340197113544
electricity,fixed,0.01,2,24,0.745,0.01,8.422330856323242,0.010042282031226693
electricity,fixed,0.01,2,25,0.725,0.01,8.416301727294922,4.995758672694163e-05
electricity,fixed,0.01,2,26,0.799,0.01,8.42199420928955,0.00472194977225466
electricity,fixed,0.01,2,27,0.651,0.01,8.414994239807129,-0.0034109240223118512
electricity,fixed,0.01,2,28,0.669,0.01,8.414833068847656,-0.0018384677794571038
electricity,fixed,0.01,2,29,0.648,0.01,8.411979675292969,-0.0032740320011751495
electricity,fixed,0.01,2,30,0.673,0.01,8.413195610046387,-0.0006332105149442382
electricity,fixed,0.01,2,31,0.531,0.01,8.415898323059082,0.0019142759957255532
electricity,fixed,0.01,2,32,0.436,0.01,8.419354438781738,0.0038089789669716358
electricity,fixed,0.01,2,33,0.587,0.01,8.420489311218262,0.0028405539578195233
electricity,fixed,0.01,2,34,0.702,0.01,8.415304183959961,-0.0028559386722007175
electricity,fixed,0.01,2,35,0.663,0.01,8.407111167907715,-0.008188978036855896
electricity,fixed,0.01,2,36,0.707,0.01,8.393941879272461,-0.014972588697835843
electricity,fixed,0.01,2,37,0.675,0.01,8.38524341583252,-0.014682674426299712
electricity,fixed,0.01,2,38,0.657,0.01,8.385025024414062,-0.007522203408370204
electricity,fixed,0.01,2,39,0.744,0.01,8.39269733428955,0.002593074882736609
electricity,fixed,0.01,2,40,0.656,0.01,8.3922758102417,0.0009477520371404559
electricity,fixed,0.01,2,41,0.837,0.01,8.388235092163086,-0.0028697393304802144
electricity,fixed,0.01,2,42,0.769,0.01,8.38326644897461,-0.005548305472359453
electricity,fixed,0.01,2,43,0.731,0.01,8.37902545928955,-0.006287260357964806
electricity,fixed,0.01,2,44,0.757,0.01,8.378847122192383,-0.003291434010070333
electricity,fixed,0.01,2,45,0.7596153846153846,0.01,8.378458976745605,-0.005246438781752163
electricity,fixed,0.01,3,0,0.506,0.01,6.588326454162598,0.5103812195171757
electricity,fixed,0.01,3,1,0.809,0.01,6.8647141456604,0.546517850764044
electricity,fixed,0.01,3,2,0.77,0.01,7.216884136199951,0.62951919819296
electricity,fixed,0.01,3,3,0.896,0.01,7.285933971405029,0.3812027808671839
electricity,fixed,0.01,3,4,0.789,0.01,7.296222686767578,0.2004078768113616
electricity,fixed,0.01,3,5,0.789,0.01,7.22633695602417,0.03368766067650646
electricity,fixed,0.01,3,6,0.866,0.01,7.430462837219238,0.21300695561993593
electricity,fixed,0.01,3,7,0.788,0.01,7.506087303161621,0.17718143070235148
electricity,fixed,0.01,3,8,0.875,0.01,7.671225547790527,0.24137249354809656
electricity,fixed,0.01,3,9,0.835,0.01,7.530481338500977,-0.006723687427394715
electricity,fixed,0.01,3,10,0.863,0.01,7.78129243850708,0.22793064235052907
electricity,fixed,0.01,3,11,0.791,0.01,7.668562889099121,0.013359400077030861
electricity,fixed,0.01,3,12,0.748,0.01,7.686715602874756,0.023118309743337156
electricity,fixed,0.01,3,13,0.876,0.01,8.046470642089844,0.3365742864973848
electricity,fixed,0.01,3,14,0.75,0.01,7.803881645202637,-0.041077420005212265
electricity,fixed,0.01,3,15,0.701,0.01,7.76784610748291,-0.05260567373906004
electricity,fixed,0.01,3,16,0.815,0.01,7.991320610046387,0.17348308143113514
electricity,fixed,0.01,3,17,0.607,0.01,8.148599624633789,0.2234167452751186
electricity,fixed,0.01,3,18,0.674,0.01,8.323539733886719,0.2607967958973363
electricity,fixed,0.01,3,19,0.658,0.01,8.36598014831543,0.16580702331985053
electricity,fixed,0.01,3,20,0.515,0.01,8.378335952758789,0.09315983500783523
electricity,fixed,0.01,3,21,0.357,0.01,8.38099479675293,0.048783719608280866
electricity,fixed,0.01,3,22,0.664,0.01,8.38803768157959,0.03022755396616345
electricity,fixed,0.01,3,23,0.624,0.01,8.384016990661621,0.011785052701188065
electricity,fixed,0.01,3,24,0.525,0.01,8.37769603729248,0.0006569084413259629
electricity,fixed,0.01,3,25,0.579,0.01,8.377507209777832,0.00017193121252073019
electricity,fixed,0.01,3,26,0.743,0.01,8.373515129089355,-0.0032232267184570612
electricity,fixed,0.01,3,27,0.686,0.01,8.36597728729248,-0.007863005132267132
electricity,fixed,0.01,3,28,0.427,0.01,8.35958480834961,-0.009237782198098813
electricity,fixed,0.01,3,29,0.458,0.01,8.353145599365234,-0.009968047795622543
electricity,fixed,0.01,3,30,0.666,0.01,8.347007751464844,-0.0100867655231873
electricity,fixed,0.01,3,31,0.624,0.01,8.341019630432129,-0.010025308629698278
electricity,fixed,0.01,3,32,0.494,0.01,8.33456039428711,-0.01039039091661594
electricity,fixed,0.01,3,33,0.585,0.01,8.328672409057617,-0.010101127430909681
electricity,fixed,0.01,3,34,0.589,0.01,8.322919845581055,-0.009847049339343581
electricity,fixed,0.01,3,35,0.448,0.01,8.31790828704834,-0.009105048756917864
electricity,fixed,0.01,3,36,0.715,0.01,8.313396453857422,-0.008319357800476018
electricity,fixed,0.01,3,37,0.696,0.01,8.30821418762207,-0.008488590695490648
electricity,fixed,0.01,3,38,0.563,0.01,8.303705215454102,-0.008013132550889633
electricity,fixed,0.01,3,39,0.553,0.01,8.297767639160156,-0.00897220121046264
electricity,fixed,0.01,3,40,0.596,0.01,8.291496276855469,-0.00973463599568341
electricity,fixed,0.01,3,41,0.65,0.01,8.285369873046875,-0.009998414903928951
electricity,fixed,0.01,3,42,0.66,0.01,8.279436111450195,-0.009972633911628571
electricity,fixed,0.01,3,43,0.608,0.01,8.273580551147461,-0.009897715832024196
electricity,fixed,0.01,3,44,0.702,0.01,8.267614364624023,-0.009956587109082404
electricity,fixed,0.01,3,45,0.7115384615384616,0.01,8.265388488769531,-0.018261158948694026
electricity,fixed,0.01,4,0,0.267,0.01,6.361964702606201,0.49141461135207887
electricity,fixed,0.01,4,1,0.814,0.01,6.712261199951172,0.6280757529418217
electricity,fixed,0.01,4,2,0.759,0.01,6.9678497314453125,0.5784674486709387
electricity,fixed,0.01,4,3,0.889,0.01,7.040735721588135,0.36187488751108404
electricity,fixed,0.01,4,4,0.796,0.01,7.017218112945557,0.15774146919512935
electricity,fixed,0.01,4,5,0.791,0.01,6.944985866546631,0.007387589262620384
electricity,fixed,0.01,4,6,0.864,0.01,7.165142059326172,0.22383282431920282
electricity,fixed,0.01,4,7,0.779,0.01,7.252601146697998,0.19668162244944343
electricity,fixed,0.01,4,8,0.84,0.01,7.396609783172607,0.2362306462356123
electricity,fixed,0.01,4,9,0.839,0.01,7.2610979080200195,-0.009112517223376053
electricity,fixed,0.01,4,10,0.865,0.01,7.493930339813232,0.2181224475474393
electricity,fixed,0.01,4,11,0.787,0.01,7.424668788909912,0.04487821558257441
electricity,fixed,0.01,4,12,0.736,0.01,7.419026851654053,0.017162088580561723
electricity,fixed,0.01,4,13,0.873,0.01,7.6923627853393555,0.2644321476899792
electricity,fixed,0.01,4,14,0.771,0.01,7.537120342254639,-0.007932350183602808
electricity,fixed,0.01,4,15,0.717,0.01,7.520757675170898,-0.01904217592051682
electricity,fixed,0.01,4,16,0.809,0.01,7.777368545532227,0.22742577431503055
electricity,fixed,0.01,4,17,0.634,0.01,7.936395168304443,0.25570841438035014
electricity,fixed,0.01,4,18,0.741,0.01,8.171192169189453,0.3333045021653773
electricity,fixed,0.01,4,19,0.585,0.01,8.30178165435791,0.27763623065427645
electricity,fixed,0.01,4,20,0.529,0.01,8.363492012023926,0.19043885992157497
electricity,fixed,0.01,4,21,0.712,0.01,8.402785301208496,0.12784576156837543
electricity,fixed,0.01,4,22,0.685,0.01,8.408334732055664,0.06850918316310213
electricity,fixed,0.01,4,23,0.654,0.01,8.403631210327148,0.030369952544479255
electricity,fixed,0.01,4,24,0.583,0.01,8.374262809753418,-0.009083964272867628
electricity,fixed,0.01,4,25,0.748,0.01,8.379898071289062,0.00013111704294884968
electricity,fixed,0.01,4,26,0.717,0.01,8.411904335021973,0.026589236790178522
electricity,fixed,0.01,4,27,0.635,0.01,8.4102144241333,0.011899513099658969
electricity,fixed,0.01,4,28,0.665,0.01,8.43110466003418,0.023199148221543626
electricity,fixed,0.01,4,29,0.627,0.01,8.43815803527832,0.01740922474420968
electricity,fixed,0.01,4,30,0.579,0.01,8.446158409118652,0.01528876870535765
electricity,fixed,0.01,4,31,0.646,0.01,8.456428527832031,0.016088491766754996
electricity,fixed,0.01,4,32,0.438,0.01,8.461804389953613,0.012458919964929288
electricity,fixed,0.01,4,33,0.487,0.01,8.465377807617188,0.009162096958916984
electricity,fixed,0.01,4,34,0.494,0.01,8.464080810546875,0.003517076580733922
electricity,fixed,0.01,4,35,0.8,0.01,8.457239151000977,-0.003854773501869969
electricity,fixed,0.01,4,36,0.733,0.01,8.362972259521484,-0.07933222054379857
electricity,fixed,0.01,4,37,0.43,0.01,8.370317459106445,-0.03356680384492446
electricity,fixed,0.01,4,38,0.519,0.01,8.383868217468262,-0.005540998144653846
electricity,fixed,0.01,4,39,0.659,0.01,8.385902404785156,-0.0010855607544353147
electricity,fixed,0.01,4,40,0.688,0.01,8.384621620178223,-0.0016034101244793968
electricity,fixed,0.01,4,41,0.766,0.01,8.384521484375,-0.0008846411270832177
electricity,fixed,0.01,4,42,0.747,0.01,8.38329029083252,-0.0014620514059094938
electricity,fixed,0.01,4,43,0.729,0.01,8.383140563964844,-0.000855054560162764
electricity,fixed,0.01,4,44,0.712,0.01,8.400601387023926,0.014036707783478946
electricity,fixed,0.01,4,45,0.7788461538461539,0.01,8.403122901916504,0.02427410769044412
electricity,fixed,0.0,0,0,0.543,0.0,6.560118675231934,0.5197308976926373
electricity,fixed,0.0,0,1,0.8,0.0,6.9041290283203125,0.6240297122696687
electricity,fixed,0.0,0,2,0.761,0.0,7.259427070617676,0.6693875972630269
electricity,fixed,0.0,0,3,0.887,0.0,7.38821268081665,0.45789147064758307
electricity,fixed,0.0,0,4,0.784,0.0,7.379090785980225,0.22037174122585595
electricity,fixed,0.0,0,5,0.79,0.0,7.393344402313232,0.12359991437900376
electricity,fixed,0.0,0,6,0.85,0.0,7.573495388031006,0.23101275776421668
electricity,fixed,0.0,0,7,0.766,0.0,7.706571102142334,0.2375288871431227
electricity,fixed,0.0,0,8,0.855,0.0,7.877734661102295,0.2730011086663996
electricity,fixed,0.0,0,9,0.833,0.0,7.803908348083496,0.07142058510948243
electricity,fixed,0.0,0,10,0.868,0.0,8.069588661193848,0.2721305696880965
electricity,fixed,0.0,0,11,0.784,0.0,7.990631103515625,0.06811679381349713
electricity,fixed,0.0,0,12,0.748,0.0,8.050102233886719,0.08574317068245413
electricity,fixed,0.0,0,13,0.891,0.0,8.30221939086914,0.26036119470115304
electricity,fixed,0.0,0,14,0.754,0.0,8.179654121398926,0.027660094749757818
electricity,fixed,0.0,0,15,0.714,0.0,8.16889476776123,0.004695463872182027
electricity,fixed,0.0,0,16,0.817,0.0,8.423851013183594,0.21908812735493907
electricity,fixed,0.0,0,17,0.704,0.0,8.699706077575684,0.3369531389793969
electricity,fixed,0.0,0,18,0.552,0.0,8.941121101379395,0.3611834501486015
electricity,fixed,0.0,0,19,0.63,0.0,9.051913261413574,0.2666424553477756
electricity,fixed,0.0,0,20,0.582,0.0,9.102336883544922,0.1720052088904822
electricity,fixed,0.0,0,21,0.431,0.0,9.127598762512207,0.10527564578561507
electricity,fixed,0.0,0,22,0.669,0.0,9.13089370727539,0.05514467726390627
electricity,fixed,0.0,0,23,0.632,0.0,9.11624526977539,0.01643156055722842
electricity,fixed,0.0,0,24,0.682,0.0,9.072175025939941,-0.02535542704541868
electricity,fixed,0.0,0,25,0.738,0.0,9.057817459106445,-0.023667947391380825
electricity,fixed,0.0,0,26,0.785,0.0,9.066107749938965,-0.005477976307287308
electricity,fixed,0.0,0,27,0.692,0.0,9.050877571105957,-0.014404979084037883
electricity,fixed,0.0,0,28,0.729,0.0,9.045072555541992,-0.011656489473669636
electricity,fixed,0.0,0,29,0.63,0.0,9.04521656036377,-0.005717683602203338
electricity,fixed,0.0,0,30,0.684,0.0,9.048356056213379,-0.0004485010021084614
electricity,fixed,0.0,0,31,0.5,0.0,9.049040794372559,0.0003012732599331248
electricity,fixed,0.0,0,32,0.606,0.0,9.047654151916504,-0.0009135050530245346
electricity,fixed,0.0,0,33,0.508,0.0,9.050543785095215,0.0017611590710622988
electricity,fixed,0.0,0,34,0.564,0.0,9.051278114318848,0.0014440272817149303
electricity,fixed,0.0,0,35,0.602,0.0,9.054177284240723,0.002946354137655708
electricity,fixed,0.0,0,36,0.715,0.0,9.05787181854248,0.0043068401837864185
electricity,fixed,0.0,0,37,0.708,0.0,9.10760498046875,0.04028259513017215
electricity,fixed,0.0,0,38,0.641,0.0,9.125925064086914,0.03411015141598676
electricity,fixed,0.0,0,39,0.605,0.0,9.129464149475098,0.01974817056575204
electricity,fixed,0.0,0,40,0.741,0.0,9.130041122436523,0.010312967194340435
electricity,fixed,0.0,0,41,0.845,0.0,9.12974739074707,0.004933066925588409
electricity,fixed,0.0,0,42,0.822,0.0,9.129132270812988,0.0019986490815426675
electricity,fixed,0.0,0,43,0.692,0.0,9.129246711730957,0.0010863786630503998
electricity,fixed,0.0,0,44,0.686,0.0,9.129332542419434,0.0006084791047753772
electricity,fixed,0.0,0,45,0.7564102564102564,0.0,9.129310607910156,0.0007668121199480899
electricity,fixed,0.0,1,0,0.494,0.0,6.610180377960205,0.6277564016661432
electricity,fixed,0.0,1,1,0.822,0.0,6.905971527099609,0.6246269376157322
electricity,fixed,0.0,1,2,0.738,0.0,7.156890869140625,0.5646306734187505
electricity,fixed,0.0,1,3,0.89,0.0,7.292929172515869,0.4143154548303838
electricity,fixed,0.0,1,4,0.801,0.0,7.192881107330322,0.11189035075213141
electricity,fixed,0.0,1,5,0.797,0.0,7.212203502655029,0.07460018980821796
electricity,fixed,0.0,1,6,0.851,0.0,7.3593950271606445,0.1790270115455899
electricity,fixed,0.0,1,7,0.79,0.0,7.459809303283691,0.18426604445185327
electricity,fixed,0.0,1,8,0.877,0.0,7.614863395690918,0.2364751209082107
electricity,fixed,0.0,1,9,0.834,0.0,7.458612442016602,-0.024256928389467407
electricity,fixed,0.0,1,10,0.869,0.0,7.676765441894531,0.1909859085948752
electricity,fixed,0.0,1,11,0.809,0.0,7.6152191162109375,0.039817807947796484
electricity,fixed,0.0,1,12,0.81,0.0,7.670925140380859,0.07070815008427578
electricity,fixed,0.0,1,13,0.875,0.0,7.925320148468018,0.2656564138441721
electricity,fixed,0.0,1,14,0.755,0.0,7.673755645751953,-0.08760146412955934
electricity,fixed,0.0,1,15,0.705,0.0,7.654679775238037,-0.061063638147360245
electricity,fixed,0.0,1,16,0.81,0.0,7.900572776794434,0.19254613307132157
electricity,fixed,0.0,1,17,0.626,0.0,7.947995662689209,0.13795682868753278
electricity,fixed,0.0,1,18,0.346,0.0,8.216238975524902,0.3033520681097889
electricity,fixed,0.0,1,19,0.599,0.0,8.362696647644043,0.27546347141201344
electricity,fixed,0.0,1,20,0.563,0.0,8.449055671691895,0.20944490073461364
electricity,fixed,0.0,1,21,0.538,0.0,8.490078926086426,0.13844026714387125
electricity,fixed,0.0,1,22,0.663,0.0,8.506244659423828,0.08244286542668282
electricity,fixed,0.0,1,23,0.654,0.0,8.512344360351562,0.04620119004649597
electricity,fixed,0.0,1,24,0.662,0.0,8.502949714660645,0.01543636149203813
electricity,fixed,0.0,1,25,0.745,0.0,8.522540092468262,0.02371783908765239
electricity,fixed,0.0,1,26,0.829,0.0,8.557644844055176,0.04046341943309755
electricity,fixed,0.0,1,27,0.605,0.0,8.586640357971191,0.0437612834716155
electricity,fixed,0.0,1,28,0.621,0.0,8.628133773803711,0.05543843722349627
electricity,fixed,0.0,1,29,0.651,0.0,8.664876937866211,0.05729234163399604
electricity,fixed,0.0,1,30,0.54,0.0,8.690827369689941,0.04944408097792373
electricity,fixed,0.0,1,31,0.629,0.0,8.708040237426758,0.03847605936923131
electricity,fixed,0.0,1,32,0.576,0.0,8.724486351013184,0.03235339422290501
electricity,fixed,0.0,1,33,0.597,0.0,8.745686531066895,0.033051440984265226
electricity,fixed,0.0,1,34,0.564,0.0,8.756257057189941,0.02491916463734421
electricity,fixed,0.0,1,35,0.78,0.0,8.758865356445312,0.014528181853279781
electricity,fixed,0.0,1,36,0.714,0.0,8.758463859558105,0.006945765125938482
electricity,fixed,0.0,1,37,0.714,0.0,8.783063888549805,0.02297784797743834
electricity,fixed,0.0,1,38,0.581,0.0,8.806113243103027,0.02971319791023881
electricity,fixed,0.0,1,39,0.681,0.0,8.822080612182617,0.027448363838904446
electricity,fixed,0.0,1,40,0.678,0.0,8.832206726074219,0.02169511739936944
electricity,fixed,0.0,1,41,0.781,0.0,8.838421821594238,0.0157342633358284
electricity,fixed,0.0,1,42,0.71,0.0,8.842623710632324,0.01116860172396107
electricity,fixed,0.0,1,43,0.721,0.0,8.852144241333008,0.013061131121422808
electricity,fixed,0.0,1,44,0.721,0.0,8.858485221862793,0.011505019863747135
electricity,fixed,0.0,1,45,0.7916666666666666,0.0,8.857321739196777,0.012907784994836259
electricity,fixed,0.0,2,0,0.532,0.0,6.4753265380859375,0.5811881883422629
electricity,fixed,0.0,2,1,0.821,0.0,6.763585567474365,0.5997366221074637
electricity,fixed,0.0,2,2,0.789,0.0,7.1351728439331055,0.681391864187894
electricity,fixed,0.0,2,3,0.887,0.0,7.2479634284973145,0.4504715416684859
electricity,fixed,0.0,2,4,0.77,0.0,7.252002716064453,0.22910590737423117
electricity,fixed,0.0,2,5,0.792,0.0,7.212167739868164,0.07640738342580414
electricity,fixed,0.0,2,6,0.847,0.0,7.429821968078613,0.24777836474086426
electricity,fixed,0.0,2,7,0.786,0.0,7.581129550933838,0.2653121003993642
electricity,fixed,0.0,2,8,0.861,0.0,7.685328483581543,0.22810405620996957
electricity,fixed,0.0,2,9,0.829,0.0,7.562474727630615,0.0030416679342957346
electricity,fixed,0.0,2,10,0.879,0.0,7.840444087982178,0.2567736248513457
electricity,fixed,0.0,2,11,0.784,0.0,7.767539978027344,0.06381412551257157
electricity,fixed,0.0,2,12,0.751,0.0,7.753856182098389,0.019673284637790098
electricity,fixed,0.0,2,13,0.863,0.0,8.067770957946777,0.2909823935390488
electricity,fixed,0.0,2,14,0.774,0.0,7.843451499938965,-0.04759485166477545
electricity,fixed,0.0,2,15,0.697,0.0,7.810286521911621,-0.0531610736364026
electricity,fixed,0.0,2,16,0.81,0.0,7.988218784332275,0.1316262982047927
electricity,fixed,0.0,2,17,0.621,0.0,8.073419570922852,0.13988124176175462
electricity,fixed,0.0,2,18,0.75,0.0,8.209219932556152,0.18675085954285814
electricity,fixed,0.0,2,19,0.67,0.0,8.323122024536133,0.18972889043630675
electricity,fixed,0.0,2,20,0.486,0.0,8.402975082397461,0.1614903005645238
electricity,fixed,0.0,2,21,0.628,0.0,8.461261749267578,0.12891481828225745
electricity,fixed,0.0,2,22,0.636,0.0,8.494377136230469,0.0916363301856116
electricity,fixed,0.0,2,23,0.612,0.0,8.510649681091309,0.05912152824039102
electricity,fixed,0.0,2,24,0.682,0.0,8.492840766906738,0.01502920427402003
electricity,fixed,0.0,2,25,0.614,0.0,8.513647079467773,0.024527552884521055
electricity,fixed,0.0,2,26,0.717,0.0,8.549424171447754,0.0414465726422477
electricity,fixed,0.0,2,27,0.686,0.0,8.554855346679688,0.025134869359916302
electricity,fixed,0.0,2,28,0.467,0.0,8.567574501037598,0.022892268618043603
electricity,fixed,0.0,2,29,0.464,0.0,8.583206176757812,0.02411638346757231
electricity,fixed,0.0,2,30,0.587,0.0,8.599546432495117,0.025278659218650534
electricity,fixed,0.0,2,31,0.631,0.0,8.619028091430664,0.028371473068925228
electricity,fixed,0.0,2,32,0.614,0.0,8.639433860778809,0.030626886288367034
electricity,fixed,0.0,2,33,0.674,0.0,8.66057300567627,0.032305252990648195
electricity,fixed,0.0,2,34,0.642,0.0,8.674304008483887,0.027162773988047804
electricity,fixed,0.0,2,35,0.792,0.0,8.68224048614502,0.0199351449610493
electricity,fixed,0.0,2,36,0.705,0.0,8.666733741760254,-0.0024354155576478097
electricity,fixed,0.0,2,37,0.66,0.0,8.68155288696289,0.010656515387625024
electricity,fixed,0.0,2,38,0.621,0.0,8.709918022155762,0.028017758992806157
electricity,fixed,0.0,2,39,0.696,0.0,8.732420921325684,0.031950510258820015
electricity,fixed,0.0,2,40,0.769,0.0,8.744458198547363,0.025547881515774272
electricity,fixed,0.0,2,41,0.825,0.0,8.75284481048584,0.019434200245837262
electricity,fixed,0.0,2,42,0.769,0.0,8.762667655944824,0.01751047542583186
electricity,fixed,0.0,2,43,0.703,0.0,8.780269622802734,0.02270485736724202
electricity,fixed,0.0,2,44,0.766,0.0,8.806818962097168,0.03235069179937558
electricity,fixed,0.0,2,45,0.7884615384615384,0.0,8.814069747924805,0.058380829120778126
electricity,fixed,0.0,3,0,0.506,0.0,6.592498302459717,0.5151017508945887
electricity,fixed,0.0,3,1,0.809,0.0,6.872568607330322,0.5525729723034394
electricity,fixed,0.0,3,2,0.77,0.0,7.228494167327881,0.6359344458860362
electricity,fixed,0.0,3,3,0.896,0.0,7.301864147186279,0.38845406808976246
electricity,fixed,0.0,3,4,0.789,0.0,7.316623687744141,0.20826410832666922
electricity,fixed,0.0,3,5,0.79,0.0,7.250153541564941,0.04104308621098571
electricity,fixed,0.0,3,6,0.865,0.0,7.459222793579102,0.2207752063320932
electricity,fixed,0.0,3,7,0.787,0.0,7.542211055755615,0.18764865196080807
electricity,fixed,0.0,3,8,0.876,0.0,7.710381031036377,0.24866579646265502
electricity,fixed,0.0,3,9,0.834,0.0,7.576382160186768,0.0036452551060953803
electricity,fixed,0.0,3,10,0.864,0.0,7.829780101776123,0.23408492511120652
electricity,fixed,0.0,3,11,0.789,0.0,7.715539455413818,0.015719333215050577
electricity,fixed,0.0,3,12,0.748,0.0,7.7360005378723145,0.026275857883237386
electricity,fixed,0.0,3,13,0.874,0.0,8.10138988494873,0.3411402356815763
electricity,fixed,0.0,3,14,0.751,0.0,7.862720966339111,-0.03401490638810279
electricity,fixed,0.0,3,15,0.701,0.0,7.822968482971191,-0.052117297923250754
electricity,fixed,0.0,3,16,0.814,0.0,8.037764549255371,0.1646156906375253
electricity,fixed,0.0,3,17,0.61,0.0,8.205231666564941,0.2269955983999555
electricity,fixed,0.0,3,18,0.686,0.0,8.38475227355957,0.26543389711504156
electricity,fixed,0.0,3,19,0.536,0.0,8.455095291137695,0.19097665160995578
electricity,fixed,0.0,3,20,0.501,0.0,8.483656883239746,0.11894688928272466
electricity,fixed,0.0,3,21,0.511,0.0,8.502705574035645,0.07506608078779087
electricity,fixed,0.0,3,22,0.651,0.0,8.513640403747559,0.046463882086888106
electricity,fixed,0.0,3,23,0.659,0.0,8.515103340148926,0.02442523557824456
electricity,fixed,0.0,3,24,0.683,0.0,8.512577056884766,0.010152321738906513
electricity,fixed,0.0,3,25,0.659,0.0,8.525675773620605,0.015761915613015296
electricity,fixed,0.0,3,26,0.665,0.0,8.53046703338623,0.01178359709807326
electricity,fixed,0.0,3,27,0.615,0.0,8.53050708770752,0.00592440579174247
electricity,fixed,0.0,3,28,0.41,0.0,8.530486106872559,0.002945122991794462
electricity,fixed,0.0,3,29,0.605,0.0,8.530513763427734,0.0014950759702820112
electricity,fixed,0.0,3,30,0.644,0.0,8.530823707580566,0.0009998545524560923
electricity,fixed,0.0,3,31,0.524,0.0,8.530694961547852,0.00039512266388606605
electricity,fixed,0.0,3,32,0.46,0.0,8.530699729919434,0.0002014430428342488
electricity,fixed,0.0,3,33,0.597,0.0,8.530340194702148,-0.00019195931618179983
electricity,fixed,0.0,3,34,0.485,0.0,8.53024673461914,-0.0001720643557004899
electricity,fixed,0.0,3,35,0.745,0.0,8.530807495117188,0.0003704810094554597
electricity,fixed,0.0,3,36,0.693,0.0,8.534199714660645,0.0029466532052694716
electricity,fixed,0.0,3,37,0.717,0.0,8.535747528076172,0.0027328125103794664
electricity,fixed,0.0,3,38,0.674,0.0,8.537055969238281,0.0024309172343634287
electricity,fixed,0.0,3,39,0.569,0.0,8.537328720092773,0.0014373270414980805
electricity,fixed,0.0,3,40,0.643,0.0,8.537492752075195,0.0008520906179580003
electricity,fixed,0.0,3,41,0.694,0.0,8.537735939025879,0.0006238549373649659
electricity,fixed,0.0,3,42,0.717,0.0,8.536931991577148,-0.0003419892644927911
electricity,fixed,0.0,3,43,0.688,0.0,8.537768363952637,0.0005093600317214377
electricity,fixed,0.0,3,44,0.693,0.0,8.538243293762207,0.0006409781135575662
electricity,fixed,0.0,3,45,0.7532051282051282,0.0,8.538283348083496,0.0009415109392724119
electricity,fixed,0.0,4,0,0.267,0.0,6.366077423095703,0.4962215556413627
electricity,fixed,0.0,4,1,0.814,0.0,6.720306873321533,0.6345224681269506
electricity,fixed,0.0,4,2,0.758,0.0,6.979006290435791,0.5845888671350762
electricity,fixed,0.0,4,3,0.889,0.0,7.054233074188232,0.36714867481086694
electricity,fixed,0.0,4,4,0.796,0.0,7.033277988433838,0.16294538634590425
electricity,fixed,0.0,4,5,0.793,0.0,6.961927890777588,0.011023780149143458
electricity,fixed,0.0,4,6,0.862,0.0,7.184381008148193,0.22740636231118153
electricity,fixed,0.0,4,7,0.779,0.0,7.276798725128174,0.20303442632784524
electricity,fixed,0.0,4,8,0.841,0.0,7.424681186676025,0.2426454176558665
electricity,fixed,0.0,4,9,0.839,0.0,7.29763650894165,0.0024954239511296517
electricity,fixed,0.0,4,10,0.866,0.0,7.537903785705566,0.22988649841831724
electricity,fixed,0.0,4,11,0.786,0.0,7.4766340255737305,0.05849725872480424
electricity,fixed,0.0,4,12,0.733,0.0,7.47288179397583,0.025763483000392613
electricity,fixed,0.0,4,13,0.873,0.0,7.75129508972168,0.27160731995910903
electricity,fixed,0.0,4,14,0.77,0.0,7.563682556152344,-0.03227984108353488
electricity,fixed,0.0,4,15,0.722,0.0,7.547379493713379,-0.03110825250720602
electricity,fixed,0.0,4,16,0.809,0.0,7.7977986335754395,0.21485986128285747
electricity,fixed,0.0,4,17,0.634,0.0,7.965127468109131,0.2564470891981259
electricity,fixed,0.0,4,18,0.754,0.0,8.189017295837402,0.32342324184937205
electricity,fixed,0.0,4,19,0.639,0.0,8.309392929077148,0.2637924771860419
electricity,fixed,0.0,4,20,0.603,0.0,8.371471405029297,0.1837773484556763
electricity,fixed,0.0,4,21,0.742,0.0,8.400344848632812,0.11584026115005239
electricity,fixed,0.0,4,22,0.612,0.0,8.409086227416992,0.06514650287621258
electricity,fixed,0.0,4,23,0.615,0.0,8.412424087524414,0.03532974405245731
electricity,fixed,0.0,4,24,0.505,0.0,8.412707328796387,0.01789868730433674
electricity,fixed,0.0,4,25,0.648,0.0,8.429852485656738,0.023102170400393942
electricity,fixed,0.0,4,26,0.748,0.0,8.455714225769043,0.03285577798718438
electricity,fixed,0.0,4,27,0.619,0.0,8.46524715423584,0.024257019728495314
electricity,fixed,0.0,4,28,0.607,0.0,8.484484672546387,0.027909960154179476
electricity,fixed,0.0,4,29,0.473,0.0,8.500035285949707,0.026682962391184478
electricity,fixed,0.0,4,30,0.406,0.0,8.509278297424316,0.020892929810267972
electricity,fixed,0.0,4,31,0.507,0.0,8.516637802124023,0.01645257608629104
electricity,fixed,0.0,4,32,0.569,0.0,8.520877838134766,0.011683602443870194
electricity,fixed,0.0,4,33,0.541,0.0,8.522856712341309,0.007454567212826042
electricity,fixed,0.0,4,34,0.499,0.0,8.533149719238281,0.012114050740348058
electricity,fixed,0.0,4,35,0.484,0.0,8.53759479522705,0.00967451530894143
electricity,fixed,0.0,4,36,0.626,0.0,8.512042999267578,-0.015946467944162376
electricity,fixed,0.0,4,37,0.618,0.0,8.512928009033203,-0.007251209758775203
electricity,fixed,0.0,4,38,0.564,0.0,8.520445823669434,0.002507073093400368
electricity,fixed,0.0,4,39,0.492,0.0,8.520455360412598,0.0012613093070057285
electricity,fixed,0.0,4,40,0.55,0.0,8.518844604492188,-0.0006821630926962458
electricity,fixed,0.0,4,41,0.562,0.0,8.517618179321289,-0.0013408464041412033
electricity,fixed,0.0,4,42,0.644,0.0,8.517128944396973,-0.0010692981786978807
electricity,fixed,0.0,4,43,0.502,0.0,8.517342567443848,-0.0003604714538145932
electricity,fixed,0.0,4,44,0.606,0.0,8.516935348510742,-0.0005122535171140398
electricity,fixed,0.0,4,45,0.6955128205128205,0.0,8.51656436920166,-0.0014896313602424057
electricity,fixed,0.1,0,0,0.543,0.1,6.518260955810547,0.47210472312924595
electricity,fixed,0.1,0,1,0.804,0.1,6.822977066040039,0.5606917267513237
electricity,fixed,0.1,0,2,0.761,0.1,7.142643451690674,0.6057031721310997
electricity,fixed,0.1,0,3,0.887,0.1,7.236174583435059,0.39378735132078746
electricity,fixed,0.1,0,4,0.782,0.1,7.190533638000488,0.1530927686607465
electricity,fixed,0.1,0,5,0.789,0.1,7.1645307540893555,0.05143342445742722
electricity,fixed,0.1,0,6,0.849,0.1,7.305220603942871,0.16208472846580993
electricity,fixed,0.1,0,7,0.767,0.1,7.4003167152404785,0.1714420520167914
electricity,fixed,0.1,0,8,0.855,0.1,7.5383758544921875,0.2152754842124224
electricity,fixed,0.1,0,9,0.833,0.1,7.415308475494385,-0.005733439282181884
electricity,fixed,0.1,0,10,0.871,0.1,7.659153938293457,0.2254948212218298
electricity,fixed,0.1,0,11,0.782,0.1,7.523270606994629,-0.01045604668124647
electricity,fixed,0.1,0,12,0.746,0.1,7.544145107269287,0.014040432499328766
electricity,fixed,0.1,0,13,0.89,0.1,7.777039527893066,0.22140134790158597
electricity,fixed,0.1,0,14,0.756,0.1,7.6039276123046875,-0.043878208689962506
electricity,fixed,0.1,0,15,0.711,0.1,7.547548294067383,-0.07342868489819444
electricity,fixed,0.1,0,16,0.816,0.1,7.780991554260254,0.178075108134933
electricity,fixed,0.1,0,17,0.702,0.1,7.964576721191406,0.25288517987285
electricity,fixed,0.1,0,18,0.733,0.1,8.128870010375977,0.2696925904419737
electricity,fixed,0.1,0,19,0.602,0.1,8.23279094696045,0.22362532229415283
electricity,fixed,0.1,0,20,0.567,0.1,8.298654556274414,0.16736929786214255
electricity,fixed,0.1,0,21,0.694,0.1,8.300291061401367,0.08505410211894744
electricity,fixed,0.1,0,22,0.67,0.1,8.2501859664917,0.0006065876191208913
electricity,fixed,0.1,0,23,0.646,0.1,8.18136215209961,-0.057627904037584075
electricity,fixed,0.1,0,24,0.675,0.1,8.05202865600586,-0.13859387151523123
electricity,fixed,0.1,0,25,0.772,0.1,7.986704349517822,-0.12563565940828428
electricity,fixed,0.1,0,26,0.613,0.1,7.958737850189209,-0.08713471842243413
electricity,fixed,0.1,0,27,0.648,0.1,7.871748447418213,-0.11947048432597962
electricity,fixed,0.1,0,28,0.711,0.1,7.821387767791748,-0.10416335672819925
electricity,fixed,0.1,0,29,0.403,0.1,7.784151554107666,-0.0851429233666018
electricity,fixed,0.1,0,30,0.677,0.1,7.742316722869873,-0.07989340478193172
electricity,fixed,0.1,0,31,0.662,0.1,7.702976226806641,-0.0752330254783402
electricity,fixed,0.1,0,32,0.644,0.1,7.658796787261963,-0.07744548980870662
electricity,fixed,0.1,0,33,0.432,0.1,7.617127895355225,-0.07650509021858594
electricity,fixed,0.1,0,34,0.639,0.1,7.568508625030518,-0.08257815265294371
electricity,fixed,0.1,0,35,0.621,0.1,7.512613773345947,-0.09257509732276081
electricity,fixed,0.1,0,36,0.727,0.1,7.438329219818115,-0.1149540568325526
electricity,fixed,0.1,0,37,0.545,0.1,7.39967679977417,-0.09356303317703848
electricity,fixed,0.1,0,38,0.594,0.1,7.366283416748047,-0.07812051956281287
electricity,fixed,0.1,0,39,0.638,0.1,7.327157497406006,-0.07594558686382959
electricity,fixed,0.1,0,40,0.748,0.1,7.278578758239746,-0.08401416151232433
electricity,fixed,0.1,0,41,0.833,0.1,7.2285990715026855,-0.08969237336954378
electricity,fixed,0.1,0,42,0.769,0.1,7.177798748016357,-0.09364956071630841
electricity,fixed,0.1,0,43,0.745,0.1,7.129010200500488,-0.09402718455521765
electricity,fixed,0.1,0,44,0.752,0.1,7.080855369567871,-0.09392172380471071
electricity,fixed,0.1,0,45,0.7948717948717948,0.1,7.062491416931152,-0.17325610010493728
electricity,fixed,0.1,1,0,0.494,0.1,6.569138526916504,0.5807414759864732
electricity,fixed,0.1,1,1,0.822,0.1,6.827959060668945,0.5639781235523109
electricity,fixed,0.1,1,2,0.738,0.1,7.0417866706848145,0.499464583414365
electricity,fixed,0.1,1,3,0.891,0.1,7.144550800323486,0.3510758601126623
electricity,fixed,0.1,1,4,0.801,0.1,7.008157253265381,0.04296452738940434
electricity,fixed,0.1,1,5,0.794,0.1,6.991099834442139,0.004579917884979251
electricity,fixed,0.1,1,6,0.85,0.1,7.107296943664551,0.11771162201538693
electricity,fixed,0.1,1,7,0.793,0.1,7.167142868041992,0.11733046042218992
electricity,fixed,0.1,1,8,0.879,0.1,7.291691780090332,0.17934414177461774
electricity,fixed,0.1,1,9,0.834,0.1,7.0923686027526855,-0.10015887277527366
electricity,fixed,0.1,1,10,0.869,0.1,7.285319805145264,0.1388474201471137
electricity,fixed,0.1,1,11,0.807,0.1,7.1597676277160645,-0.050253962884631305
electricity,fixed,0.1,1,12,0.798,0.1,7.161760330200195,-0.023194207584993475
electricity,fixed,0.1,1,13,0.877,0.1,7.399665355682373,0.21908895052129093
electricity,fixed,0.1,1,14,0.755,0.1,7.109318256378174,-0.16294072559711636
electricity,fixed,0.1,1,15,0.706,0.1,7.039404392242432,-0.14976283865606377
electricity,fixed,0.1,1,16,0.806,0.1,7.272940158843994,0.15550400344186824
electricity,fixed,0.1,1,17,0.622,0.1,7.273480415344238,0.0782678565430218
electricity,fixed,0.1,1,18,0.542,0.1,7.473156929016113,0.22977752347927635
electricity,fixed,0.1,1,19,0.653,0.1,7.595273971557617,0.22836624196710992
electricity,fixed,0.1,1,20,0.566,0.1,7.637954235076904,0.1532061661026392
electricity,fixed,0.1,1,21,0.793,0.1,7.627087593078613,0.06672310873722515
electricity,fixed,0.1,1,22,0.665,0.1,7.597383975982666,0.00631648425442923
electricity,fixed,0.1,1,23,0.693,0.1,7.563565731048584,-0.02775357224148596
electricity,fixed,0.1,1,24,0.686,0.1,7.4947028160095215,-0.07710287613912194
electricity,fixed,0.1,1,25,0.774,0.1,7.4485931396484375,-0.08127575865994147
electricity,fixed,0.1,1,26,0.536,0.1,7.4356160163879395,-0.05273666226006883
electricity,fixed,0.1,1,27,0.627,0.1,7.413257122039795,-0.047250272760379464
electricity,fixed,0.1,1,28,0.631,0.1,7.397331714630127,-0.038543424683285574
electricity,fixed,0.1,1,29,0.683,0.1,7.373180866241455,-0.04194397193351856
electricity,fixed,0.1,1,30,0.691,0.1,7.332778453826904,-0.059025075064160826
electricity,fixed,0.1,1,31,0.62,0.1,7.292441368103027,-0.06771342586166403
electricity,fixed,0.1,1,32,0.587,0.1,7.264482498168945,-0.06048137937462413
electricity,fixed,0.1,1,33,0.637,0.1,7.240408897399902,-0.05325372374176385
electricity,fixed,0.1,1,34,0.536,0.1,7.198791980743408,-0.06654261383536601
electricity,fixed,0.1,1,35,0.589,0.1,7.1451873779296875,-0.08498195325975162
electricity,fixed,0.1,1,36,0.731,0.1,7.097293376922607,-0.08903940309145829
electricity,fixed,0.1,1,37,0.583,0.1,7.063824653625488,-0.07726763476757277
electricity,fixed,0.1,1,38,0.619,0.1,7.028869152069092,-0.07299856318214978
electricity,fixed,0.1,1,39,0.673,0.1,6.99057149887085,-0.07433693644476719
electricity,fixed,0.1,1,40,0.703,0.1,6.948440074920654,-0.0790218893675195
electricity,fixed,0.1,1,41,0.809,0.1,6.911582946777344,-0.07634687850677337
electricity,fixed,0.1,1,42,0.703,0.1,6.8698344230651855,-0.08012045859600964
electricity,fixed,0.1,1,43,0.719,0.1,6.828935146331787,-0.08140369372553288
electricity,fixed,0.1,1,44,0.696,0.1,6.795313835144043,-0.07489185199380795
electricity,fixed,0.1,1,45,0.8108974358974359,0.1,6.781509876251221,-0.13747420772213217
electricity,fixed,0.1,2,0,0.532,0.1,6.4341912269592285,0.5333806781025625
electricity,fixed,0.1,2,1,0.82,0.1,6.684793472290039,0.5371661935861543
electricity,fixed,0.1,2,2,0.789,0.1,7.022134304046631,0.6190269324458563
electricity,fixed,0.1,2,3,0.887,0.1,7.098434925079346,0.38496993015482384
electricity,fixed,0.1,2,4,0.771,0.1,7.066172122955322,0.1609220586991656
electricity,fixed,0.1,2,5,0.79,0.1,6.980157852172852,-0.004071489032995652
electricity,fixed,0.1,2,6,0.846,0.1,7.174136638641357,0.19095056532916949
electricity,fixed,0.1,2,7,0.786,0.1,7.2952189445495605,0.2126809324783395
electricity,fixed,0.1,2,8,0.863,0.1,7.372254848480225,0.179672268771796
electricity,fixed,0.1,2,9,0.83,0.1,7.205710411071777,-0.06704376421832378
electricity,fixed,0.1,2,10,0.878,0.1,7.463921070098877,0.21532652759401427
electricity,fixed,0.1,2,11,0.784,0.1,7.330036163330078,-0.016903473749308583
electricity,fixed,0.1,2,12,0.749,0.1,7.282390594482422,-0.053590941990954766
electricity,fixed,0.1,2,13,0.873,0.1,7.586524963378906,0.26322525791842216
electricity,fixed,0.1,2,14,0.769,0.1,7.299065113067627,-0.13151824718380198
electricity,fixed,0.1,2,15,0.697,0.1,7.2323808670043945,-0.12920355584893747
electricity,fixed,0.1,2,16,0.808,0.1,7.403614044189453,0.09981424328262685
electricity,fixed,0.1,2,17,0.622,0.1,7.412579536437988,0.058316577140402386
electricity,fixed,0.1,2,18,0.722,0.1,7.482908248901367,0.09504545162192708
electricity,fixed,0.1,2,19,0.516,0.1,7.533692836761475,0.09465289730281036
electricity,fixed,0.1,2,20,0.453,0.1,7.544096946716309,0.05691680030772317
electricity,fixed,0.1,2,21,0.744,0.1,7.533041000366211,0.01828125029069341
electricity,fixed,0.1,2,22,0.611,0.1,7.505769729614258,-0.015999796187433683
electricity,fixed,0.1,2,23,0.473,0.1,7.4652791023254395,-0.04546239985665311
electricity,fixed,0.1,2,24,0.738,0.1,7.396766662597656,-0.08646369069276014
electricity,fixed,0.1,2,25,0.786,0.1,7.346347332000732,-0.0905679661445188
electricity,fixed,0.1,2,26,0.804,0.1,7.305777072906494,-0.08363473040887992
electricity,fixed,0.1,2,27,0.685,0.1,7.247783184051514,-0.09694296447357018
electricity,fixed,0.1,2,28,0.503,0.1,7.199362277984619,-0.09486584636057475
electricity,fixed,0.1,2,29,0.671,0.1,7.151391506195068,-0.09370512713206128
electricity,fixed,0.1,2,30,0.697,0.1,7.105131149291992,-0.09177423765075202
electricity,fixed,0.1,2,31,0.631,0.1,7.0573906898498535,-0.09254789979930282
electricity,fixed,0.1,2,32,0.611,0.1,7.010231971740723,-0.09267794145577092
electricity,fixed,0.1,2,33,0.468,0.1,6.963591575622559,-0.09254167001302771
electricity,fixed,0.1,2,34,0.579,0.1,6.914694309234619,-0.09503365319144448
electricity,fixed,0.1,2,35,0.819,0.1,6.86470890045166,-0.09771729516343196
electricity,fixed,0.1,2,36,0.711,0.1,6.809814929962158,-0.10439022713262486
electricity,fixed,0.1,2,37,0.737,0.1,6.757843494415283,-0.10519402037437911
electricity,fixed,0.1,2,38,0.576,0.1,6.713394641876221,-0.09827320664421994
electricity,fixed,0.1,2,39,0.675,0.1,6.669181823730469,-0.09487106043718373
electricity,fixed,0.1,2,40,0.751,0.1,6.622930526733398,-0.09559579499601045
electricity,fixed,0.1,2,41,0.827,0.1,6.583491802215576,-0.08915119725982669
electricity,fixed,0.1,2,42,0.738,0.1,6.541429042816162,-0.08894452998195318
electricity,fixed,0.1,2,43,0.76,0.1,6.497197151184082,-0.09142926966091972
electricity,fixed,0.1,2,44,0.779,0.1,6.4534783363342285,-0.09244291994127624
electricity,fixed,0.1,2,45,0.8141025641025641,0.1,6.436870574951172,-0.17091387323606155
electricity,fixed,0.1,3,0,0.506,0.1,6.550593376159668,0.4676854726938322
electricity,fixed,0.1,3,1,0.809,0.1,6.793786525726318,0.491657749347297
electricity,fixed,0.1,3,2,0.77,0.1,7.1135077476501465,0.5726401830584409
electricity,fixed,0.1,3,3,0.896,0.1,7.148895263671875,0.3208665695478781
electricity,fixed,0.1,3,4,0.789,0.1,7.12444543838501,0.1366826985478687
electricity,fixed,0.1,3,5,0.789,0.1,7.017092227935791,-0.03629955398579245
electricity,fixed,0.1,3,6,0.865,0.1,7.194397449493408,0.1573198079606446
electricity,fixed,0.1,3,7,0.788,0.1,7.238553524017334,0.12128187594792615
electricity,fixed,0.1,3,8,0.871,0.1,7.3780083656311035,0.1944296012590021
electricity,fixed,0.1,3,9,0.835,0.1,7.194865703582764,-0.07516560055392828
electricity,fixed,0.1,3,10,0.864,0.1,7.422826766967773,0.18244395288191068
electricity,fixed,0.1,3,11,0.789,0.1,7.266254901885986,-0.055259229810815935
electricity,fixed,0.1,3,12,0.747,0.1,7.270020008087158,-0.024031259054351693
electricity,fixed,0.1,3,13,0.879,0.1,7.556622505187988,0.2617518589448627
electricity,fixed,0.1,3,14,0.752,0.1,7.290707588195801,-0.11349665454023507
electricity,fixed,0.1,3,15,0.704,0.1,7.196383476257324,-0.1465926321204121
electricity,fixed,0.1,3,16,0.809,0.1,7.430556297302246,0.15267832127121286
electricity,fixed,0.1,3,17,0.607,0.1,7.52787971496582,0.16729561666211437
electricity,fixed,0.1,3,18,0.7,0.1,7.599845886230469,0.15003636621849256
electricity,fixed,0.1,3,19,0.658,0.1,7.556263446807861,0.035194240116931154
electricity,fixed,0.1,3,20,0.479,0.1,7.50286340713501,-0.031479200724904705
electricity,fixed,0.1,3,21,0.727,0.1,7.449007034301758,-0.06558758090333351
electricity,fixed,0.1,3,22,0.68,0.1,7.395135402679443,-0.0830163974662615
electricity,fixed,0.1,3,23,0.536,0.1,7.341529369354248,-0.09184725272515439
electricity,fixed,0.1,3,24,0.536,0.1,7.2884745597839355,-0.09610883424440189
electricity,fixed,0.1,3,25,0.637,0.1,7.250179767608643,-0.08454162093851159
electricity,fixed,0.1,3,26,0.66,0.1,7.201418399810791,-0.08897594338473168
electricity,fixed,0.1,3,27,0.554,0.1,7.157200336456299,-0.08712816663149353
electricity,fixed,0.1,3,28,0.582,0.1,7.11005163192749,-0.08931123916382604
electricity,fixed,0.1,3,29,0.61,0.1,7.059506416320801,-0.09402353698730541
electricity,fixed,0.1,3,30,0.543,0.1,7.009224891662598,-0.09647376115698483
electricity,fixed,0.1,3,31,0.55,0.1,6.959950923919678,-0.09705544994056642
electricity,fixed,0.1,3,32,0.475,0.1,6.9097394943237305,-0.09862728560177758
electricity,fixed,0.1,3,33,0.579,0.1,6.860195159912109,-0.09910681925002547
electricity,fixed,0.1,3,34,0.509,0.1,6.811153411865234,-0.09919743385919777
electricity,fixed,0.1,3,35,0.697,0.1,6.762767791748047,-0.09893122061809471
electricity,fixed,0.1,3,36,0.652,0.1,6.711686134338379,-0.10191953789242202
electricity,fixed,0.1,3,37,0.664,0.1,6.658707618713379,-0.10577555608867052
electricity,fixed,0.1,3,38,0.526,0.1,6.608460903167725,-0.10529066830518884
electricity,fixed,0.1,3,39,0.436,0.1,6.558910369873047,-0.10471508695880222
electricity,fixed,0.1,3,40,0.468,0.1,6.510690689086914,-0.10341158682876539
electricity,fixed,0.1,3,41,0.5,0.1,6.4636945724487305,-0.10183287465408714
electricity,fixed,0.1,3,42,0.628,0.1,6.417646408081055,-0.10038952359924577
electricity,fixed,0.1,3,43,0.594,0.1,6.3716840744018555,-0.09992995325084623
electricity,fixed,0.1,3,44,0.591,0.1,6.325994968414307,-0.09976114582368995
electricity,fixed,0.1,3,45,0.7083333333333334,0.1,6.30926513671875,-0.18198924372307426
electricity,fixed,0.1,4,0,0.267,0.1,6.325510501861572,0.4488069718256152
electricity,fixed,0.1,4,1,0.814,0.1,6.6426215171813965,0.5725429488006575
electricity,fixed,0.1,4,2,0.758,0.1,6.867455005645752,0.521320794288967
electricity,fixed,0.1,4,3,0.889,0.1,6.9078369140625,0.3014950177324841
electricity,fixed,0.1,4,4,0.796,0.1,6.84928035736084,0.09188063636600023
electricity,fixed,0.1,4,5,0.79,0.1,6.742045879364014,-0.06278407856001651
electricity,fixed,0.1,4,6,0.863,0.1,6.939969539642334,0.17247335820277224
electricity,fixed,0.1,4,7,0.78,0.1,6.995864391326904,0.14216757188653067
electricity,fixed,0.1,4,8,0.841,0.1,7.114842414855957,0.18918731515568343
electricity,fixed,0.1,4,9,0.841,0.1,6.9441986083984375,-0.07196328980559506
electricity,fixed,0.1,4,10,0.866,0.1,7.1603569984436035,0.18018439750467843
electricity,fixed,0.1,4,11,0.788,0.1,7.048717498779297,-0.018180936706236273
electricity,fixed,0.1,4,12,0.739,0.1,7.004871368408203,-0.052287974355964315
electricity,fixed,0.1,4,13,0.877,0.1,7.262856483459473,0.22961564133522647
electricity,fixed,0.1,4,14,0.771,0.1,7.027153968811035,-0.11056122278236055
electricity,fixed,0.1,4,15,0.717,0.1,6.966598987579346,-0.11512286116458803
electricity,fixed,0.1,4,16,0.809,0.1,7.206303119659424,0.18138041626456064
electricity,fixed,0.1,4,17,0.633,0.1,7.304703712463379,0.18551517437095638
electricity,fixed,0.1,4,18,0.756,0.1,7.474232196807861,0.2539251290355705
electricity,fixed,0.1,4,19,0.666,0.1,7.532881259918213,0.18145447081184496
electricity,fixed,0.1,4,20,0.556,0.1,7.53054141998291,0.08857017386745658
electricity,fixed,0.1,4,21,0.702,0.1,7.499251842498779,0.015430756227563644
electricity,fixed,0.1,4,22,0.695,0.1,7.449854373931885,-0.038027581765885644
electricity,fixed,0.1,4,23,0.657,0.1,7.40360689163208,-0.06212377067666526
electricity,fixed,0.1,4,24,0.506,0.1,7.344358921051025,-0.0866353708256823
electricity,fixed,0.1,4,25,0.597,0.1,7.301918983459473,-0.08344668673185765
electricity,fixed,0.1,4,26,0.78,0.1,7.268348693847656,-0.07365015763505779
electricity,fixed,0.1,4,27,0.62,0.1,7.221221446990967,-0.08185216287760927
electricity,fixed,0.1,4,28,0.462,0.1,7.1822190284729,-0.07843360431230788
electricity,fixed,0.1,4,29,0.63,0.1,7.142399787902832,-0.07771778672130503
electricity,fixed,0.1,4,30,0.57,0.1,7.102039813995361,-0.07810026949508955
electricity,fixed,0.1,4,31,0.526,0.1,7.056693077087402,-0.08339062050116645
electricity,fixed,0.1,4,32,0.641,0.1,7.008578777313232,-0.0890442707502129
electricity,fixed,0.1,4,33,0.537,0.1,6.967109203338623,-0.08561222821013517
electricity,fixed,0.1,4,34,0.538,0.1,6.922003746032715,-0.08776483848561771
electricity,fixed,0.1,4,35,0.664,0.1,6.874632835388184,-0.09140690338400638
electricity,fixed,0.1,4,36,0.575,0.1,6.797045707702637,-0.12407847341573361
electricity,fixed,0.1,4,37,0.501,0.1,6.7546491622924805,-0.1053551811487738
electricity,fixed,0.1,4,38,0.532,0.1,6.715056896209717,-0.09338233861315237
electricity,fixed,0.1,4,39,0.444,0.1,6.667646884918213,-0.09572071508899829
electricity,fixed,0.1,4,40,0.496,0.1,6.621006965637207,-0.09643646451754302
electricity,fixed,0.1,4,41,0.604,0.1,6.576004981994629,-0.09541857156026594
electricity,fixed,0.1,4,42,0.715,0.1,6.530415058135986,-0.09585351534346241
electricity,fixed,0.1,4,43,0.581,0.1,6.486110210418701,-0.0950405400045852
electricity,fixed,0.1,4,44,0.593,0.1,6.443332672119141,-0.0933206385674407
electricity,fixed,0.1,4,45,0.6217948717948718,0.1,6.427117347717285,-0.1710313177848914
electricity,fixed,10.0,0,0,0.543,10.0,3.5258052349090576,-2.932744382530696
electricity,fixed,10.0,0,1,0.813,10.0,2.8789124488830566,-2.740495608404142
electricity,fixed,10.0,0,2,0.693,10.0,2.877704381942749,-1.373161874671768
electricity,fixed,10.0,0,3,0.873,10.0,3.0537526607513428,-0.2617431745005759
electricity,fixed,10.0,0,4,0.772,10.0,2.939077377319336,-0.39165110131489334
electricity,fixed,10.0,0,5,0.761,10.0,2.7735302448272705,-0.5869798882055088
electricity,fixed,10.0,0,6,0.765,10.0,2.8172314167022705,-0.18406969861996317
electricity,fixed,10.0,0,7,0.691,10.0,2.674689292907715,-0.44339961608614115
electricity,fixed,10.0,0,8,0.902,10.0,3.0225229263305664,0.6813999836293247
electricity,fixed,10.0,0,9,0.83,10.0,3.0083529949188232,0.30814364605027494
electricity,fixed,10.0,0,10,0.826,10.0,3.1341841220855713,0.4445388238946928
electricity,fixed,10.0,0,11,0.723,10.0,2.9165921211242676,-0.2598514537614927
electricity,fixed,10.0,0,12,0.739,10.0,2.515551805496216,-1.084808026565137
electricity,fixed,10.0,0,13,0.822,10.0,2.7684829235076904,0.15583885075367002
electricity,fixed,10.0,0,14,0.777,10.0,2.709714889526367,-0.06949392640042452
electricity,fixed,10.0,0,15,0.725,10.0,2.2378334999084473,-1.2440823465033832
electricity,fixed,10.0,0,16,0.754,10.0,2.2576661109924316,-0.5604966187231373
electricity,fixed,10.0,0,17,0.624,10.0,1.8896455764770508,-1.412257220649269
electricity,fixed,10.0,0,18,0.645,10.0,1.13715660572052,-3.4715243636465303
electricity,fixed,10.0,0,19,0.492,10.0,0.5738254189491272,-5.175941054877197
electricity,fixed,10.0,0,20,0.556,10.0,0.28551164269447327,-6.077148482349734
electricity,fixed,10.0,0,21,0.726,10.0,0.22734273970127106,-4.45340521415002
electricity,fixed,10.0,0,22,0.573,10.0,0.15962480008602142,-4.295224655178256
electricity,fixed,10.0,0,23,0.604,10.0,0.12572081387043,-3.622598348502103
electricity,fixed,10.0,0,24,0.623,10.0,0.13245178759098053,-1.4395001727970766
electricity,fixed,10.0,0,25,0.558,10.0,0.09820983558893204,-2.515054911427237
electricity,fixed,10.0,0,26,0.59,10.0,0.09505686908960342,-1.4804745827326018
electricity,fixed,10.0,0,27,0.59,10.0,0.10195526480674744,-0.23627028433350092
electricity,fixed,10.0,0,28,0.619,10.0,0.12415237724781036,1.3937692647779578
electricity,fixed,10.0,0,29,0.604,10.0,0.12463897466659546,0.7241023854150938
electricity,fixed,10.0,0,30,0.621,10.0,0.13338851928710938,0.8495449858279716
electricity,fixed,10.0,0,31,0.581,10.0,0.11118513345718384,-0.7311754117287178
electricity,fixed,10.0,0,32,0.545,10.0,0.07352516055107117,-2.717768986684079
electricity,fixed,10.0,0,33,0.615,10.0,0.10223077237606049,1.3523578224261557
electricity,fixed,10.0,0,34,0.579,10.0,0.10476960241794586,0.848639353111448
electricity,fixed,10.0,0,35,0.694,10.0,0.16633954644203186,4.505360797749295
electricity,fixed,10.0,0,36,0.649,10.0,0.1774309277534485,2.715730124429004
electricity,fixed,10.0,0,37,0.661,10.0,0.17471516132354736,1.2515730570087595
electricity,fixed,10.0,0,38,0.532,10.0,0.09999310225248337,-2.3442086571429366
electricity,fixed,10.0,0,39,0.446,10.0,0.0017600854625925422,-7.994312184251942
electricity,fixed,10.0,0,40,0.531,10.0,0.03360795974731445,121.6591249344082
electricity,fixed,10.0,0,41,0.506,10.0,0.019369279965758324,57.887410624433876
electricity,fixed,10.0,0,42,0.465,10.0,0.015012979507446289,27.38184619468781
electricity,fixed,10.0,0,43,0.633,10.0,0.09691400080919266,51.57528123246667
electricity,fixed,10.0,0,44,0.576,10.0,0.10090402513742447,26.073548762092003
electricity,fixed,10.0,0,45,0.47435897435897434,10.0,0.07593446224927902,30.182166100206334
electricity,fixed,10.0,1,0,0.494,10.0,3.5485074520111084,-2.8795007372889976
electricity,fixed,10.0,1,1,0.821,10.0,2.9219486713409424,-2.6659286146773806
electricity,fixed,10.0,1,2,0.665,10.0,2.7489256858825684,-1.7441790976299143
electricity,fixed,10.0,1,3,0.862,10.0,3.0065340995788574,-0.22130901788898874
electricity,fixed,10.0,1,4,0.765,10.0,2.87754487991333,-0.4085917483806516
electricity,fixed,10.0,1,5,0.758,10.0,2.750732183456421,-0.5103358360836121
electricity,fixed,10.0,1,6,0.743,10.0,2.6538705825805664,-0.499702813197198
electricity,fixed,10.0,1,7,0.69,10.0,2.461710214614868,-0.7526818793881587
electricity,fixed,10.0,1,8,0.903,10.0,2.8015942573547363,0.5824664123437004
electricity,fixed,10.0,1,9,0.825,10.0,2.8305656909942627,0.36304607159922725
electricity,fixed,10.0,1,10,0.797,10.0,2.9320297241210938,0.43045254957139917
electricity,fixed,10.0,1,11,0.718,10.0,2.7202560901641846,-0.28635466885640837
electricity,fixed,10.0,1,12,0.742,10.0,2.3666810989379883,-1.0458062789575229
electricity,fixed,10.0,1,13,0.812,10.0,2.613520622253418,0.20138681962288119
electricity,fixed,10.0,1,14,0.767,10.0,2.5873119831085205,0.031053845096915535
electricity,fixed,10.0,1,15,0.718,10.0,2.1603519916534424,-1.1304500450597645
electricity,fixed,10.0,1,16,0.76,10.0,2.20412278175354,-0.424523960242905
electricity,fixed,10.0,1,17,0.624,10.0,1.9206187725067139,-1.1054871027367403
electricity,fixed,10.0,1,18,0.645,10.0,1.157941460609436,-3.310380984326243
electricity,fixed,10.0,1,19,0.492,10.0,0.5757162570953369,-5.146930547681591
electricity,fixed,10.0,1,20,0.556,10.0,0.2816852927207947,-6.120145903190743
electricity,fixed,10.0,1,21,0.726,10.0,0.2152194380760193,-4.698669097575306
electricity,fixed,10.0,1,22,0.573,10.0,0.1538318246603012,-4.330116929559079
electricity,fixed,10.0,1,23,0.604,10.0,0.11865253001451492,-3.7531606523489383
electricity,fixed,10.0,1,24,0.623,10.0,0.12893244624137878,-1.274921793299828
electricity,fixed,10.0,1,25,0.558,10.0,0.09547363966703415,-2.439589299582339
electricity,fixed,10.0,1,26,0.59,10.0,0.0931464210152626,-1.389069024304341
electricity,fixed,10.0,1,27,0.59,10.0,0.09998027235269547,-0.1850431067216902
electricity,fixed,10.0,1,28,0.619,10.0,0.11729053407907486,1.1098171485419954
electricity,fixed,10.0,1,29,0.604,10.0,0.1223430186510086,0.8540520532516007
electricity,fixed,10.0,1,30,0.621,10.0,0.12982523441314697,0.851732170499122
electricity,fixed,10.0,1,31,0.581,10.0,0.10840427130460739,-0.7199565194623095
electricity,fixed,10.0,1,32,0.545,10.0,0.07499472051858902,-2.500214678029449
electricity,fixed,10.0,1,33,0.615,10.0,0.10115166008472443,1.1720020094196268
electricity,fixed,10.0,1,34,0.579,10.0,0.10029285401105881,0.5270407161483799
electricity,fixed,10.0,1,35,0.694,10.0,0.16238898038864136,4.563159690229147
electricity,fixed,10.0,1,36,0.649,10.0,0.17340059578418732,2.752483419818193
electricity,fixed,10.0,1,37,0.661,10.0,0.4066959321498871,10.719384362928622
electricity,fixed,10.0,1,38,0.532,10.0,0.2612479627132416,2.8761282619331454
electricity,fixed,10.0,1,39,0.446,10.0,0.12336482107639313,-2.227119731040864
electricity,fixed,10.0,1,40,0.531,10.0,0.06780333071947098,-4.241223648959325
electricity,fixed,10.0,1,41,0.506,10.0,0.03531782701611519,-5.447790199356133
electricity,fixed,10.0,1,42,0.465,10.0,0.01982780173420906,-5.769654963701078
electricity,fixed,10.0,1,43,0.633,10.0,0.09266357123851776,22.62500773063574
electricity,fixed,10.0,1,44,0.576,10.0,0.09859145432710648,11.756754547988628
electricity,fixed,10.0,1,45,0.47435897435897434,10.0,0.07457031309604645,11.163760904673705
electricity,fixed,10.0,2,0,0.532,10.0,3.4942450523376465,-2.8834284573491904
electricity,fixed,10.0,2,1,0.738,10.0,2.7611939907073975,-2.898576096168748
electricity,fixed,10.0,2,2,0.682,10.0,2.88946795463562,-1.1266770981961063
electricity,fixed,10.0,2,3,0.878,10.0,3.1717066764831543,0.11498394996136209
electricity,fixed,10.0,2,4,0.77,10.0,3.093378782272339,-0.1140067685286943
electricity,fixed,10.0,2,5,0.78,10.0,2.8225386142730713,-0.6650228453058039
electricity,fixed,10.0,2,6,0.745,10.0,2.9228835105895996,-0.08562744585640066
electricity,fixed,10.0,2,7,0.697,10.0,2.861868143081665,-0.1877794146435693
electricity,fixed,10.0,2,8,0.881,10.0,3.2105627059936523,0.7522324405748765
electricity,fixed,10.0,2,9,0.833,10.0,3.0783140659332275,0.0900625225857371
electricity,fixed,10.0,2,10,0.818,10.0,3.205235481262207,0.3313564050838302
electricity,fixed,10.0,2,11,0.78,10.0,3.100131034851074,-0.062040476236264436
electricity,fixed,10.0,2,12,0.737,10.0,2.622739553451538,-1.1004003977178378
electricity,fixed,10.0,2,13,0.829,10.0,2.964945077896118,0.3558856722902256
electricity,fixed,10.0,2,14,0.798,10.0,2.8028759956359863,-0.20165263977372833
electricity,fixed,10.0,2,15,0.723,10.0,2.364363193511963,-1.1872917208779188
electricity,fixed,10.0,2,16,0.749,10.0,2.2762932777404785,-0.852318740722325
electricity,fixed,10.0,2,17,0.623,10.0,1.8205103874206543,-1.8166475783194893
electricity,fixed,10.0,2,18,0.645,10.0,1.1294242143630981,-3.544512831683651
electricity,fixed,10.0,2,19,0.492,10.0,0.5710740685462952,-5.20536110658494
electricity,fixed,10.0,2,20,0.556,10.0,0.2831696569919586,-6.103690845066869
electricity,fixed,10.0,2,21,0.726,10.0,0.2220458984375,-4.550842702201816
electricity,fixed,10.0,2,22,0.573,10.0,0.1572512686252594,-4.301861425850024
electricity,fixed,10.0,2,23,0.604,10.0,0.12133919447660446,-3.736860072915295
electricity,fixed,10.0,2,24,0.623,10.0,0.09246020764112473,-3.5212226114722003
electricity,fixed,10.0,2,25,0.558,10.0,0.019436145201325417,-7.245257702850498
electricity,fixed,10.0,2,26,0.59,10.0,0.04749460518360138,6.402528633005892
electricity,fixed,10.0,2,27,0.622,10.0,0.03398409113287926,1.2258186026906965
electricity,fixed,10.0,2,28,0.643,10.0,0.014697281643748283,-3.328234114266875
electricity,fixed,10.0,2,29,0.698,10.0,0.027172284200787544,4.230303713704641
electricity,fixed,10.0,2,30,0.648,10.0,0.02583463490009308,1.773287654864783
electricity,fixed,10.0,2,31,0.623,10.0,0.01317075826227665,-2.517452576457301
electricity,fixed,10.0,2,32,0.609,10.0,0.024764034897089005,4.85397154664157
electricity,fixed,10.0,2,33,0.627,10.0,0.01396975852549076,-0.599994801089886
electricity,fixed,10.0,2,34,0.493,10.0,0.03385837748646736,9.586745393850467
electricity,fixed,10.0,2,35,0.694,10.0,0.15170788764953613,28.9646247433457
electricity,fixed,10.0,2,36,0.649,10.0,0.1756577044725418,15.578617744832501
electricity,fixed,10.0,2,37,0.661,10.0,0.1732945442199707,7.6958837924490275
electricity,fixed,10.0,2,38,0.532,10.0,0.07824546098709106,0.039033306670469156
electricity,fixed,10.0,2,39,0.446,10.0,0.02593925967812538,-4.622765525120127
electricity,fixed,10.0,2,40,0.531,10.0,0.04391160607337952,2.5001640056228736
electricity,fixed,10.0,2,41,0.506,10.0,0.02366366796195507,-1.9520482287989378
electricity,fixed,10.0,2,42,0.51,10.0,0.013660561293363571,-3.9115799479512607
electricity,fixed,10.0,2,43,0.633,10.0,0.04246130585670471,12.685275372386176
electricity,fixed,10.0,2,44,0.576,10.0,0.03864576667547226,5.718615430295796
electricity,fixed,10.0,2,45,0.47435897435897434,10.0,0.027340581640601158,2.207531788226794
electricity,fixed,10.0,3,0,0.506,10.0,3.5097360610961914,-2.973106557041512
electricity,fixed,10.0,3,1,0.793,10.0,2.8370110988616943,-2.8176223518937586
electricity,fixed,10.0,3,2,0.669,10.0,2.8202900886535645,-1.449740915873486
electricity,fixed,10.0,3,3,0.87,10.0,3.067584991455078,-0.11595234670845427
electricity,fixed,10.0,3,4,0.76,10.0,2.93471622467041,-0.35876646014592173
electricity,fixed,10.0,3,5,0.775,10.0,2.764477491378784,-0.5822206205155954
electricity,fixed,10.0,3,6,0.762,10.0,2.76981258392334,-0.2777084092124234
electricity,fixed,10.0,3,7,0.693,10.0,2.6222689151763916,-0.5087741106277969
electricity,fixed,10.0,3,8,0.891,10.0,3.01911997795105,0.7965769179866492
electricity,fixed,10.0,3,9,0.834,10.0,2.981860637664795,0.3125861945771679
electricity,fixed,10.0,3,10,0.822,10.0,3.071553945541382,0.36517951730417286
electricity,fixed,10.0,3,11,0.727,10.0,2.8746938705444336,-0.26248914225065223
electricity,fixed,10.0,3,12,0.74,10.0,2.6177501678466797,-0.7519476265069586
electricity,fixed,10.0,3,13,0.827,10.0,3.0623862743377686,0.8035698947162564
electricity,fixed,10.0,3,14,0.794,10.0,2.827223300933838,-0.13148422834263385
electricity,fixed,10.0,3,15,0.715,10.0,2.346992254257202,-1.2453227376900133
electricity,fixed,10.0,3,16,0.761,10.0,2.302272081375122,-0.754982536740685
electricity,fixed,10.0,3,17,0.623,10.0,1.7736091613769531,-1.9721204642257066
electricity,fixed,10.0,3,18,0.721,10.0,1.1310498714447021,-3.5019568503561866
electricity,fixed,10.0,3,19,0.492,10.0,0.599767804145813,-5.012955543809372
electricity,fixed,10.0,3,20,0.556,10.0,0.29822778701782227,-5.997875413198508
electricity,fixed,10.0,3,21,0.726,10.0,0.3513519763946533,-1.7619034735676242
electricity,fixed,10.0,3,22,0.573,10.0,0.2276330292224884,-3.326247090394595
electricity,fixed,10.0,3,23,0.604,10.0,0.1452678143978119,-4.175854937719126
electricity,fixed,10.0,3,24,0.623,10.0,0.13151773810386658,-2.7452419698407016
electricity,fixed,10.0,3,25,0.558,10.0,0.09644623100757599,-3.2244786591979535
electricity,fixed,10.0,3,26,0.59,10.0,0.09082567691802979,-2.016937628471619
electricity,fixed,10.0,3,27,0.59,10.0,0.09797822684049606,-0.4615916836974572
electricity,fixed,10.0,3,28,0.619,10.0,0.11553564667701721,1.0136288693654698
electricity,fixed,10.0,3,29,0.604,10.0,0.11880424618721008,0.7032785421882806
electricity,fixed,10.0,3,30,0.621,10.0,0.12685956060886383,0.8224951982054216
electricity,fixed,10.0,3,31,0.581,10.0,0.1081114187836647,-0.6150481622554391
electricity,fixed,10.0,3,32,0.545,10.0,0.07173661142587662,-2.6440286956556287
electricity,fixed,10.0,3,33,0.615,10.0,0.10058099776506424,1.4702591438015074
electricity,fixed,10.0,3,34,0.579,10.0,0.0988578274846077,0.6161562017142664
electricity,fixed,10.0,3,35,0.694,10.0,0.15996190905570984,4.60044331453834
electricity,fixed,10.0,3,36,0.649,10.0,0.17084643244743347,2.7727527019648393
electricity,fixed,10.0,3,37,0.661,10.0,0.1707903891801834,1.384098344059327
electricity,fixed,10.0,3,38,0.532,10.0,0.09638494998216629,-2.3333226966822904
electricity,fixed,10.0,3,39,0.446,10.0,0.00042717528413049877,-8.080328217695842
electricity,fixed,10.0,3,40,0.531,10.0,0.03265941143035889,519.9484209735434
electricity,fixed,10.0,3,41,0.506,10.0,0.018042167648673058,256.8661129147698
electricity,fixed,10.0,3,42,0.465,10.0,0.01437467709183693,127.02143647263576
electricity,fixed,10.0,3,43,0.633,10.0,0.09191202372312546,100.96921504797373
electricity,fixed,10.0,3,44,0.576,10.0,0.09886570274829865,51.009995125284334
electricity,fixed,10.0,3,45,0.47435897435897434,10.0,0.07780575752258301,64.06859195785412
electricity,fixed,10.0,4,0,0.267,10.0,3.423715114593506,-2.9428090645920664
electricity,fixed,10.0,4,1,0.78,10.0,2.7380313873291016,-2.86220148562584
electricity,fixed,10.0,4,2,0.668,10.0,2.708050489425659,-1.5071410252028297
electricity,fixed,10.0,4,3,0.872,10.0,2.994527816772461,-0.01893654173553728
electricity,fixed,10.0,4,4,0.779,10.0,2.888901948928833,-0.2544194004006542
electricity,fixed,10.0,4,5,0.759,10.0,2.724733591079712,-0.5218433917457325
electricity,fixed,10.0,4,6,0.738,10.0,2.7191715240478516,-0.2750975645249315
electricity,fixed,10.0,4,7,0.686,10.0,2.6745893955230713,-0.2514062980599342
electricity,fixed,10.0,4,8,0.9,10.0,3.1023097038269043,0.9848523342705293
electricity,fixed,10.0,4,9,0.835,10.0,2.9878950119018555,0.23631167581889287
electricity,fixed,10.0,4,10,0.819,10.0,3.0555949211120605,0.2755034878540782
electricity,fixed,10.0,4,11,0.73,10.0,2.9156429767608643,-0.18031675910766076
electricity,fixed,10.0,4,12,0.736,10.0,2.557438850402832,-0.94332479090464
electricity,fixed,10.0,4,13,0.817,10.0,2.8258588314056396,0.25720259600524353
electricity,fixed,10.0,4,14,0.792,10.0,2.69340443611145,-0.1969005208851669
electricity,fixed,10.0,4,15,0.723,10.0,2.192767858505249,-1.3892489438594369
electricity,fixed,10.0,4,16,0.751,10.0,2.1756250858306885,-0.7489152314373496
electricity,fixed,10.0,4,17,0.623,10.0,1.9031585454940796,-1.2441519231890479
electricity,fixed,10.0,4,18,0.645,10.0,1.1615357398986816,-3.3281870128157043
electricity,fixed,10.0,4,19,0.492,10.0,0.577250599861145,-5.1573443426288295
electricity,fixed,10.0,4,20,0.556,10.0,0.2827478349208832,-6.121601516647862
electricity,fixed,10.0,4,21,0.726,10.0,0.22271913290023804,-4.535139143159489
electricity,fixed,10.0,4,22,0.573,10.0,0.15826432406902313,-4.277288419147918
electricity,fixed,10.0,4,23,0.604,10.0,0.12330688536167145,-3.6725337481655353
electricity,fixed,10.0,4,24,0.623,10.0,0.13059963285923004,-1.4255511245510037
electricity,fixed,10.0,4,25,0.558,10.0,0.09723290055990219,-2.48700274554267
electricity,fixed,10.0,4,26,0.59,10.0,0.09524435549974442,-1.3855247066005114
electricity,fixed,10.0,4,27,0.59,10.0,0.10267730802297592,-0.1508118557154313
electricity,fixed,10.0,4,28,0.619,10.0,0.1214393749833107,1.1935417508111419
electricity,fixed,10.0,4,29,0.604,10.0,0.12507230043411255,0.8045177364805817
electricity,fixed,10.0,4,30,0.621,10.0,0.13198140263557434,0.785875993951768
electricity,fixed,10.0,4,31,0.581,10.0,0.11321819573640823,-0.5943226723903265
electricity,fixed,10.0,4,32,0.545,10.0,0.07583039253950119,-2.5904104072449408
electricity,fixed,10.0,4,33,0.615,10.0,0.101770780980587,1.0803803678252204
electricity,fixed,10.0,4,34,0.579,10.0,0.10208149999380112,0.5613924475121044
electricity,fixed,10.0,4,35,0.694,10.0,0.16491186618804932,4.554947557075784
electricity,fixed,10.0,4,36,0.649,10.0,0.17568784952163696,2.7312508130453566
electricity,fixed,10.0,4,37,0.661,10.0,0.17475029826164246,1.3285666534185723
electricity,fixed,10.0,4,38,0.532,10.0,0.09640374779701233,-2.4491492254787928
electricity,fixed,10.0,4,39,0.446,10.0,0.0011444815900176764,-8.086576320173615
electricity,fixed,10.0,4,40,0.531,10.0,0.03044723905622959,173.75893503879678
electricity,fixed,10.0,4,41,0.506,10.0,0.02024887502193451,84.55341186859658
electricity,fixed,10.0,4,42,0.465,10.0,0.01416526548564434,40.190304176244624
electricity,fixed,10.0,4,43,0.633,10.0,0.09408484399318695,59.27529124557915
electricity,fixed,10.0,4,44,0.576,10.0,0.10128805041313171,30.169317512560283
electricity,fixed,10.0,4,45,0.47435897435897434,10.0,0.07791652530431747,35.952735149639466
electricity,fixed,1.0,0,0,0.543,1.0,6.153597831726074,0.057187000793781174
electricity,fixed,1.0,0,1,0.81,1.0,6.154083251953125,0.02914130574445222
electricity,fixed,1.0,0,2,0.764,1.0,6.224027156829834,0.09349736571602453
electricity,fixed,1.0,0,3,0.891,1.0,6.083600044250488,-0.10993255538670656
electricity,fixed,1.0,0,4,0.78,1.0,5.79446268081665,-0.38501729067484136
electricity,fixed,1.0,0,5,0.786,1.0,5.550617694854736,-0.4847476416596643
electricity,fixed,1.0,0,6,0.843,1.0,5.5315046310424805,-0.2662864044563977
electricity,fixed,1.0,0,7,0.775,1.0,5.465996742248535,-0.21538409774320108
electricity,fixed,1.0,0,8,0.857,1.0,5.52881383895874,-0.027884127492236118
electricity,fixed,1.0,0,9,0.832,1.0,5.121542930603027,-0.5254930544821018
electricity,fixed,1.0,0,10,0.877,1.0,5.399438381195068,0.1140597485530062
electricity,fixed,1.0,0,11,0.784,1.0,4.916918754577637,-0.5635588802999616
electricity,fixed,1.0,0,12,0.732,1.0,4.828673362731934,-0.40641343386404455
electricity,fixed,1.0,0,13,0.892,1.0,5.229443073272705,0.3731675334669063
electricity,fixed,1.0,0,14,0.763,1.0,4.758890151977539,-0.438287481374364
electricity,fixed,1.0,0,15,0.713,1.0,4.5926032066345215,-0.4617991533763889
electricity,fixed,1.0,0,16,0.81,1.0,4.9083428382873535,0.24652819842515783
electricity,fixed,1.0,0,17,0.687,1.0,4.343964099884033,-0.675232852527297
electricity,fixed,1.0,0,18,0.826,1.0,4.161718368530273,-0.6289621481716235
electricity,fixed,1.0,0,19,0.615,1.0,3.937257766723633,-0.6890268845373938
electricity,fixed,1.0,0,20,0.527,1.0,3.676706552505493,-0.8040676648451941
electricity,fixed,1.0,0,21,0.76,1.0,3.4237747192382812,-0.8797633001600242
electricity,fixed,1.0,0,22,0.676,1.0,3.1841609477996826,-0.9258904153555713
electricity,fixed,1.0,0,23,0.651,1.0,2.9593868255615234,-0.953162702967967
electricity,fixed,1.0,0,24,0.736,1.0,2.747425079345703,-0.9739670119960745
electricity,fixed,1.0,0,25,0.575,1.0,2.5529627799987793,-0.978510151985687
electricity,fixed,1.0,0,26,0.814,1.0,2.3752338886260986,-0.9727045105006152
electricity,fixed,1.0,0,27,0.693,1.0,2.2089972496032715,-0.9723764357963554
electricity,fixed,1.0,0,28,0.632,1.0,2.0558369159698486,-0.9676797309366936
electricity,fixed,1.0,0,29,0.699,1.0,1.9144095182418823,-0.9615697373343779
electricity,fixed,1.0,0,30,0.623,1.0,1.7811030149459839,-0.964348911469899
electricity,fixed,1.0,0,31,0.645,1.0,1.6572151184082031,-0.9652080633510189
electricity,fixed,1.0,0,32,0.663,1.0,1.5420901775360107,-0.965027072097883
electricity,fixed,1.0,0,33,0.598,1.0,1.434887170791626,-0.9652773428989565
electricity,fixed,1.0,0,34,0.586,1.0,1.3354674577713013,-0.9638017118653128
electricity,fixed,1.0,0,35,0.82,1.0,1.2423964738845825,-0.9658709244128288
electricity,fixed,1.0,0,36,0.731,1.0,1.1562148332595825,-0.9646525533533631
electricity,fixed,1.0,0,37,0.456,1.0,1.075512409210205,-0.9670402625390224
electricity,fixed,1.0,0,38,0.654,1.0,1.000810146331787,-0.9658629754714927
electricity,fixed,1.0,0,39,0.781,1.0,0.9305396676063538,-0.9705259005036421
electricity,fixed,1.0,0,40,0.665,1.0,0.8650034070014954,-0.9743478723780098
electricity,fixed,1.0,0,41,0.846,1.0,0.803993821144104,-0.9769727926274924
electricity,fixed,1.0,0,42,0.777,1.0,0.7478123307228088,-0.9737503731949294
electricity,fixed,1.0,0,43,0.809,1.0,0.6954684257507324,-0.9729588270370819
electricity,fixed,1.0,0,44,0.719,1.0,0.6466549634933472,-0.9738953252056765
electricity,fixed,1.0,0,45,0.7660256410256411,1.0,0.6292200088500977,-1.7978189153186102
electricity,fixed,1.0,1,0,0.494,1.0,6.207358360290527,0.16630920225233484
electricity,fixed,1.0,1,1,0.817,1.0,6.174809455871582,0.04674071210199928
electricity,fixed,1.0,1,2,0.738,1.0,6.129014015197754,-0.028133078320694643
electricity,fixed,1.0,1,3,0.893,1.0,6.013845443725586,-0.1445576335437502
electricity,fixed,1.0,1,4,0.803,1.0,5.648386001586914,-0.4942904591357671
electricity,fixed,1.0,1,5,0.795,1.0,5.436117649078369,-0.5081199187790908
electricity,fixed,1.0,1,6,0.846,1.0,5.434055328369141,-0.25669449979436726
electricity,fixed,1.0,1,7,0.794,1.0,5.356091499328613,-0.22798103106637455
electricity,fixed,1.0,1,8,0.874,1.0,5.431704998016357,-0.015953777185301582
electricity,fixed,1.0,1,9,0.829,1.0,5.0338454246521,-0.5166410566442949
electricity,fixed,1.0,1,10,0.863,1.0,5.262634754180908,0.057305927073827444
electricity,fixed,1.0,1,11,0.801,1.0,4.87144660949707,-0.4875493695099496
electricity,fixed,1.0,1,12,0.756,1.0,4.754409313201904,-0.410616090850875
electricity,fixed,1.0,1,13,0.887,1.0,5.12463903427124,0.3354614929709386
electricity,fixed,1.0,1,14,0.754,1.0,4.638416290283203,-0.4911540667996809
electricity,fixed,1.0,1,15,0.705,1.0,4.402576446533203,-0.5986666636123938
electricity,fixed,1.0,1,16,0.816,1.0,4.710299968719482,0.1860571957685483
electricity,fixed,1.0,1,17,0.616,1.0,4.200350761413574,-0.658794845026164
electricity,fixed,1.0,1,18,0.636,1.0,4.090651988983154,-0.5107625212959871
electricity,fixed,1.0,1,19,0.624,1.0,3.923732280731201,-0.5387504261893581
electricity,fixed,1.0,1,20,0.572,1.0,3.7185118198394775,-0.6325860510318471
electricity,fixed,1.0,1,21,0.466,1.0,3.483245372772217,-0.7556609367817025
electricity,fixed,1.0,1,22,0.656,1.0,3.2399067878723145,-0.8629674895251704
electricity,fixed,1.0,1,23,0.667,1.0,3.011716365814209,-0.9205890840482923
electricity,fixed,1.0,1,24,0.747,1.0,2.79229736328125,-0.966232979800342
electricity,fixed,1.0,1,25,0.743,1.0,2.5951473712921143,-0.9734285836600897
electricity,fixed,1.0,1,26,0.85,1.0,2.4152719974517822,-0.9680490146190016
electricity,fixed,1.0,1,27,0.676,1.0,2.248504877090454,-0.9635170877437521
electricity,fixed,1.0,1,28,0.647,1.0,2.0947797298431396,-0.9565343629725774
electricity,fixed,1.0,1,29,0.481,1.0,1.9525121450424194,-0.9499011794758526
electricity,fixed,1.0,1,30,0.667,1.0,1.8183072805404663,-0.9522732164237043
electricity,fixed,1.0,1,31,0.628,1.0,1.6916375160217285,-0.9599113540453984
electricity,fixed,1.0,1,32,0.554,1.0,1.5740565061569214,-0.962644659144361
electricity,fixed,1.0,1,33,0.514,1.0,1.465611457824707,-0.9597617060951725
electricity,fixed,1.0,1,34,0.472,1.0,1.3636122941970825,-0.9631791524772787
electricity,fixed,1.0,1,35,0.637,1.0,1.2685340642929077,-0.9657928121987179
electricity,fixed,1.0,1,36,0.527,1.0,1.2157284021377563,-0.7719749555135342
electricity,fixed,1.0,1,37,0.27,1.0,1.214978814125061,-0.3902692501503597
electricity,fixed,1.0,1,38,0.694,1.0,1.1383519172668457,-0.6331103510674185
electricity,fixed,1.0,1,39,0.736,1.0,1.0593791007995605,-0.7983238871766215
electricity,fixed,1.0,1,40,0.843,1.0,0.984906017780304,-0.8873480775633001
electricity,fixed,1.0,1,41,0.827,1.0,0.9155116677284241,-0.9329645903605684
electricity,fixed,1.0,1,42,0.78,1.0,0.8526143431663513,-0.9435783186627462
electricity,fixed,1.0,1,43,0.518,1.0,0.7932142615318298,-0.9555959005762051
electricity,fixed,1.0,1,44,0.784,1.0,0.7371312975883484,-0.9687939475520378
electricity,fixed,1.0,1,45,0.7980769230769231,1.0,0.7171441912651062,-1.7938496471983938
electricity,fixed,1.0,2,0,0.532,1.0,6.076961040496826,0.11820730686865595
electricity,fixed,1.0,2,1,0.82,1.0,6.024491786956787,-0.0008555620060958434
electricity,fixed,1.0,2,2,0.779,1.0,6.118605613708496,0.10805742645398596
electricity,fixed,1.0,2,3,0.89,1.0,5.989823818206787,-0.09213498497143197
electricity,fixed,1.0,2,4,0.776,1.0,5.731949329376221,-0.34504040315459783
electricity,fixed,1.0,2,5,0.796,1.0,5.412987232208252,-0.5589532344574258
electricity,fixed,1.0,2,6,0.837,1.0,5.504131317138672,-0.16254579750078657
electricity,fixed,1.0,2,7,0.776,1.0,5.456068992614746,-0.14191210288564463
electricity,fixed,1.0,2,8,0.868,1.0,5.4508137702941895,-0.07764485972176853
electricity,fixed,1.0,2,9,0.831,1.0,5.027706146240234,-0.5778699029695564
electricity,fixed,1.0,2,10,0.876,1.0,5.28151273727417,0.061631632918070015
electricity,fixed,1.0,2,11,0.791,1.0,4.929742813110352,-0.43171202681231935
electricity,fixed,1.0,2,12,0.738,1.0,4.705799579620361,-0.5313210189119875
electricity,fixed,1.0,2,13,0.882,1.0,5.172534465789795,0.4231096840991954
electricity,fixed,1.0,2,14,0.76,1.0,4.620010852813721,-0.5302419618059104
electricity,fixed,1.0,2,15,0.697,1.0,4.39380407333374,-0.6051375875952031
electricity,fixed,1.0,2,16,0.807,1.0,4.679387092590332,0.14879757994216322
electricity,fixed,1.0,2,17,0.549,1.0,3.9816009998321533,-0.9611506654131867
electricity,fixed,1.0,2,18,0.359,1.0,3.7448878288269043,-0.8934347491531719
electricity,fixed,1.0,2,19,0.658,1.0,3.462855339050293,-0.9697127341986187
electricity,fixed,1.0,2,20,0.559,1.0,3.2166967391967773,-0.9785052648535243
electricity,fixed,1.0,2,21,0.705,1.0,2.99220609664917,-0.9738997477337185
electricity,fixed,1.0,2,22,0.578,1.0,2.7838339805603027,-0.9705491104202641
electricity,fixed,1.0,2,23,0.659,1.0,2.589641809463501,-0.9696988251717629
electricity,fixed,1.0,2,24,0.731,1.0,2.4091179370880127,-0.9689464788387587
electricity,fixed,1.0,2,25,0.614,1.0,2.241925001144409,-0.9664181194474815
electricity,fixed,1.0,2,26,0.566,1.0,2.0864665508270264,-0.9647472784852663
electricity,fixed,1.0,2,27,0.667,1.0,1.9418857097625732,-0.9635860594008618
electricity,fixed,1.0,2,28,0.613,1.0,1.8066657781600952,-0.9653576895945056
electricity,fixed,1.0,2,29,0.686,1.0,1.682017207145691,-0.9618018164904345
electricity,fixed,1.0,2,30,0.614,1.0,1.5646260976791382,-0.9655666028043548
electricity,fixed,1.0,2,31,0.524,1.0,1.4553418159484863,-0.9678312142899727
electricity,fixed,1.0,2,32,0.537,1.0,1.3531118631362915,-0.9717255635979279
electricity,fixed,1.0,2,33,0.621,1.0,1.258435845375061,-0.9717593018691533
electricity,fixed,1.0,2,34,0.536,1.0,1.1708756685256958,-0.9690642216144117
electricity,fixed,1.0,2,35,0.799,1.0,1.0924967527389526,-0.9493961787246078
electricity,fixed,1.0,2,36,0.718,1.0,1.0175732374191284,-0.9509486488409454
electricity,fixed,1.0,2,37,0.493,1.0,0.9676602482795715,-0.8161062980114826
electricity,fixed,1.0,2,38,0.573,1.0,0.9113014936447144,-0.8125135380888747
electricity,fixed,1.0,2,39,0.61,1.0,0.8455942273139954,-0.9069697205886477
electricity,fixed,1.0,2,40,0.651,1.0,0.7837249636650085,-0.9615863235615576
electricity,fixed,1.0,2,41,0.695,1.0,0.7313104867935181,-0.9452283138985071
electricity,fixed,1.0,2,42,0.662,1.0,0.6742295026779175,-1.0146489426973517
electricity,fixed,1.0,2,43,0.721,1.0,0.6352119445800781,-0.9091984081784078
electricity,fixed,1.0,2,44,0.621,1.0,0.6018146872520447,-0.8197141867180302
electricity,fixed,1.0,2,45,0.5160256410256411,1.0,0.5808987021446228,-1.7365607645833605
electricity,fixed,1.0,3,0,0.506,1.0,6.185285568237305,0.054332242447604956
electricity,fixed,1.0,3,1,0.809,1.0,6.1244401931762695,-0.04114718818627401
electricity,fixed,1.0,3,2,0.759,1.0,6.195790767669678,0.060330143231402865
electricity,fixed,1.0,3,3,0.896,1.0,5.987842559814453,-0.20291006454085736
electricity,fixed,1.0,3,4,0.788,1.0,5.6990766525268555,-0.43635341688495694
electricity,fixed,1.0,3,5,0.786,1.0,5.374380588531494,-0.6138256732173988
electricity,fixed,1.0,3,6,0.865,1.0,5.450219631195068,-0.2089182845256563
electricity,fixed,1.0,3,7,0.783,1.0,5.3424553871154785,-0.24176788516646633
electricity,fixed,1.0,3,8,0.872,1.0,5.402143955230713,-0.04329715613214287
electricity,fixed,1.0,3,9,0.837,1.0,4.993795394897461,-0.5465797747730472
electricity,fixed,1.0,3,10,0.886,1.0,5.23406982421875,0.06083922562176218
electricity,fixed,1.0,3,11,0.783,1.0,4.845304012298584,-0.48538599801346194
electricity,fixed,1.0,3,12,0.739,1.0,4.686369895935059,-0.4704824501147843
electricity,fixed,1.0,3,13,0.887,1.0,5.118527889251709,0.4051472296423901
electricity,fixed,1.0,3,14,0.753,1.0,4.616105079650879,-0.47907692306501043
electricity,fixed,1.0,3,15,0.695,1.0,4.373867034912109,-0.6039601146344955
electricity,fixed,1.0,3,16,0.815,1.0,4.69117546081543,0.2018145751785933
electricity,fixed,1.0,3,17,0.567,1.0,3.914456367492676,-1.048886114420953
electricity,fixed,1.0,3,18,0.702,1.0,3.6587307453155518,-0.9781133014306393
electricity,fixed,1.0,3,19,0.639,1.0,3.3617918491363525,-1.0526607559233119
electricity,fixed,1.0,3,20,0.556,1.0,3.120612382888794,-1.0245341572725934
electricity,fixed,1.0,3,21,0.596,1.0,2.9040117263793945,-0.9942786331654768
electricity,fixed,1.0,3,22,0.575,1.0,2.7018167972564697,-0.980653704450815
electricity,fixed,1.0,3,23,0.392,1.0,2.512437105178833,-0.9770870026079569
electricity,fixed,1.0,3,24,0.602,1.0,2.3356575965881348,-0.9771668677529558
electricity,fixed,1.0,3,25,0.677,1.0,2.1736676692962646,-0.9702165517961474
electricity,fixed,1.0,3,26,0.744,1.0,2.025742530822754,-0.9577002551485881
electricity,fixed,1.0,3,27,0.6,1.0,1.8945423364639282,-0.928617285523375
electricity,fixed,1.0,3,28,0.44,1.0,1.7629588842391968,-0.9466277528681895
electricity,fixed,1.0,3,29,0.596,1.0,1.6400058269500732,-0.95763638857646
electricity,fixed,1.0,3,30,0.525,1.0,1.524290919303894,-0.968801665284083
electricity,fixed,1.0,3,31,0.479,1.0,1.4176616668701172,-0.9701879683527752
electricity,fixed,1.0,3,32,0.545,1.0,1.3190573453903198,-0.9681092539691378
electricity,fixed,1.0,3,33,0.61,1.0,1.2272706031799316,-0.9672845140274914
electricity,fixed,1.0,3,34,0.535,1.0,1.1419041156768799,-0.9666839173825196
electricity,fixed,1.0,3,35,0.705,1.0,1.0652321577072144,-0.9496194203948122
electricity,fixed,1.0,3,36,0.645,1.0,0.9999956488609314,-0.9000985152285941
electricity,fixed,1.0,3,37,0.67,1.0,0.9452199935913086,-0.8304374076635936
electricity,fixed,1.0,3,38,0.532,1.0,0.8794964551925659,-0.8980835016528632
electricity,fixed,1.0,3,39,0.447,1.0,0.8059859871864319,-1.0294754275504117
electricity,fixed,1.0,3,40,0.47,1.0,0.7448572516441345,-1.0414281459674244
electricity,fixed,1.0,3,41,0.495,1.0,0.6955974102020264,-0.9799728524093265
electricity,fixed,1.0,3,42,0.737,1.0,0.6521625518798828,-0.9236150684999289
electricity,fixed,1.0,3,43,0.591,1.0,0.6046944260597229,-0.9672639755762796
electricity,fixed,1.0,3,44,0.585,1.0,0.5606937408447266,-0.9889455822652717
electricity,fixed,1.0,3,45,0.5673076923076923,1.0,0.5459954142570496,-1.8040484910656547
electricity,fixed,1.0,4,0,0.267,1.0,5.972865581512451,0.036635882070269306
electricity,fixed,1.0,4,1,0.811,1.0,5.996108531951904,0.04534171644895514
electricity,fixed,1.0,4,2,0.755,1.0,5.980169773101807,0.004211248169378964
electricity,fixed,1.0,4,3,0.891,1.0,5.79634952545166,-0.21135478690764514
electricity,fixed,1.0,4,4,0.799,1.0,5.5067291259765625,-0.4526635034702912
electricity,fixed,1.0,4,5,0.782,1.0,5.190248489379883,-0.6254402149098074
electricity,fixed,1.0,4,6,0.854,1.0,5.28801965713501,-0.1819043200926829
electricity,fixed,1.0,4,7,0.78,1.0,5.181274890899658,-0.23113376808107536
electricity,fixed,1.0,4,8,0.852,1.0,5.2433085441589355,-0.032423397579023634
electricity,fixed,1.0,4,9,0.841,1.0,4.842048645019531,-0.547656120548869
electricity,fixed,1.0,4,10,0.879,1.0,5.1128926277160645,0.11461516465730756
electricity,fixed,1.0,4,11,0.78,1.0,4.727154731750488,-0.46661020427385996
electricity,fixed,1.0,4,12,0.73,1.0,4.556672096252441,-0.48375325925067053
electricity,fixed,1.0,4,13,0.872,1.0,4.941040992736816,0.34390799376304415
electricity,fixed,1.0,4,14,0.763,1.0,4.435907363891602,-0.537992030219239
electricity,fixed,1.0,4,15,0.704,1.0,4.19399356842041,-0.6477137779440957
electricity,fixed,1.0,4,16,0.812,1.0,4.4806623458862305,0.1508113160670703
electricity,fixed,1.0,4,17,0.642,1.0,4.088689804077148,-0.532100851096612
electricity,fixed,1.0,4,18,0.685,1.0,3.9159257411956787,-0.5594819388610097
electricity,fixed,1.0,4,19,0.582,1.0,3.691403865814209,-0.6779047225747667
electricity,fixed,1.0,4,20,0.56,1.0,3.431328535079956,-0.8282184376384412
electricity,fixed,1.0,4,21,0.639,1.0,3.189591646194458,-0.9033449121885162
electricity,fixed,1.0,4,22,0.664,1.0,2.9670393466949463,-0.9362178936587168
electricity,fixed,1.0,4,23,0.611,1.0,2.7574305534362793,-0.9587046045757944
electricity,fixed,1.0,4,24,0.689,1.0,2.5605502128601074,-0.9751851295662526
electricity,fixed,1.0,4,25,0.752,1.0,2.380631446838379,-0.9755485786411001
electricity,fixed,1.0,4,26,0.822,1.0,2.2147953510284424,-0.9715281084027236
electricity,fixed,1.0,4,27,0.637,1.0,2.060182571411133,-0.970549187037441
electricity,fixed,1.0,4,28,0.421,1.0,1.9169145822525024,-0.9682010123639305
electricity,fixed,1.0,4,29,0.67,1.0,1.7838538885116577,-0.966142118248086
electricity,fixed,1.0,4,30,0.683,1.0,1.6598514318466187,-0.9658057588829931
electricity,fixed,1.0,4,31,0.623,1.0,1.544273853302002,-0.9664534297055571
electricity,fixed,1.0,4,32,0.553,1.0,1.436578631401062,-0.9675213131350507
electricity,fixed,1.0,4,33,0.617,1.0,1.3365154266357422,-0.9674678141406855
electricity,fixed,1.0,4,34,0.591,1.0,1.2435613870620728,-0.9667168572413212
electricity,fixed,1.0,4,35,0.627,1.0,1.1567211151123047,-0.9683022764831746
electricity,fixed,1.0,4,36,0.682,1.0,1.075610637664795,-0.9711027440670085
electricity,fixed,1.0,4,37,0.358,1.0,1.000119924545288,-0.9729406232848447
electricity,fixed,1.0,4,38,0.759,1.0,0.9305595755577087,-0.9694703671603192
electricity,fixed,1.0,4,39,0.731,1.0,0.8659012913703918,-0.9672576079422252
electricity,fixed,1.0,4,40,0.82,1.0,0.8773296475410461,-0.391974494976217
electricity,fixed,1.0,4,41,0.848,1.0,0.8377533555030823,-0.5092507535655976
electricity,fixed,1.0,4,42,0.784,1.0,0.7807721495628357,-0.7269634658273874
electricity,fixed,1.0,4,43,0.639,1.0,0.7269057631492615,-0.842587100697383
electricity,fixed,1.0,4,44,0.743,1.0,0.6767993569374084,-0.89998167181988
electricity,fixed,1.0,4,45,0.7660256410256411,1.0,0.6589308381080627,-1.6888922457055786
rotating_hyperplane,adadecay_default,0.0,0,0,0.497,0.0005,6.6165771484375,0.6872893749906402
rotating_hyperplane,adadecay_default,0.0,0,1,0.833,0.0005,6.8753461837768555,0.6152363503055581
rotating_hyperplane,adadecay_default,0.0,0,2,0.845,0.0005,6.815690517425537,0.24736296040439112
rotating_hyperplane,adadecay_default,0.0,0,3,0.849,0.0005,6.9035725593566895,0.21322368525021146
rotating_hyperplane,adadecay_default,0.0,0,4,0.861,0.0005,7.015981674194336,0.21968646396461702
rotating_hyperplane,adadecay_default,0.0,0,5,0.832,0.0005,6.95943546295166,0.053873584290259985
rotating_hyperplane,adadecay_default,0.0,0,6,0.819,0.0005,7.0199666023254395,0.08733754401326946
rotating_hyperplane,adadecay_default,0.0,0,7,0.853,0.0005,7.028420925140381,0.05203214158225392
rotating_hyperplane,adadecay_default,0.0,0,8,0.828,0.0005,7.07632303237915,0.07334583746766726
rotating_hyperplane,adadecay_default,0.0,0,9,0.829,0.0005,7.154031753540039,0.11293341369446351
rotating_hyperplane,adadecay_default,0.0,0,10,0.843,0.0005,7.225432395935059,0.1257755681287647
rotating_hyperplane,adadecay_default,0.0,0,11,0.862,0.0005,7.282399654388428,0.11763965769678096
rotating_hyperplane,adadecay_default,0.0,0,12,0.858,0.0005,7.325697898864746,0.1001087264065644
rotating_hyperplane,adadecay_default,0.0,0,13,0.856,0.0005,7.415807247161865,0.13547412413436377
rotating_hyperplane,adadecay_default,0.0,0,14,0.86,0.0005,7.520849704742432,0.1661028214058206
rotating_hyperplane,adadecay_default,0.0,0,15,0.854,0.0005,7.5575690269470215,0.11695652822262392
rotating_hyperplane,adadecay_default,0.0,0,16,0.873,0.0005,7.600919246673584,0.09831160092532494
rotating_hyperplane,adadecay_default,0.0,0,17,0.862,0.0005,7.660430908203125,0.1035275697021907
rotating_hyperplane,adadecay_default,0.0,0,18,0.863,0.0005,7.695805072784424,0.08383168333450507
rotating_hyperplane,adadecay_default,0.0,0,19,0.861,0.0005,7.752694129943848,0.09325067840025388
rotating_hyperplane,adadecay_default,0.0,1,0,0.485,0.0005,6.649806022644043,0.8466371615006392
rotating_hyperplane,adadecay_default,0.0,1,1,0.835,0.0005,6.873385429382324,0.656804304052405
rotating_hyperplane,adadecay_default,0.0,1,2,0.823,0.0005,6.958141326904297,0.4140342801423138
rotating_hyperplane,adadecay_default,0.0,1,3,0.821,0.0005,7.0650858879089355,0.31375118406944447
rotating_hyperplane,adadecay_default,0.0,1,4,0.788,0.0005,7.014418125152588,0.1070730179162867
rotating_hyperplane,adadecay_default,0.0,1,5,0.833,0.0005,7.072170734405518,0.11071299592011737
rotating_hyperplane,adadecay_default,0.0,1,6,0.841,0.0005,7.16941499710083,0.15084448958095517
rotating_hyperplane,adadecay_default,0.0,1,7,0.841,0.0005,7.130222797393799,0.03745986520566185
rotating_hyperplane,adadecay_default,0.0,1,8,0.855,0.0005,7.1586079597473145,0.0463755179669443
rotating_hyperplane,adadecay_default,0.0,1,9,0.826,0.0005,7.20660400390625,0.06974790923739786
rotating_hyperplane,adadecay_default,0.0,1,10,0.85,0.0005,7.269984245300293,0.09594856965204553
rotating_hyperplane,adadecay_default,0.0,1,11,0.878,0.0005,7.35885763168335,0.13286804435867552
rotating_hyperplane,adadecay_default,0.0,1,12,0.839,0.0005,7.317878723144531,0.02776283597286426
rotating_hyperplane,adadecay_default,0.0,1,13,0.869,0.0005,7.352853298187256,0.04707122647342693
rotating_hyperplane,adadecay_default,0.0,1,14,0.87,0.0005,7.4273834228515625,0.09392601668680343
rotating_hyperplane,adadecay_default,0.0,1,15,0.847,0.0005,7.403607368469238,0.024732906655352927
rotating_hyperplane,adadecay_default,0.0,1,16,0.889,0.0005,7.514936447143555,0.11679103494412699
rotating_hyperplane,adadecay_default,0.0,1,17,0.866,0.0005,7.518247127532959,0.06145486949709168
rotating_hyperplane,adadecay_default,0.0,1,18,0.855,0.0005,7.4881110191345215,0.0028913544768203537
rotating_hyperplane,adadecay_default,0.0,1,19,0.861,0.0005,7.547425270080566,0.056453478191954044
rotating_hyperplane,adadecay_default,0.0,2,0,0.458,0.0005,6.447488307952881,0.6280224033892355
rotating_hyperplane,adadecay_default,0.0,2,1,0.824,0.0005,6.819482326507568,0.7146775809312904
rotating_hyperplane,adadecay_default,0.0,2,2,0.783,0.0005,6.7804670333862305,0.3176085701068864
rotating_hyperplane,adadecay_default,0.0,2,3,0.817,0.0005,6.901717662811279,0.2829872145994536
rotating_hyperplane,adadecay_default,0.0,2,4,0.852,0.0005,6.940451622009277,0.18046735860416224
rotating_hyperplane,adadecay_default,0.0,2,5,0.838,0.0005,6.898911476135254,0.048669635498153764
rotating_hyperplane,adadecay_default,0.0,2,6,0.818,0.0005,6.930039882659912,0.05566867244518568
rotating_hyperplane,adadecay_default,0.0,2,7,0.864,0.0005,7.001343727111816,0.09928639059106352
rotating_hyperplane,adadecay_default,0.0,2,8,0.879,0.0005,7.062205791473389,0.11001063920439305
rotating_hyperplane,adadecay_default,0.0,2,9,0.856,0.0005,7.022191524505615,0.01565828524101597
rotating_hyperplane,adadecay_default,0.0,2,10,0.832,0.0005,7.035952568054199,0.021437829038020134
rotating_hyperplane,adadecay_default,0.0,2,11,0.868,0.0005,7.094981670379639,0.06898029671842806
rotating_hyperplane,adadecay_default,0.0,2,12,0.876,0.0005,7.1216721534729,0.0606143281876583
rotating_hyperplane,adadecay_default,0.0,2,13,0.863,0.0005,7.1077728271484375,0.016753732063353913
rotating_hyperplane,adadecay_default,0.0,2,14,0.841,0.0005,7.1008100509643555,0.0015740863754720054
rotating_hyperplane,adadecay_default,0.0,2,15,0.831,0.0005,7.116843223571777,0.01646715230786277
rotating_hyperplane,adadecay_default,0.0,2,16,0.865,0.0005,7.1797685623168945,0.06963460823173814
rotating_hyperplane,adadecay_default,0.0,2,17,0.867,0.0005,7.223678112030029,0.07728767428403978
rotating_hyperplane,adadecay_default,0.0,2,18,0.87,0.0005,7.221041202545166,0.03610885826579294
rotating_hyperplane,adadecay_default,0.0,2,19,0.825,0.0005,7.263769149780273,0.05914571326720273
rotating_hyperplane,adadecay_default,0.0,3,0,0.475,0.0005,6.574211597442627,0.7252691684814699
rotating_hyperplane,adadecay_default,0.0,3,1,0.798,0.0005,6.794275760650635,0.5950918656895726
rotating_hyperplane,adadecay_default,0.0,3,2,0.815,0.0005,6.799823760986328,0.30321655639117095
rotating_hyperplane,adadecay_default,0.0,3,3,0.871,0.0005,6.85500955581665,0.2079677809992342
rotating_hyperplane,adadecay_default,0.0,3,4,0.849,0.0005,6.857231140136719,0.10623445904569162
rotating_hyperplane,adadecay_default,0.0,3,5,0.815,0.0005,6.887722969055176,0.08399686703342804
rotating_hyperplane,adadecay_default,0.0,3,6,0.841,0.0005,6.957696437835693,0.11254814475139199
rotating_hyperplane,adadecay_default,0.0,3,7,0.882,0.0005,7.055178642272949,0.15357060709588297
rotating_hyperplane,adadecay_default,0.0,3,8,0.84,0.0005,7.119452476501465,0.14005033107777548
rotating_hyperplane,adadecay_default,0.0,3,9,0.837,0.0005,7.198057174682617,0.14669762896117333
rotating_hyperplane,adadecay_default,0.0,3,10,0.883,0.0005,7.305804252624512,0.17729958600965556
rotating_hyperplane,adadecay_default,0.0,3,11,0.881,0.0005,7.425922870635986,0.20282710198820975
rotating_hyperplane,adadecay_default,0.0,3,12,0.868,0.0005,7.53133487701416,0.19999090425011293
rotating_hyperplane,adadecay_default,0.0,3,13,0.857,0.0005,7.551629066467285,0.11870818678679167
rotating_hyperplane,adadecay_default,0.0,3,14,0.842,0.0005,7.5910420417785645,0.09559808989141809
rotating_hyperplane,adadecay_default,0.0,3,15,0.881,0.0005,7.723052024841309,0.1685645457090757
rotating_hyperplane,adadecay_default,0.0,3,16,0.88,0.0005,7.825343608856201,0.1762612236683707
rotating_hyperplane,adadecay_default,0.0,3,17,0.839,0.0005,7.89632511138916,0.15112172450116154
rotating_hyperplane,adadecay_default,0.0,3,18,0.85,0.0005,7.916903495788574,0.09365857798571652
rotating_hyperplane,adadecay_default,0.0,3,19,0.848,0.0005,7.979392051696777,0.10164217197783626
rotating_hyperplane,adadecay_default,0.0,4,0,0.507,0.0005,6.482026100158691,0.7507678097307108
rotating_hyperplane,adadecay_default,0.0,4,1,0.846,0.0005,6.6798095703125,0.5872769610316553
rotating_hyperplane,adadecay_default,0.0,4,2,0.821,0.0005,6.671082973480225,0.28456616097544335
rotating_hyperplane,adadecay_default,0.0,4,3,0.834,0.0005,6.743610382080078,0.21778245018876657
rotating_hyperplane,adadecay_default,0.0,4,4,0.815,0.0005,6.732427597045898,0.0973754012249651
rotating_hyperplane,adadecay_default,0.0,4,5,0.856,0.0005,6.822592735290527,0.14169230917895723
rotating_hyperplane,adadecay_default,0.0,4,6,0.848,0.0005,6.862753868103027,0.11172456642838255
rotating_hyperplane,adadecay_default,0.0,4,7,0.844,0.0005,6.8997483253479,0.09329710282551612
rotating_hyperplane,adadecay_default,0.0,4,8,0.851,0.0005,6.8886942863464355,0.035522905068474483
rotating_hyperplane,adadecay_default,0.0,4,9,0.841,0.0005,6.918605804443359,0.047915044352755884
rotating_hyperplane,adadecay_default,0.0,4,10,0.857,0.0005,6.967222690582275,0.0727559758527972
rotating_hyperplane,adadecay_default,0.0,4,11,0.857,0.0005,7.014501094818115,0.08350182280561509
rotating_hyperplane,adadecay_default,0.0,4,12,0.85,0.0005,7.010763168334961,0.038050317098409336
rotating_hyperplane,adadecay_default,0.0,4,13,0.861,0.0005,7.066725254058838,0.074457867652819
rotating_hyperplane,adadecay_default,0.0,4,14,0.819,0.0005,7.066064834594727,0.03657994209209578
rotating_hyperplane,adadecay_default,0.0,4,15,0.821,0.0005,7.134010314941406,0.08506598068700737
rotating_hyperplane,adadecay_default,0.0,4,16,0.857,0.0005,7.1552863121032715,0.06324363888031106
rotating_hyperplane,adadecay_default,0.0,4,17,0.865,0.0005,7.233470916748047,0.10750259061880345
rotating_hyperplane,adadecay_default,0.0,4,18,0.867,0.0005,7.251797199249268,0.07134531789795438
rotating_hyperplane,adadecay_default,0.0,4,19,0.857,0.0005,7.270293235778809,0.05338477838539662
rotating_hyperplane,adadecay_regime,0.0,0,0,0.497,1.0,6.287910461425781,0.3081965881437473
rotating_hyperplane,adadecay_regime,0.0,0,1,0.835,1.0,6.336545467376709,0.2078113834921714
rotating_hyperplane,adadecay_regime,0.0,0,2,0.844,1.0,6.071253299713135,-0.1868373841729047
rotating_hyperplane,adadecay_regime,0.0,0,3,0.844,1.0,5.968852996826172,-0.21054660281392612
rotating_hyperplane,adadecay_regime,0.0,0,4,0.859,1.0,5.910121440887451,-0.17360435723444445
rotating_hyperplane,adadecay_regime,0.0,0,5,0.834,1.0,5.667860507965088,-0.37146089613517025
rotating_hyperplane,adadecay_regime,0.0,0,6,0.814,1.0,5.599665641784668,-0.26928498490218905
rotating_hyperplane,adadecay_regime,0.0,0,7,0.842,1.0,5.446348667144775,-0.3247790614690816
rotating_hyperplane,adadecay_regime,0.0,0,8,0.82,1.0,5.376124382019043,-0.25193000574089836
rotating_hyperplane,adadecay_regime,0.0,0,9,0.816,1.0,5.3579182624816895,-0.14948220163521442
rotating_hyperplane,adadecay_regime,0.0,0,10,0.821,1.0,5.313991069793701,-0.13167551718565207
rotating_hyperplane,adadecay_regime,0.0,0,11,0.842,1.0,5.287935256958008,-0.09988808767990624
rotating_hyperplane,adadecay_regime,0.0,0,12,0.852,1.0,5.201831817626953,-0.16302041899473635
rotating_hyperplane,adadecay_regime,0.0,0,13,0.852,1.0,5.207695960998535,-0.07368157925980345
rotating_hyperplane,adadecay_regime,0.0,0,14,0.846,1.0,5.269469738006592,0.04553432707595374
rotating_hyperplane,adadecay_regime,0.0,0,15,0.82,1.0,5.175773620605469,-0.10071157612706262
rotating_hyperplane,adadecay_regime,0.0,0,16,0.87,1.0,5.1811981201171875,-0.04307762285397315
rotating_hyperplane,adadecay_regime,0.0,0,17,0.847,1.0,5.2122979164123535,0.020144753377594388
rotating_hyperplane,adadecay_regime,0.0,0,18,0.834,1.0,5.1066484451293945,-0.13068643941784036
rotating_hyperplane,adadecay_regime,0.0,0,19,0.84,1.0,5.156306266784668,0.002185608136281372
rotating_hyperplane,adadecay_regime,0.0,1,0,0.485,1.0,6.3189311027526855,0.45897570288733575
rotating_hyperplane,adadecay_regime,0.0,1,1,0.834,1.0,6.333930969238281,0.24597256029544023
rotating_hyperplane,adadecay_regime,0.0,1,2,0.824,1.0,6.207220077514648,-0.01593799173875823
rotating_hyperplane,adadecay_regime,0.0,1,3,0.821,1.0,6.110441207885742,-0.11624218018396842
rotating_hyperplane,adadecay_regime,0.0,1,4,0.788,1.0,5.843006134033203,-0.36205790081978945
rotating_hyperplane,adadecay_regime,0.0,1,5,0.826,1.0,5.710207462310791,-0.3388608911810368
rotating_hyperplane,adadecay_regime,0.0,1,6,0.832,1.0,5.672101020812988,-0.2157734318486443
rotating_hyperplane,adadecay_regime,0.0,1,7,0.831,1.0,5.448724269866943,-0.3813704623232358
rotating_hyperplane,adadecay_regime,0.0,1,8,0.835,1.0,5.350170135498047,-0.3162932959117363
rotating_hyperplane,adadecay_regime,0.0,1,9,0.823,1.0,5.307480335235596,-0.21355739915796418
rotating_hyperplane,adadecay_regime,0.0,1,10,0.822,1.0,5.280024528503418,-0.14270258671299116
rotating_hyperplane,adadecay_regime,0.0,1,11,0.863,1.0,5.318454742431641,-0.020806739221961888
rotating_hyperplane,adadecay_regime,0.0,1,12,0.829,1.0,5.163168430328369,-0.21316473914565598
rotating_hyperplane,adadecay_regime,0.0,1,13,0.844,1.0,5.083247661590576,-0.2140755389214581
rotating_hyperplane,adadecay_regime,0.0,1,14,0.859,1.0,5.131203651428223,-0.041523017991467244
rotating_hyperplane,adadecay_regime,0.0,1,15,0.838,1.0,4.9731292724609375,-0.234695474084531
rotating_hyperplane,adadecay_regime,0.0,1,16,0.882,1.0,5.148082256317139,0.12695543913029264
rotating_hyperplane,adadecay_regime,0.0,1,17,0.839,1.0,5.0486063957214355,-0.07070906166243601
rotating_hyperplane,adadecay_regime,0.0,1,18,0.828,1.0,4.918936252593994,-0.21371803047235416
rotating_hyperplane,adadecay_regime,0.0,1,19,0.843,1.0,4.958049297332764,-0.051640091409269936
rotating_hyperplane,adadecay_regime,0.0,2,0,0.458,1.0,6.121260643005371,0.24487348404746798
rotating_hyperplane,adadecay_regime,0.0,2,1,0.825,1.0,6.2773261070251465,0.29948980474865106
rotating_hyperplane,adadecay_regime,0.0,2,2,0.779,1.0,6.005832195281982,-0.15060183044795455
rotating_hyperplane,adadecay_regime,0.0,2,3,0.818,1.0,5.940303325653076,-0.15107086347571005
rotating_hyperplane,adadecay_regime,0.0,2,4,0.855,1.0,5.801002025604248,-0.23838404168176855
rotating_hyperplane,adadecay_regime,0.0,2,5,0.834,1.0,5.574228763580322,-0.390664830651925
rotating_hyperplane,adadecay_regime,0.0,2,6,0.809,1.0,5.4559125900268555,-0.3427321954514934
rotating_hyperplane,adadecay_regime,0.0,2,7,0.845,1.0,5.376668930053711,-0.27222973605891476
rotating_hyperplane,adadecay_regime,0.0,2,8,0.882,1.0,5.377082347869873,-0.135580902279654
rotating_hyperplane,adadecay_regime,0.0,2,9,0.851,1.0,5.181328773498535,-0.320604102498812
rotating_hyperplane,adadecay_regime,0.0,2,10,0.825,1.0,5.0986480712890625,-0.2711175521027778
rotating_hyperplane,adadecay_regime,0.0,2,11,0.859,1.0,5.1077799797058105,-0.12312096316743047
rotating_hyperplane,adadecay_regime,0.0,2,12,0.858,1.0,5.051338195800781,-0.1382977009297046
rotating_hyperplane,adadecay_regime,0.0,2,13,0.851,1.0,4.9945807456970215,-0.1471774725399825
rotating_hyperplane,adadecay_regime,0.0,2,14,0.83,1.0,4.89338493347168,-0.21429097571513708
rotating_hyperplane,adadecay_regime,0.0,2,15,0.797,1.0,4.828527927398682,-0.19918727112829504
rotating_hyperplane,adadecay_regime,0.0,2,16,0.84,1.0,4.893809795379639,-0.005704501600402528
rotating_hyperplane,adadecay_regime,0.0,2,17,0.848,1.0,4.903197288513184,0.01046884815220211
rotating_hyperplane,adadecay_regime,0.0,2,18,0.842,1.0,4.848183631896973,-0.07268193530677618
rotating_hyperplane,adadecay_regime,0.0,2,19,0.804,1.0,4.773333549499512,-0.143554777677281
rotating_hyperplane,adadecay_regime,0.0,3,0,0.475,1.0,6.246246814727783,0.3426535618395367
rotating_hyperplane,adadecay_regime,0.0,3,1,0.793,1.0,6.2307000160217285,0.15404218056606853
rotating_hyperplane,adadecay_regime,0.0,3,2,0.815,1.0,6.033830165863037,-0.14240076178774397
rotating_hyperplane,adadecay_regime,0.0,3,3,0.871,1.0,5.880336284637451,-0.24785926943264078
rotating_hyperplane,adadecay_regime,0.0,3,4,0.852,1.0,5.699318885803223,-0.3377040191789995
rotating_hyperplane,adadecay_regime,0.0,3,5,0.812,1.0,5.559749126434326,-0.33891346070007644
rotating_hyperplane,adadecay_regime,0.0,3,6,0.825,1.0,5.475869178771973,-0.2742275794112791
rotating_hyperplane,adadecay_regime,0.0,3,7,0.875,1.0,5.429795742034912,-0.1955436775169546
rotating_hyperplane,adadecay_regime,0.0,3,8,0.847,1.0,5.325234889984131,-0.2315000787563536
rotating_hyperplane,adadecay_regime,0.0,3,9,0.83,1.0,5.247543811798096,-0.2170641386504095
rotating_hyperplane,adadecay_regime,0.0,3,10,0.855,1.0,5.17979097366333,-0.19819417358860986
rotating_hyperplane,adadecay_regime,0.0,3,11,0.878,1.0,5.188928127288818,-0.0868470836464618
rotating_hyperplane,adadecay_regime,0.0,3,12,0.866,1.0,5.198988437652588,-0.029959630837908417
rotating_hyperplane,adadecay_regime,0.0,3,13,0.838,1.0,5.025493621826172,-0.24672203303570073
rotating_hyperplane,adadecay_regime,0.0,3,14,0.815,1.0,4.838232040405273,-0.3821271689825766
rotating_hyperplane,adadecay_regime,0.0,3,15,0.858,1.0,5.009167671203613,0.05428491920624398
rotating_hyperplane,adadecay_regime,0.0,3,16,0.873,1.0,4.962123394012451,-0.03807723173623892
rotating_hyperplane,adadecay_regime,0.0,3,17,0.826,1.0,4.939455986022949,-0.05076143752800859
rotating_hyperplane,adadecay_regime,0.0,3,18,0.824,1.0,4.867142200469971,-0.12704759620172817
rotating_hyperplane,adadecay_regime,0.0,3,19,0.828,1.0,4.871328830718994,-0.05755030894105271
rotating_hyperplane,adadecay_regime,0.0,4,0,0.507,1.0,6.160908222198486,0.36954900694723936
rotating_hyperplane,adadecay_regime,0.0,4,1,0.847,1.0,6.133237361907959,0.1535844994860341
rotating_hyperplane,adadecay_regime,0.0,4,2,0.82,1.0,5.917309761047363,-0.16769481960005908
rotating_hyperplane,adadecay_regime,0.0,4,3,0.833,1.0,5.787486553192139,-0.23620550679957616
rotating_hyperplane,adadecay_regime,0.0,4,4,0.814,1.0,5.5685014724731445,-0.3808644398828785
rotating_hyperplane,adadecay_regime,0.0,4,5,0.845,1.0,5.5195231437683105,-0.2515127968890711
rotating_hyperplane,adadecay_regime,0.0,4,6,0.838,1.0,5.395698070526123,-0.28154817964765005
rotating_hyperplane,adadecay_regime,0.0,4,7,0.835,1.0,5.272912979125977,-0.29880262194127355
rotating_hyperplane,adadecay_regime,0.0,4,8,0.853,1.0,5.162860870361328,-0.29434031495863616
rotating_hyperplane,adadecay_regime,0.0,4,9,0.821,1.0,5.083198070526123,-0.2543227423804981
rotating_hyperplane,adadecay_regime,0.0,4,10,0.834,1.0,4.996686935424805,-0.24534912685144708
rotating_hyperplane,adadecay_regime,0.0,4,11,0.849,1.0,4.992776393890381,-0.12810947235326967
rotating_hyperplane,adadecay_regime,0.0,4,12,0.842,1.0,4.869317054748535,-0.235774127188686
rotating_hyperplane,adadecay_regime,0.0,4,13,0.842,1.0,4.889346599578857,-0.0893216488230847
rotating_hyperplane,adadecay_regime,0.0,4,14,0.798,1.0,4.806012153625488,-0.1630225356229052
rotating_hyperplane,adadecay_regime,0.0,4,15,0.787,1.0,4.7964372634887695,-0.09534649970239344
rotating_hyperplane,adadecay_regime,0.0,4,16,0.835,1.0,4.79193639755249,-0.05418975610976975
rotating_hyperplane,adadecay_regime,0.0,4,17,0.842,1.0,4.8433122634887695,0.047358707548185455
rotating_hyperplane,adadecay_regime,0.0,4,18,0.832,1.0,4.78534460067749,-0.05943591777297952
rotating_hyperplane,adadecay_regime,0.0,4,19,0.832,1.0,4.755365371704102,-0.07322351751720128
rotating_hyperplane,ctrl,0.0,0,0,0.497,0.0,6.616783142089844,0.6875269734781834
rotating_hyperplane,ctrl,0.0,0,1,0.833,0.6156194396118738,6.87581205368042,0.6156194396118738
rotating_hyperplane,ctrl,0.0,0,2,0.845,0.5977705066222891,6.553371906280518,-0.017848932989584648
rotating_hyperplane,ctrl,0.0,0,3,0.849,0.46040677029786314,6.432165622711182,-0.13736373632442603
rotating_hyperplane,ctrl,0.0,0,4,0.861,0.3531164233922742,6.396405220031738,-0.10729034690558893
rotating_hyperplane,ctrl,0.0,0,5,0.836,0.09911763468441881,6.211863040924072,-0.2539987887078554
rotating_hyperplane,ctrl,0.0,0,6,0.819,0.02412739272163522,6.25838565826416,-0.07499024196278359
rotating_hyperplane,ctrl,0.0,0,7,0.852,0.0,6.257166862487793,-0.03884752398438149
rotating_hyperplane,ctrl,0.0,0,8,0.827,0.041215490804178086,6.31180477142334,0.041215490804178086
rotating_hyperplane,ctrl,0.0,0,9,0.827,0.13195120154091533,6.37554407119751,0.09073571073673725
rotating_hyperplane,ctrl,0.0,0,10,0.841,0.1981511151496678,6.394669532775879,0.06619991360875246
rotating_hyperplane,ctrl,0.0,0,11,0.864,0.21350494444387752,6.378328323364258,0.015353829294209725
rotating_hyperplane,ctrl,0.0,0,12,0.855,0.1708561035911152,6.3321051597595215,-0.04264884085276233
rotating_hyperplane,ctrl,0.0,0,13,0.853,0.18344912060199725,6.36303186416626,0.012593017010882062
rotating_hyperplane,ctrl,0.0,0,14,0.858,0.22832083095994948,6.398377418518066,0.04487171035795224
rotating_hyperplane,ctrl,0.0,0,15,0.852,0.19909450792934325,6.350777626037598,-0.02922632303060625
rotating_hyperplane,ctrl,0.0,0,16,0.873,0.1675041845593545,6.335251808166504,-0.03159032336998873
rotating_hyperplane,ctrl,0.0,0,17,0.861,0.15575202561256635,6.338940143585205,-0.01175215894678816
rotating_hyperplane,ctrl,0.0,0,18,0.859,0.14027345953833587,6.330174922943115,-0.015478566074230494
rotating_hyperplane,ctrl,0.0,0,19,0.861,0.17704130526246195,6.3707451820373535,0.03676784572412609
rotating_hyperplane,ctrl,0.0,1,0,0.485,0.0,6.649977684020996,0.8468382843291662
rotating_hyperplane,ctrl,0.0,1,1,0.835,0.6570452361708912,6.873697280883789,0.6570452361708912
rotating_hyperplane,ctrl,0.0,1,2,0.823,0.787883320261927,6.6780266761779785,0.13083808409103584
rotating_hyperplane,ctrl,0.0,1,3,0.822,0.6754178888533674,6.506966590881348,-0.11246543140855958
rotating_hyperplane,ctrl,0.0,1,4,0.788,0.3181055165322754,6.224853992462158,-0.357312372321092
rotating_hyperplane,ctrl,0.0,1,5,0.829,0.10356920557662996,6.192691802978516,-0.21453631095564546
rotating_hyperplane,ctrl,0.0,1,6,0.836,0.10059966479040065,6.285699844360352,-0.002969540786229304
rotating_hyperplane,ctrl,0.0,1,7,0.84,0.0047400546107397995,6.200277328491211,-0.09585961017966085
rotating_hyperplane,ctrl,0.0,1,8,0.85,0.0015587315631805732,6.240230560302734,-0.0031813230475592263
rotating_hyperplane,ctrl,0.0,1,9,0.828,0.06452889241317625,6.298244476318359,0.06297016084999567
rotating_hyperplane,ctrl,0.0,1,10,0.845,0.15195017490334634,6.348975658416748,0.08742128249017009
rotating_hyperplane,ctrl,0.0,1,11,0.879,0.257961630975548,6.4059343338012695,0.10601145607220162
rotating_hyperplane,ctrl,0.0,1,12,0.841,0.15219886533712138,6.259477615356445,-0.1057627656384266
rotating_hyperplane,ctrl,0.0,1,13,0.867,0.09133620524539768,6.252283573150635,-0.06086266009172369
rotating_hyperplane,ctrl,0.0,1,14,0.868,0.1326834377213677,6.31690788269043,0.04134723247597001
rotating_hyperplane,ctrl,0.0,1,15,0.845,0.0641616111642379,6.235772609710693,-0.06852182655712981
rotating_hyperplane,ctrl,0.0,1,16,0.886,0.1713760855459913,6.3628106117248535,0.1072144743817534
rotating_hyperplane,ctrl,0.0,1,17,0.86,0.15850884797344122,6.30190372467041,-0.01286723757255008
rotating_hyperplane,ctrl,0.0,1,18,0.85,0.03990154222659019,6.200109004974365,-0.11860730574685104
rotating_hyperplane,ctrl,0.0,1,19,0.862,0.06054895783371953,6.271490573883057,0.020647415607129342
rotating_hyperplane,ctrl,0.0,2,0,0.458,0.0,6.447657108306885,0.6282206565730405
rotating_hyperplane,ctrl,0.0,2,1,0.824,0.7149141282443743,6.819788455963135,0.7149141282443743
rotating_hyperplane,ctrl,0.0,2,2,0.783,0.7203918368707891,6.474127292633057,0.005477708626414799
rotating_hyperplane,ctrl,0.0,2,3,0.818,0.5878960927905521,6.34805154800415,-0.13249574408023704
rotating_hyperplane,ctrl,0.0,2,4,0.854,0.35882751850402717,6.199213981628418,-0.22906857428652494
rotating_hyperplane,ctrl,0.0,2,5,0.833,0.07583801487602404,6.0488362312316895,-0.2829895036280031
rotating_hyperplane,ctrl,0.0,2,6,0.807,0.0,6.070158004760742,-0.11701601473644668
rotating_hyperplane,ctrl,0.0,2,7,0.861,0.038686057492983594,6.155115604400635,0.038686057492983594
rotating_hyperplane,ctrl,0.0,2,8,0.881,0.1403415600454369,6.228072166442871,0.1016555025524533
rotating_hyperplane,ctrl,0.0,2,9,0.855,0.07503826102268243,6.123920917510986,-0.06530329902275447
rotating_hyperplane,ctrl,0.0,2,10,0.831,0.03947695972796263,6.121355056762695,-0.03556130129471981
rotating_hyperplane,ctrl,0.0,2,11,0.868,0.09250821935243306,6.183773994445801,0.05303125962447043
rotating_hyperplane,ctrl,0.0,2,12,0.878,0.11624303278406597,6.181297779083252,0.023734813431632914
rotating_hyperplane,ctrl,0.0,2,13,0.861,0.07125202554232694,6.130687713623047,-0.04499100724173903
rotating_hyperplane,ctrl,0.0,2,14,0.835,0.00939831957962553,6.095941543579102,-0.061853705962701414
rotating_hyperplane,ctrl,0.0,2,15,0.829,0.010582169007763055,6.124128818511963,0.001183849428137525
rotating_hyperplane,ctrl,0.0,2,16,0.862,0.1143872559085032,6.215149879455566,0.10380508690074014
rotating_hyperplane,ctrl,0.0,2,17,0.866,0.1799276227233471,6.227355480194092,0.06554036681484392
rotating_hyperplane,ctrl,0.0,2,18,0.868,0.13492575163772613,6.157614231109619,-0.04500187108562098
rotating_hyperplane,ctrl,0.0,2,19,0.827,0.10174850391446838,6.1481475830078125,-0.03317724772325775
rotating_hyperplane,ctrl,0.0,3,0,0.475,0.0,6.574382781982422,0.7254688785722888
rotating_hyperplane,ctrl,0.0,3,1,0.798,0.5953352602241387,6.794588565826416,0.5953352602241387
rotating_hyperplane,ctrl,0.0,3,2,0.815,0.6376469978203132,6.544743061065674,0.04231173759617451
rotating_hyperplane,ctrl,0.0,3,3,0.87,0.4808450776692455,6.377027988433838,-0.1568019201510677
rotating_hyperplane,ctrl,0.0,3,4,0.849,0.2360985271823556,6.224274158477783,-0.2447465504868899
rotating_hyperplane,ctrl,0.0,3,5,0.814,0.06781501321001784,6.183125019073486,-0.16828351397233776
rotating_hyperplane,ctrl,0.0,3,6,0.832,0.045846262052150644,6.2384819984436035,-0.0219687511578672
rotating_hyperplane,ctrl,0.0,3,7,0.882,0.12450611260285707,6.3190131187438965,0.07865985055070643
rotating_hyperplane,ctrl,0.0,3,8,0.842,0.1501451610123764,6.306555271148682,0.025639048409519333
rotating_hyperplane,ctrl,0.0,3,9,0.834,0.17050465894442196,6.3134026527404785,0.02035949793204556
rotating_hyperplane,ctrl,0.0,3,10,0.881,0.22673641036743938,6.355269908905029,0.056231751423017416
rotating_hyperplane,ctrl,0.0,3,11,0.88,0.29979329037631225,6.396398067474365,0.07305688000887288
rotating_hyperplane,ctrl,0.0,3,12,0.865,0.3441818599939586,6.403637886047363,0.04438856961764639
rotating_hyperplane,ctrl,0.0,3,13,0.856,0.24184476623177895,6.288804531097412,-0.10233709376217967
rotating_hyperplane,ctrl,0.0,3,14,0.838,0.10612600190709306,6.2122368812561035,-0.13571876432468588
rotating_hyperplane,ctrl,0.0,3,15,0.877,0.2070222052016759,6.363199234008789,0.10089620329458286
rotating_hyperplane,ctrl,0.0,3,16,0.88,0.2681862550874886,6.373018264770508,0.06116404988581267
rotating_hyperplane,ctrl,0.0,3,17,0.835,0.2830651713273997,6.358607292175293,0.014878916239911135
rotating_hyperplane,ctrl,0.0,3,18,0.843,0.23915987494588542,6.311594009399414,-0.04390529638151431
rotating_hyperplane,ctrl,0.0,3,19,0.848,0.22035616783623033,6.314455986022949,-0.018803707109655104
rotating_hyperplane,ctrl,0.0,4,0,0.507,0.0,6.482193470001221,0.750966504775024
rotating_hyperplane,ctrl,0.0,4,1,0.846,0.5875225572172833,6.680118560791016,0.5875225572172833
rotating_hyperplane,ctrl,0.0,4,2,0.821,0.6171870045763059,6.426074028015137,0.029664447359022645
rotating_hyperplane,ctrl,0.0,4,3,0.835,0.47991648998689007,6.285325050354004,-0.13727051458941583
rotating_hyperplane,ctrl,0.0,4,4,0.815,0.21791517770605912,6.110311985015869,-0.26200131228083096
rotating_hyperplane,ctrl,0.0,4,5,0.853,0.14160026442122248,6.158429145812988,-0.07631491328483665
rotating_hyperplane,ctrl,0.0,4,6,0.841,0.1033239767318361,6.158323764801025,-0.038276287689386373
rotating_hyperplane,ctrl,0.0,4,7,0.844,0.09636434165634261,6.169123649597168,-0.006959635075493492
rotating_hyperplane,ctrl,0.0,4,8,0.851,0.05395189103589942,6.134537696838379,-0.042412450620443194
rotating_hyperplane,ctrl,0.0,4,9,0.836,0.053242075458145174,6.15264368057251,-0.0007098155777542445
rotating_hyperplane,ctrl,0.0,4,10,0.853,0.09571787302792789,6.190590858459473,0.042475797569782724
rotating_hyperplane,ctrl,0.0,4,11,0.853,0.13820160673267315,6.209530353546143,0.04248373370474525
rotating_hyperplane,ctrl,0.0,4,12,0.851,0.0939683278650481,6.150984287261963,-0.04423327886762504
rotating_hyperplane,ctrl,0.0,4,13,0.857,0.11567051151997021,6.189796447753906,0.021702183654922103
rotating_hyperplane,ctrl,0.0,4,14,0.816,0.06260205241870243,6.1328229904174805,-0.053068459101267784
rotating_hyperplane,ctrl,0.0,4,15,0.82,0.10773217434950842,6.196111679077148,0.045130121930806
rotating_hyperplane,ctrl,0.0,4,16,0.858,0.11971451257079946,6.18666934967041,0.01198233822129104
rotating_hyperplane,ctrl,0.0,4,17,0.864,0.1832094732973849,6.237898349761963,0.06349496072658543
rotating_hyperplane,ctrl,0.0,4,18,0.866,0.15403855314816614,6.183177947998047,-0.029170920149218755
rotating_hyperplane,ctrl,0.0,4,19,0.854,0.09315416903716627,6.14195442199707,-0.060884384110999876
rotating_hyperplane,fixed,0.01,0,0,0.497,0.01,6.612603664398193,0.682706254164955
rotating_hyperplane,fixed,0.01,0,1,0.833,0.01,6.86822509765625,0.6098024296812178
rotating_hyperplane,fixed,0.01,0,2,0.845,0.01,6.805074214935303,0.24104952238183475
rotating_hyperplane,fixed,0.01,0,3,0.849,0.01,6.888791561126709,0.2059566670453027
rotating_hyperplane,fixed,0.01,0,4,0.861,0.01,6.998556613922119,0.21363015167034022
rotating_hyperplane,fixed,0.01,0,5,0.832,0.01,6.939162254333496,0.04787994774661711
rotating_hyperplane,fixed,0.01,0,6,0.82,0.01,6.9980363845825195,0.08285891995703004
rotating_hyperplane,fixed,0.01,0,7,0.853,0.01,7.003580093383789,0.04693071428342317
rotating_hyperplane,fixed,0.01,0,8,0.828,0.01,7.048219203948975,0.0677275515102957
rotating_hyperplane,fixed,0.01,0,9,0.831,0.01,7.123569965362549,0.10810510698246026
rotating_hyperplane,fixed,0.01,0,10,0.843,0.01,7.190029144287109,0.11884058506936176
rotating_hyperplane,fixed,0.01,0,11,0.862,0.01,7.245013236999512,0.11252633278944071
rotating_hyperplane,fixed,0.01,0,12,0.858,0.01,7.285862445831299,0.09541769269470245
rotating_hyperplane,fixed,0.01,0,13,0.856,0.01,7.369436264038086,0.12736636690335917
rotating_hyperplane,fixed,0.01,0,14,0.86,0.01,7.469285488128662,0.15777415115588342
rotating_hyperplane,fixed,0.01,0,15,0.854,0.01,7.498707294464111,0.10624151260895853
rotating_hyperplane,fixed,0.01,0,16,0.873,0.01,7.539534091949463,0.09092986337429078
rotating_hyperplane,fixed,0.01,0,17,0.862,0.01,7.593166351318359,0.09486403792833563
rotating_hyperplane,fixed,0.01,0,18,0.863,0.01,7.623812198638916,0.0754596393696596
rotating_hyperplane,fixed,0.01,0,19,0.862,0.01,7.673952579498291,0.08340212642965406
rotating_hyperplane,fixed,0.01,1,0,0.485,0.01,6.645866394042969,0.842021392585943
rotating_hyperplane,fixed,0.01,1,1,0.835,0.01,6.86618185043335,0.651224239033852
rotating_hyperplane,fixed,0.01,1,2,0.823,0.01,6.947737693786621,0.40809755838580475
rotating_hyperplane,fixed,0.01,1,3,0.821,0.01,7.050976276397705,0.30723842639373355
rotating_hyperplane,fixed,0.01,1,4,0.789,0.01,6.9955878257751465,0.09906761592377698
rotating_hyperplane,fixed,0.01,1,5,0.832,0.01,7.048686981201172,0.1022447657950914
rotating_hyperplane,fixed,0.01,1,6,0.841,0.01,7.142803192138672,0.14384671580097855
rotating_hyperplane,fixed,0.01,1,7,0.841,0.01,7.099898815155029,0.03021045410464007
rotating_hyperplane,fixed,0.01,1,8,0.854,0.01,7.124993801116943,0.03965075092297193
rotating_hyperplane,fixed,0.01,1,9,0.825,0.01,7.168763637542725,0.06248607186146969
rotating_hyperplane,fixed,0.01,1,10,0.849,0.01,7.228713035583496,0.08931654556518956
rotating_hyperplane,fixed,0.01,1,11,0.878,0.01,7.313917636871338,0.12651220959565207
rotating_hyperplane,fixed,0.01,1,12,0.839,0.01,7.267780780792236,0.019449919140578094
rotating_hyperplane,fixed,0.01,1,13,0.868,0.01,7.299591541290283,0.04012049098175018
rotating_hyperplane,fixed,0.01,1,14,0.871,0.01,7.370860576629639,0.08786182777444362
rotating_hyperplane,fixed,0.01,1,15,0.847,0.01,7.34088659286499,0.015690973263160872
rotating_hyperplane,fixed,0.01,1,16,0.89,0.01,7.450651168823242,0.11168226303006826
rotating_hyperplane,fixed,0.01,1,17,0.861,0.01,7.452602386474609,0.057659780955453044
rotating_hyperplane,fixed,0.01,1,18,0.852,0.01,7.417541027069092,-0.003840799559376178
rotating_hyperplane,fixed,0.01,1,19,0.861,0.01,7.474869251251221,0.05175138531439505
rotating_hyperplane,fixed,0.01,2,0,0.458,0.01,6.443533897399902,0.6233780145381208
rotating_hyperplane,fixed,0.01,2,1,0.824,0.01,6.812187671661377,0.7090013665050733
rotating_hyperplane,fixed,0.01,2,2,0.782,0.01,6.768670558929443,0.31013869760046014
rotating_hyperplane,fixed,0.01,2,3,0.817,0.01,6.887613773345947,0.27710136932296847
rotating_hyperplane,fixed,0.01,2,4,0.853,0.01,6.923674583435059,0.1749090375724091
rotating_hyperplane,fixed,0.01,2,5,0.838,0.01,6.878060340881348,0.04170344116515671
rotating_hyperplane,fixed,0.01,2,6,0.818,0.01,6.906457901000977,0.04952336183532661
rotating_hyperplane,fixed,0.01,2,7,0.864,0.01,6.974444389343262,0.09312210503570123
rotating_hyperplane,fixed,0.01,2,8,0.879,0.01,7.031026363372803,0.10289964427800218
rotating_hyperplane,fixed,0.01,2,9,0.856,0.01,6.985748767852783,0.006729786909901803
rotating_hyperplane,fixed,0.01,2,10,0.832,0.01,6.994739055633545,0.012302024764390835
rotating_hyperplane,fixed,0.01,2,11,0.868,0.01,7.051255226135254,0.062260811924426326
rotating_hyperplane,fixed,0.01,2,12,0.876,0.01,7.07383918762207,0.053372270828960636
rotating_hyperplane,fixed,0.01,2,13,0.862,0.01,7.0567450523376465,0.00990468623816859
rotating_hyperplane,fixed,0.01,2,14,0.839,0.01,7.046843528747559,-0.004791608231961582
rotating_hyperplane,fixed,0.01,2,15,0.831,0.01,7.057322978973389,0.007931367135190952
rotating_hyperplane,fixed,0.01,2,16,0.865,0.01,7.1165618896484375,0.062257095956952745
rotating_hyperplane,fixed,0.01,2,17,0.866,0.01,7.158638954162598,0.072187958608893
rotating_hyperplane,fixed,0.01,2,18,0.871,0.01,7.151924133300781,0.029580073417048824
rotating_hyperplane,fixed,0.01,2,19,0.825,0.01,7.193516254425049,0.05517555661765917
rotating_hyperplane,fixed,0.01,3,0,0.475,0.01,6.570228576660156,0.7206224320229475
rotating_hyperplane,fixed,0.01,3,1,0.798,0.01,6.787105083465576,0.5895402048118568
rotating_hyperplane,fixed,0.01,3,2,0.815,0.01,6.789402484893799,0.29712076242793745
rotating_hyperplane,fixed,0.01,3,3,0.871,0.01,6.84175443649292,0.2021078355366703
rotating_hyperplane,fixed,0.01,3,4,0.849,0.01,6.834417343139648,0.0936066997121421
rotating_hyperplane,fixed,0.01,3,5,0.815,0.01,6.857832431793213,0.07059539739317643
rotating_hyperplane,fixed,0.01,3,6,0.842,0.01,6.926489353179932,0.10482173286315608
rotating_hyperplane,fixed,0.01,3,7,0.882,0.01,7.028863906860352,0.1550507990594945
rotating_hyperplane,fixed,0.01,3,8,0.841,0.01,7.092953681945801,0.14084543082290985
rotating_hyperplane,fixed,0.01,3,9,0.836,0.01,7.16498327255249,0.1409441811863366
rotating_hyperplane,fixed,0.01,3,10,0.882,0.01,7.263110160827637,0.16557862444137753
rotating_hyperplane,fixed,0.01,3,11,0.882,0.01,7.372628211975098,0.18750230775793372
rotating_hyperplane,fixed,0.01,3,12,0.869,0.01,7.473522186279297,0.18878545903985597
rotating_hyperplane,fixed,0.01,3,13,0.858,0.01,7.479825019836426,0.10024936262933563
rotating_hyperplane,fixed,0.01,3,14,0.842,0.01,7.477707862854004,0.048159063268041924
rotating_hyperplane,fixed,0.01,3,15,0.88,0.01,7.586243152618408,0.12487476245262832
rotating_hyperplane,fixed,0.01,3,16,0.88,0.01,7.636609077453613,0.10854233197395512
rotating_hyperplane,fixed,0.01,3,17,0.836,0.01,7.6764397621154785,0.0904916892602081
rotating_hyperplane,fixed,0.01,3,18,0.851,0.01,7.703510284423828,0.06973502764697137
rotating_hyperplane,fixed,0.01,3,19,0.851,0.01,7.75316858291626,0.07963272894672069
rotating_hyperplane,fixed,0.01,4,0,0.507,0.01,6.478193283081055,0.7462176366076628
rotating_hyperplane,fixed,0.01,4,1,0.846,0.01,6.672583103179932,0.5814893415845386
rotating_hyperplane,fixed,0.01,4,2,0.821,0.01,6.660216808319092,0.2778745354463667
rotating_hyperplane,fixed,0.01,4,3,0.835,0.01,6.724891185760498,0.2063716522254741
rotating_hyperplane,fixed,0.01,4,4,0.815,0.01,6.714664936065674,0.09262571132142504
rotating_hyperplane,fixed,0.01,4,5,0.854,0.01,6.803525447845459,0.1382142227780861
rotating_hyperplane,fixed,0.01,4,6,0.848,0.01,6.841611385345459,0.10798190933178489
rotating_hyperplane,fixed,0.01,4,7,0.844,0.01,6.872211933135986,0.08505144497027167
rotating_hyperplane,fixed,0.01,4,8,0.852,0.01,6.857301235198975,0.02745830104078525
rotating_hyperplane,fixed,0.01,4,9,0.839,0.01,6.882557392120361,0.03930626498642006
rotating_hyperplane,fixed,0.01,4,10,0.856,0.01,6.92606782913208,0.06355480964119366
rotating_hyperplane,fixed,0.01,4,11,0.855,0.01,6.971767425537109,0.07759825385030983
rotating_hyperplane,fixed,0.01,4,12,0.85,0.01,6.964738845825195,0.031798092846774255
rotating_hyperplane,fixed,0.01,4,13,0.861,0.01,7.01899528503418,0.06999738897157401
rotating_hyperplane,fixed,0.01,4,14,0.818,0.01,7.011586666107178,0.027668764708185394
rotating_hyperplane,fixed,0.01,4,15,0.821,0.01,7.077804088592529,0.07941771371710199
rotating_hyperplane,fixed,0.01,4,16,0.856,0.01,7.096463203430176,0.05801639755205076
rotating_hyperplane,fixed,0.01,4,17,0.864,0.01,7.1711344718933105,0.10207987695899884
rotating_hyperplane,fixed,0.01,4,18,0.865,0.01,7.182168960571289,0.061725610864726776
rotating_hyperplane,fixed,0.01,4,19,0.857,0.01,7.197883129119873,0.0460568465465928
rotating_hyperplane,fixed,0.0,0,0,0.497,0.0,6.616783142089844,0.6875269734781834
rotating_hyperplane,fixed,0.0,0,1,0.833,0.0,6.87581205368042,0.6156194396118738
rotating_hyperplane,fixed,0.0,0,2,0.845,0.0,6.817397117614746,0.2488117025438668
rotating_hyperplane,fixed,0.0,0,3,0.849,0.0,6.905529499053955,0.21418064597763178
rotating_hyperplane,fixed,0.0,0,4,0.86,0.0,7.01812219619751,0.22031751726415405
rotating_hyperplane,fixed,0.0,0,5,0.832,0.0,6.961992263793945,0.05461809029516596
rotating_hyperplane,fixed,0.0,0,6,0.819,0.0,7.021825790405273,0.08699176034225108
rotating_hyperplane,fixed,0.0,0,7,0.853,0.0,7.03045129776001,0.05202633342047163
rotating_hyperplane,fixed,0.0,0,8,0.828,0.0,7.0792083740234375,0.07417377447843782
rotating_hyperplane,fixed,0.0,0,9,0.832,0.0,7.156093597412109,0.11250847878050631
rotating_hyperplane,fixed,0.0,0,10,0.843,0.0,7.225656509399414,0.12375975355293058
rotating_hyperplane,fixed,0.0,0,11,0.862,0.0,7.281774044036865,0.11581339840760965
rotating_hyperplane,fixed,0.0,0,12,0.857,0.0,7.324232578277588,0.09839833358356936
rotating_hyperplane,fixed,0.0,0,13,0.856,0.0,7.41309928894043,0.13345781485668098
rotating_hyperplane,fixed,0.0,0,14,0.86,0.0,7.514274597167969,0.1615079303106872
rotating_hyperplane,fixed,0.0,0,15,0.854,0.0,7.55336332321167,0.11687847496722364
rotating_hyperplane,fixed,0.0,0,16,0.874,0.0,7.60010290145874,0.10141087681890731
rotating_hyperplane,fixed,0.0,0,17,0.863,0.0,7.663657188415527,0.10877691726968317
rotating_hyperplane,fixed,0.0,0,18,0.862,0.0,7.702997207641602,0.09003652733652844
rotating_hyperplane,fixed,0.0,0,19,0.861,0.0,7.764240264892578,0.10023040995664309
rotating_hyperplane,fixed,0.0,1,0,0.485,0.0,6.649977684020996,0.8468382843291662
rotating_hyperplane,fixed,0.0,1,1,0.835,0.0,6.873697280883789,0.6570452361708912
rotating_hyperplane,fixed,0.0,1,2,0.823,0.0,6.958741188049316,0.41444183514085176
rotating_hyperplane,fixed,0.0,1,3,0.821,0.0,7.06583833694458,0.3140980352219202
rotating_hyperplane,fixed,0.0,1,4,0.788,0.0,7.015085697174072,0.10716832823085894
rotating_hyperplane,fixed,0.0,1,5,0.833,0.0,7.072737693786621,0.11065561054813197
rotating_hyperplane,fixed,0.0,1,6,0.841,0.0,7.170297622680664,0.15111808275087912
rotating_hyperplane,fixed,0.0,1,7,0.841,0.0,7.131139278411865,0.037634123802854746
rotating_hyperplane,fixed,0.0,1,8,0.855,0.0,7.159554481506348,0.04648834857291097
rotating_hyperplane,fixed,0.0,1,9,0.826,0.0,7.2072858810424805,0.06954147577224143
rotating_hyperplane,fixed,0.0,1,10,0.85,0.0,7.271596431732178,0.09673595666991779
rotating_hyperplane,fixed,0.0,1,11,0.878,0.0,7.35990571975708,0.1327041967121396
rotating_hyperplane,fixed,0.0,1,12,0.839,0.0,7.318282127380371,0.02707812721507019
rotating_hyperplane,fixed,0.0,1,13,0.869,0.0,7.354870796203613,0.0482586840753647
rotating_hyperplane,fixed,0.0,1,14,0.871,0.0,7.428213596343994,0.09337936900453235
rotating_hyperplane,fixed,0.0,1,15,0.847,0.0,7.40663480758667,0.026516233946485918
rotating_hyperplane,fixed,0.0,1,16,0.89,0.0,7.517219543457031,0.11694212119450777
rotating_hyperplane,fixed,0.0,1,17,0.866,0.0,7.517760276794434,0.05897059271802552
rotating_hyperplane,fixed,0.0,1,18,0.854,0.0,7.487014293670654,0.001084048669331782
rotating_hyperplane,fixed,0.0,1,19,0.865,0.0,7.547961711883545,0.057072697739348185
rotating_hyperplane,fixed,0.0,2,0,0.458,0.0,6.447657108306885,0.6282206565730405
rotating_hyperplane,fixed,0.0,2,1,0.824,0.0,6.819788455963135,0.7149141282443743
rotating_hyperplane,fixed,0.0,2,2,0.783,0.0,6.7809014320373535,0.3178592409629947
rotating_hyperplane,fixed,0.0,2,3,0.817,0.0,6.902287006378174,0.2832427941524813
rotating_hyperplane,fixed,0.0,2,4,0.852,0.0,6.94112491607666,0.18069651898731467
rotating_hyperplane,fixed,0.0,2,5,0.838,0.0,6.8998212814331055,0.049024871771385835
rotating_hyperplane,fixed,0.0,2,6,0.818,0.0,6.931341648101807,0.05623665398802292
rotating_hyperplane,fixed,0.0,2,7,0.864,0.0,7.003076076507568,0.09998835997011515
rotating_hyperplane,fixed,0.0,2,8,0.879,0.0,7.064152717590332,0.11055947103984005
rotating_hyperplane,fixed,0.0,2,9,0.856,0.0,7.024028301239014,0.015835262650072835
rotating_hyperplane,fixed,0.0,2,10,0.833,0.0,7.038210868835449,0.021939507167369983
rotating_hyperplane,fixed,0.0,2,11,0.868,0.0,7.09740686416626,0.06937711144341994
rotating_hyperplane,fixed,0.0,2,12,0.876,0.0,7.124329566955566,0.06103102380798417
rotating_hyperplane,fixed,0.0,2,13,0.862,0.0,7.110478401184082,0.01701407990441175
rotating_hyperplane,fixed,0.0,2,14,0.84,0.0,7.104068756103516,0.0022470639478934986
rotating_hyperplane,fixed,0.0,2,15,0.831,0.0,7.119222640991211,0.01593691784238697
rotating_hyperplane,fixed,0.0,2,16,0.865,0.0,7.181399822235107,0.06861917918019832
rotating_hyperplane,fixed,0.0,2,17,0.867,0.0,7.2249836921691895,0.07645537884054124
rotating_hyperplane,fixed,0.0,2,18,0.871,0.0,7.223367214202881,0.03667397775655243
rotating_hyperplane,fixed,0.0,2,19,0.824,0.0,7.266366004943848,0.05967542628898542
rotating_hyperplane,fixed,0.0,3,0,0.475,0.0,6.574382781982422,0.7254688785722888
rotating_hyperplane,fixed,0.0,3,1,0.798,0.0,6.794588565826416,0.5953352602241387
rotating_hyperplane,fixed,0.0,3,2,0.815,0.0,6.800265789031982,0.3034700655013218
rotating_hyperplane,fixed,0.0,3,3,0.871,0.0,6.8555779457092285,0.2082199130574002
rotating_hyperplane,fixed,0.0,3,4,0.849,0.0,6.857925891876221,0.10648833831421042
rotating_hyperplane,fixed,0.0,3,5,0.815,0.0,6.8889055252075195,0.0846146368422809
rotating_hyperplane,fixed,0.0,3,6,0.841,0.0,6.958949565887451,0.11291605988032437
rotating_hyperplane,fixed,0.0,3,7,0.882,0.0,7.057437419891357,0.1547405974608772
rotating_hyperplane,fixed,0.0,3,8,0.84,0.0,7.118536949157715,0.13749159507746284
rotating_hyperplane,fixed,0.0,3,9,0.837,0.0,7.196710586547852,0.14500760326555387
rotating_hyperplane,fixed,0.0,3,10,0.882,0.0,7.303137302398682,0.17519994409154768
rotating_hyperplane,fixed,0.0,3,11,0.881,0.0,7.422713279724121,0.20130298720801265
rotating_hyperplane,fixed,0.0,3,12,0.867,0.0,7.528780937194824,0.19988487726030427
rotating_hyperplane,fixed,0.0,3,13,0.857,0.0,7.551096439361572,0.1205259522613219
rotating_hyperplane,fixed,0.0,3,14,0.843,0.0,7.5893425941467285,0.09543645050646447
rotating_hyperplane,fixed,0.0,3,15,0.88,0.0,7.722200393676758,0.16928654245621058
rotating_hyperplane,fixed,0.0,3,16,0.881,0.0,7.825713157653809,0.17773055232457097
rotating_hyperplane,fixed,0.0,3,17,0.838,0.0,7.8956298828125,0.15090854350682065
rotating_hyperplane,fixed,0.0,3,18,0.85,0.0,7.913314342498779,0.09100828703073519
rotating_hyperplane,fixed,0.0,3,19,0.848,0.0,7.978024959564209,0.10229188955031636
rotating_hyperplane,fixed,0.0,4,0,0.507,0.0,6.482193470001221,0.750966504775024
rotating_hyperplane,fixed,0.0,4,1,0.846,0.0,6.680118560791016,0.5875225572172833
rotating_hyperplane,fixed,0.0,4,2,0.821,0.0,6.671538352966309,0.2848415601907397
rotating_hyperplane,fixed,0.0,4,3,0.834,0.0,6.743220329284668,0.21703498088002476
rotating_hyperplane,fixed,0.0,4,4,0.815,0.0,6.732176303863525,0.09714390078477397
rotating_hyperplane,fixed,0.0,4,5,0.856,0.0,6.822268486022949,0.14150477413999832
rotating_hyperplane,fixed,0.0,4,6,0.848,0.0,6.862679481506348,0.11188707909422194
rotating_hyperplane,fixed,0.0,4,7,0.843,0.0,6.900042533874512,0.09375175165212883
rotating_hyperplane,fixed,0.0,4,8,0.852,0.0,6.887816429138184,0.03457109586325128
rotating_hyperplane,fixed,0.0,4,9,0.84,0.0,6.918213844299316,0.047932874702438226
rotating_hyperplane,fixed,0.0,4,10,0.857,0.0,6.966898441314697,0.07283562336980641
rotating_hyperplane,fixed,0.0,4,11,0.855,0.0,7.013713359832764,0.0830818478493962
rotating_hyperplane,fixed,0.0,4,12,0.85,0.0,7.009688377380371,0.037555693049627595
rotating_hyperplane,fixed,0.0,4,13,0.861,0.0,7.067318916320801,0.07587197887834282
rotating_hyperplane,fixed,0.0,4,14,0.821,0.0,7.065347194671631,0.03599854871876663
rotating_hyperplane,fixed,0.0,4,15,0.821,0.0,7.133093357086182,0.08458615937005781
rotating_hyperplane,fixed,0.0,4,16,0.857,0.0,7.157397747039795,0.06595469146265788
rotating_hyperplane,fixed,0.0,4,17,0.864,0.0,7.236978054046631,0.1101899082313371
rotating_hyperplane,fixed,0.0,4,18,0.866,0.0,7.254741191864014,0.07214006919140556
rotating_hyperplane,fixed,0.0,4,19,0.858,0.0,7.273297309875488,0.05383247811053657
rotating_hyperplane,fixed,0.1,0,0,0.497,0.1,6.5748677253723145,0.6391806312316676
rotating_hyperplane,fixed,0.1,0,1,0.833,0.1,6.800184726715088,0.5575725022650506
rotating_hyperplane,fixed,0.1,0,2,0.845,0.1,6.705810070037842,0.18240952217634798
rotating_hyperplane,fixed,0.1,0,3,0.848,0.1,6.75745964050293,0.14469234408381704
rotating_hyperplane,fixed,0.1,0,4,0.861,0.1,6.83376407623291,0.15076201808194717
rotating_hyperplane,fixed,0.1,0,5,0.833,0.1,6.735662937164307,-0.02430898648694884
rotating_hyperplane,fixed,0.1,0,6,0.819,0.1,6.761606693267822,0.014593426689838464
rotating_hyperplane,fixed,0.1,0,7,0.853,0.1,6.728979110717773,-0.026213137886282933
rotating_hyperplane,fixed,0.1,0,8,0.828,0.1,6.741759777069092,8.334084545204443e-05
rotating_hyperplane,fixed,0.1,0,9,0.828,0.1,6.784172058105469,0.04372903680161001
rotating_hyperplane,fixed,0.1,0,10,0.842,0.1,6.815238952636719,0.05366535147016799
rotating_hyperplane,fixed,0.1,0,11,0.862,0.1,6.833947658538818,0.045896067300290486
rotating_hyperplane,fixed,0.1,0,12,0.855,0.1,6.837292194366455,0.026346646634611646
rotating_hyperplane,fixed,0.1,0,13,0.854,0.1,6.887202262878418,0.06386556933324596
rotating_hyperplane,fixed,0.1,0,14,0.86,0.1,6.9512224197387695,0.09648503762390108
rotating_hyperplane,fixed,0.1,0,15,0.853,0.1,6.946752071380615,0.04377652938649951
rotating_hyperplane,fixed,0.1,0,16,0.872,0.1,6.952889919281006,0.0280240736748758
rotating_hyperplane,fixed,0.1,0,17,0.861,0.1,6.972505569458008,0.03360386044995868
rotating_hyperplane,fixed,0.1,0,18,0.861,0.1,6.972949028015137,0.017243604065568918
rotating_hyperplane,fixed,0.1,0,19,0.861,0.1,7.0052080154418945,0.04074891856828095
rotating_hyperplane,fixed,0.1,1,0,0.485,0.1,6.608931064605713,0.7987470226557261
rotating_hyperplane,fixed,0.1,1,1,0.835,0.1,6.797521591186523,0.5975381497219083
rotating_hyperplane,fixed,0.1,1,2,0.823,0.1,6.847777366638184,0.35011108767470955
rotating_hyperplane,fixed,0.1,1,3,0.823,0.1,6.918768405914307,0.24704873256281795
rotating_hyperplane,fixed,0.1,1,4,0.787,0.1,6.828006267547607,0.03242540320473712
rotating_hyperplane,fixed,0.1,1,5,0.83,0.1,6.847265243530273,0.03580010142713914
rotating_hyperplane,fixed,0.1,1,6,0.842,0.1,6.9091105461120605,0.08062308723312245
rotating_hyperplane,fixed,0.1,1,7,0.841,0.1,6.8264288902282715,-0.04279295471610308
rotating_hyperplane,fixed,0.1,1,8,0.852,0.1,6.81863260269165,-0.02932754740090691
rotating_hyperplane,fixed,0.1,1,9,0.828,0.1,6.830728054046631,-0.0023451469523320823
rotating_hyperplane,fixed,0.1,1,10,0.849,0.1,6.860071659088135,0.028659537156564305
rotating_hyperplane,fixed,0.1,1,11,0.878,0.1,6.923408508300781,0.07844560475334905
rotating_hyperplane,fixed,0.1,1,12,0.84,0.1,6.84312105178833,-0.04130859782423986
rotating_hyperplane,fixed,0.1,1,13,0.866,0.1,6.846144676208496,-0.017585904878491362
rotating_hyperplane,fixed,0.1,1,14,0.869,0.1,6.891549110412598,0.03726341735345248
rotating_hyperplane,fixed,0.1,1,15,0.846,0.1,6.826904773712158,-0.04650879858394404
rotating_hyperplane,fixed,0.1,1,16,0.89,0.1,6.917973518371582,0.06938228729955498
rotating_hyperplane,fixed,0.1,1,17,0.86,0.1,6.8781514167785645,-0.005283333187882954
rotating_hyperplane,fixed,0.1,1,18,0.851,0.1,6.797184467315674,-0.0843889920467514
rotating_hyperplane,fixed,0.1,1,19,0.862,0.1,6.830716133117676,-0.00793637173509875
rotating_hyperplane,fixed,0.1,2,0,0.458,0.1,6.406601905822754,0.5800020100407692
rotating_hyperplane,fixed,0.1,2,1,0.824,0.1,6.744337558746338,0.6560900040112517
rotating_hyperplane,fixed,0.1,2,2,0.782,0.1,6.6657819747924805,0.24715864603417628
rotating_hyperplane,fixed,0.1,2,3,0.817,0.1,6.747868061065674,0.20909701140558754
rotating_hyperplane,fixed,0.1,2,4,0.855,0.1,6.753220081329346,0.11005643903081072
rotating_hyperplane,fixed,0.1,2,5,0.836,0.1,6.673674583435059,-0.026769690856224312
rotating_hyperplane,fixed,0.1,2,6,0.818,0.1,6.669586181640625,-0.01763912525147644
rotating_hyperplane,fixed,0.1,2,7,0.864,0.1,6.70525598526001,0.02832021828913876
rotating_hyperplane,fixed,0.1,2,8,0.879,0.1,6.7349467277526855,0.04490997346114653
rotating_hyperplane,fixed,0.1,2,9,0.856,0.1,6.651065826416016,-0.06403511969922383
rotating_hyperplane,fixed,0.1,2,10,0.83,0.1,6.626083850860596,-0.05810149073900758
rotating_hyperplane,fixed,0.1,2,11,0.868,0.1,6.6536407470703125,-0.00016983485026605323
rotating_hyperplane,fixed,0.1,2,12,0.877,0.1,6.644993305206299,-0.009110303960713353
rotating_hyperplane,fixed,0.1,2,13,0.864,0.1,6.594169616699219,-0.057669168065607894
rotating_hyperplane,fixed,0.1,2,14,0.836,0.1,6.545473575592041,-0.08011730373669904
rotating_hyperplane,fixed,0.1,2,15,0.831,0.1,6.521682262420654,-0.06530013373684902
rotating_hyperplane,fixed,0.1,2,16,0.861,0.1,6.558619499206543,0.0066815930422264875
rotating_hyperplane,fixed,0.1,2,17,0.864,0.1,6.572516918182373,0.018055761158180687
rotating_hyperplane,fixed,0.1,2,18,0.87,0.1,6.529175281524658,-0.03676638539961004
rotating_hyperplane,fixed,0.1,2,19,0.825,0.1,6.530625820159912,-0.016840396782601942
rotating_hyperplane,fixed,0.1,3,0,0.475,0.1,6.532747268676758,0.6768953791574265
rotating_hyperplane,fixed,0.1,3,1,0.798,0.1,6.717418670654297,0.5347571806345728
rotating_hyperplane,fixed,0.1,3,2,0.815,0.1,6.687540531158447,0.23649067190620304
rotating_hyperplane,fixed,0.1,3,3,0.871,0.1,6.708190441131592,0.13968851852868724
rotating_hyperplane,fixed,0.1,3,4,0.849,0.1,6.669515609741211,0.02980734911016343
rotating_hyperplane,fixed,0.1,3,5,0.816,0.1,6.662096977233887,0.007179233333951729
rotating_hyperplane,fixed,0.1,3,6,0.84,0.1,6.703229904174805,0.04646580519360318
rotating_hyperplane,fixed,0.1,3,7,0.88,0.1,6.77109432220459,0.09353940968360323
rotating_hyperplane,fixed,0.1,3,8,0.841,0.1,6.793130874633789,0.06937042590838001
rotating_hyperplane,fixed,0.1,3,9,0.835,0.1,6.829834938049316,0.07220684090136226
rotating_hyperplane,fixed,0.1,3,10,0.88,0.1,6.900254726409912,0.10770490313589702
rotating_hyperplane,fixed,0.1,3,11,0.881,0.1,6.981526851654053,0.13564504923534307
rotating_hyperplane,fixed,0.1,3,12,0.867,0.1,7.049632549285889,0.13556647856984982
rotating_hyperplane,fixed,0.1,3,13,0.855,0.1,7.014857769012451,0.033527336159721956
rotating_hyperplane,fixed,0.1,3,14,0.843,0.1,6.974913120269775,-0.02278002662934356
rotating_hyperplane,fixed,0.1,3,15,0.879,0.1,7.071113586425781,0.08439021809903587
rotating_hyperplane,fixed,0.1,3,16,0.879,0.1,7.0959792137146,0.06661530329090609
rotating_hyperplane,fixed,0.1,3,17,0.834,0.1,7.112228870391846,0.04921029659941752
rotating_hyperplane,fixed,0.1,3,18,0.851,0.1,7.109520435333252,0.02196060786962119
rotating_hyperplane,fixed,0.1,3,19,0.848,0.1,7.136308670043945,0.03714654248848067
rotating_hyperplane,fixed,0.1,4,0,0.507,0.1,6.441611289978027,0.7027889003979102
rotating_hyperplane,fixed,0.1,4,1,0.846,0.1,6.604899883270264,0.5274293758538855
rotating_hyperplane,fixed,0.1,4,2,0.821,0.1,6.562435626983643,0.2190674300019615
rotating_hyperplane,fixed,0.1,4,3,0.834,0.1,6.597534656524658,0.1466759095391227
rotating_hyperplane,fixed,0.1,4,4,0.816,0.1,6.544643402099609,0.017665586669390925
rotating_hyperplane,fixed,0.1,4,5,0.855,0.1,6.602310657501221,0.07002284247802117
rotating_hyperplane,fixed,0.1,4,6,0.845,0.1,6.60491943359375,0.037755384918147485
rotating_hyperplane,fixed,0.1,4,7,0.843,0.1,6.6100616455078125,0.02428423909719559
rotating_hyperplane,fixed,0.1,4,8,0.85,0.1,6.565586090087891,-0.034583318172442236
rotating_hyperplane,fixed,0.1,4,9,0.838,0.1,6.560174942016602,-0.023015050211722426
rotating_hyperplane,fixed,0.1,4,10,0.854,0.1,6.57502555847168,0.0042129826320505435
rotating_hyperplane,fixed,0.1,4,11,0.855,0.1,6.586657524108887,0.014392000844300768
rotating_hyperplane,fixed,0.1,4,12,0.851,0.1,6.539434909820557,-0.04259174400609106
rotating_hyperplane,fixed,0.1,4,13,0.859,0.1,6.56594705581665,0.0068582617274325925
rotating_hyperplane,fixed,0.1,4,14,0.818,0.1,6.516380310058594,-0.04899491539839023
rotating_hyperplane,fixed,0.1,4,15,0.819,0.1,6.555327892303467,0.01700860982228111
rotating_hyperplane,fixed,0.1,4,16,0.857,0.1,6.544477939605713,-0.0029896882151002426
rotating_hyperplane,fixed,0.1,4,17,0.863,0.1,6.591849327087402,0.04877165104433246
rotating_hyperplane,fixed,0.1,4,18,0.865,0.1,6.572826385498047,0.004345355165186678
rotating_hyperplane,fixed,0.1,4,19,0.855,0.1,6.550032138824463,-0.02191032269669184
rotating_hyperplane,fixed,10.0,0,0,0.497,10.0,3.565697193145752,-2.831675674684855
rotating_hyperplane,fixed,10.0,0,1,0.832,10.0,3.2931158542633057,-1.9467090420256583
rotating_hyperplane,fixed,10.0,0,2,0.852,10.0,3.1981468200683594,-1.1736229631495803
rotating_hyperplane,fixed,10.0,0,3,0.847,10.0,3.203982353210449,-0.5741402260043288
rotating_hyperplane,fixed,10.0,0,4,0.858,10.0,3.234265089035034,-0.2214340534437118
rotating_hyperplane,fixed,10.0,0,5,0.828,10.0,3.113532066345215,-0.36994864367295477
rotating_hyperplane,fixed,10.0,0,6,0.804,10.0,3.135673999786377,-0.13558879331189694
rotating_hyperplane,fixed,10.0,0,7,0.833,10.0,3.0746865272521973,-0.2028607698980044
rotating_hyperplane,fixed,10.0,0,8,0.814,10.0,3.0348315238952637,-0.19144634403691227
rotating_hyperplane,fixed,10.0,0,9,0.814,10.0,3.056530475616455,-0.04607060859146354
rotating_hyperplane,fixed,10.0,0,10,0.815,10.0,3.1218926906585693,0.12546780233012295
rotating_hyperplane,fixed,10.0,0,11,0.82,10.0,3.123323917388916,0.06591757065698003
rotating_hyperplane,fixed,10.0,0,12,0.842,10.0,3.044086217880249,-0.14321948394412543
rotating_hyperplane,fixed,10.0,0,13,0.85,10.0,3.09592604637146,0.046651957335951524
rotating_hyperplane,fixed,10.0,0,14,0.847,10.0,3.1815805435180664,0.21545682673794045
rotating_hyperplane,fixed,10.0,0,15,0.814,10.0,3.1435961723327637,0.024819823803065244
rotating_hyperplane,fixed,10.0,0,16,0.865,10.0,3.1674885749816895,0.06519005723317232
rotating_hyperplane,fixed,10.0,0,17,0.847,10.0,3.163361072540283,0.02354583689256829
rotating_hyperplane,fixed,10.0,0,18,0.837,10.0,3.0788209438323975,-0.17381583151783608
rotating_hyperplane,fixed,10.0,0,19,0.835,10.0,3.120589017868042,0.007302197457614481
rotating_hyperplane,fixed,10.0,1,0,0.485,10.0,3.644508123397827,-2.6744461758880766
rotating_hyperplane,fixed,10.0,1,1,0.84,10.0,3.274473190307617,-2.0423078204626806
rotating_hyperplane,fixed,10.0,1,2,0.832,10.0,3.198315143585205,-1.1826685398293149
rotating_hyperplane,fixed,10.0,1,3,0.831,10.0,3.163602590560913,-0.6667050151914136
rotating_hyperplane,fixed,10.0,1,4,0.785,10.0,2.9886667728424072,-0.7173552490000396
rotating_hyperplane,fixed,10.0,1,5,0.815,10.0,2.9444143772125244,-0.4615021701394539
rotating_hyperplane,fixed,10.0,1,6,0.827,10.0,3.0795390605926514,0.08794246026422457
rotating_hyperplane,fixed,10.0,1,7,0.812,10.0,2.9517879486083984,-0.24411100634376628
rotating_hyperplane,fixed,10.0,1,8,0.797,10.0,2.9487528800964355,-0.12919587539148597
rotating_hyperplane,fixed,10.0,1,9,0.794,10.0,2.963792324066162,-0.029179376910937544
rotating_hyperplane,fixed,10.0,1,10,0.805,10.0,3.0440118312835693,0.1733721692996398
rotating_hyperplane,fixed,10.0,1,11,0.844,10.0,3.1389920711517334,0.30336888210337926
rotating_hyperplane,fixed,10.0,1,12,0.821,10.0,3.0554516315460205,-0.03313346500096684
rotating_hyperplane,fixed,10.0,1,13,0.827,10.0,3.0258426666259766,-0.08386212340825643
rotating_hyperplane,fixed,10.0,1,14,0.855,10.0,3.1513314247131348,0.2460712586247199
rotating_hyperplane,fixed,10.0,1,15,0.819,10.0,3.0202794075012207,-0.16575768697396817
rotating_hyperplane,fixed,10.0,1,16,0.864,10.0,3.205108880996704,0.34209442461432404
rotating_hyperplane,fixed,10.0,1,17,0.828,10.0,3.1378626823425293,0.025346236773181038
rotating_hyperplane,fixed,10.0,1,18,0.813,10.0,3.0799808502197266,-0.11542591213543969
rotating_hyperplane,fixed,10.0,1,19,0.849,10.0,3.064558267593384,-0.0924863113081643
rotating_hyperplane,fixed,10.0,2,0,0.458,10.0,3.4493675231933594,-2.893220158677147
rotating_hyperplane,fixed,10.0,2,1,0.834,10.0,3.1798737049102783,-1.9891689213882413
rotating_hyperplane,fixed,10.0,2,2,0.797,10.0,3.0416290760040283,-1.29649335213831
rotating_hyperplane,fixed,10.0,2,3,0.807,10.0,3.0581798553466797,-0.6104590416189144
rotating_hyperplane,fixed,10.0,2,4,0.859,10.0,3.079233169555664,-0.2574221393567064
rotating_hyperplane,fixed,10.0,2,5,0.837,10.0,3.032536268234253,-0.23402431459930637
rotating_hyperplane,fixed,10.0,2,6,0.794,10.0,2.977900981903076,-0.2421258169802894
rotating_hyperplane,fixed,10.0,2,7,0.811,10.0,2.9863929748535156,-0.1012596398034761
rotating_hyperplane,fixed,10.0,2,8,0.877,10.0,3.101973056793213,0.21813569912834382
rotating_hyperplane,fixed,10.0,2,9,0.856,10.0,2.9973528385162354,-0.12514736774689197
rotating_hyperplane,fixed,10.0,2,10,0.815,10.0,2.974639415740967,-0.11519748597612414
rotating_hyperplane,fixed,10.0,2,11,0.839,10.0,3.03786563873291,0.09000603582177184
rotating_hyperplane,fixed,10.0,2,12,0.833,10.0,3.0611681938171387,0.0982717659202529
rotating_hyperplane,fixed,10.0,2,13,0.857,10.0,3.0474917888641357,0.01811013449336447
rotating_hyperplane,fixed,10.0,2,14,0.83,10.0,2.9932494163513184,-0.1145492501878841
rotating_hyperplane,fixed,10.0,2,15,0.775,10.0,2.969740390777588,-0.1118163953680497
rotating_hyperplane,fixed,10.0,2,16,0.811,10.0,3.005828619003296,0.02848055790890328
rotating_hyperplane,fixed,10.0,2,17,0.842,10.0,3.0590767860412598,0.13726091141024682
rotating_hyperplane,fixed,10.0,2,18,0.832,10.0,3.0845131874084473,0.12637391509358745
rotating_hyperplane,fixed,10.0,2,19,0.801,10.0,3.0122556686401367,-0.09949295149952331
rotating_hyperplane,fixed,10.0,3,0,0.475,10.0,3.558570384979248,-2.7928872090717722
rotating_hyperplane,fixed,10.0,3,1,0.797,10.0,3.138585090637207,-2.216032436149832
rotating_hyperplane,fixed,10.0,3,2,0.835,10.0,3.1739068031311035,-1.029863272396255
rotating_hyperplane,fixed,10.0,3,3,0.859,10.0,3.027362585067749,-0.8355674469255416
rotating_hyperplane,fixed,10.0,3,4,0.849,10.0,3.052804946899414,-0.35942167950184256
rotating_hyperplane,fixed,10.0,3,5,0.809,10.0,3.0907318592071533,-0.0934356469195454
rotating_hyperplane,fixed,10.0,3,6,0.8,10.0,3.0214908123016357,-0.20229282168486307
rotating_hyperplane,fixed,10.0,3,7,0.844,10.0,3.0682854652404785,0.006404095784197234
rotating_hyperplane,fixed,10.0,3,8,0.866,10.0,3.0837576389312744,0.038220188103531304
rotating_hyperplane,fixed,10.0,3,9,0.833,10.0,3.098568916320801,0.052464236959842904
rotating_hyperplane,fixed,10.0,3,10,0.834,10.0,3.111583948135376,0.055401121274374
rotating_hyperplane,fixed,10.0,3,11,0.867,10.0,3.140742301940918,0.09277628138555964
rotating_hyperplane,fixed,10.0,3,12,0.875,10.0,3.1648783683776855,0.099755006345501
rotating_hyperplane,fixed,10.0,3,13,0.846,10.0,3.13045597076416,-0.025652864837620318
rotating_hyperplane,fixed,10.0,3,14,0.795,10.0,2.950296401977539,-0.4124832646048115
rotating_hyperplane,fixed,10.0,3,15,0.822,10.0,3.0765230655670166,0.09087226178527084
rotating_hyperplane,fixed,10.0,3,16,0.86,10.0,3.1011531352996826,0.1010320576177004
rotating_hyperplane,fixed,10.0,3,17,0.824,10.0,3.1008923053741455,0.04993194964593411
rotating_hyperplane,fixed,10.0,3,18,0.817,10.0,3.088733434677124,-0.0022638009149020684
rotating_hyperplane,fixed,10.0,3,19,0.803,10.0,2.994109869003296,-0.21387544367798042
rotating_hyperplane,fixed,10.0,4,0,0.507,10.0,3.550758123397827,-2.7291208711380235
rotating_hyperplane,fixed,10.0,4,1,0.842,10.0,3.170872211456299,-2.107527576394656
rotating_hyperplane,fixed,10.0,4,2,0.834,10.0,3.0971977710723877,-1.2151162565727303
rotating_hyperplane,fixed,10.0,4,3,0.83,10.0,2.974602699279785,-0.882437140914401
rotating_hyperplane,fixed,10.0,4,4,0.813,10.0,2.91290545463562,-0.5852556507403237
rotating_hyperplane,fixed,10.0,4,5,0.836,10.0,3.120506763458252,0.20229924252280118
rotating_hyperplane,fixed,10.0,4,6,0.826,10.0,3.0283799171447754,-0.1038714905520504
rotating_hyperplane,fixed,10.0,4,7,0.824,10.0,2.9957618713378906,-0.1267329019041616
rotating_hyperplane,fixed,10.0,4,8,0.839,10.0,3.023569345474243,0.0010937657052334075
rotating_hyperplane,fixed,10.0,4,9,0.822,10.0,2.989715814590454,-0.07720690335459376
rotating_hyperplane,fixed,10.0,4,10,0.805,10.0,2.959811210632324,-0.10806519108637336
rotating_hyperplane,fixed,10.0,4,11,0.814,10.0,2.952998638153076,-0.0700165647017352
rotating_hyperplane,fixed,10.0,4,12,0.841,10.0,2.9367148876190186,-0.07330210323852067
rotating_hyperplane,fixed,10.0,4,13,0.845,10.0,3.0117406845092773,0.14076231615469317
rotating_hyperplane,fixed,10.0,4,14,0.783,10.0,2.9281508922576904,-0.12235942925120272
rotating_hyperplane,fixed,10.0,4,15,0.77,10.0,2.9318926334381104,-0.05230574784280603
rotating_hyperplane,fixed,10.0,4,16,0.797,10.0,2.938749074935913,-0.009912791823913962
rotating_hyperplane,fixed,10.0,4,17,0.834,10.0,3.050262689590454,0.2585571202205049
rotating_hyperplane,fixed,10.0,4,18,0.814,10.0,3.026167631149292,0.07442204060415583
rotating_hyperplane,fixed,10.0,4,19,0.814,10.0,3.033658981323242,0.05440215821571079
rotating_hyperplane,fixed,1.0,0,0,0.497,1.0,6.209980010986328,0.21830956032862647
rotating_hyperplane,fixed,1.0,0,1,0.832,1.0,6.166776657104492,0.060841695369313706
rotating_hyperplane,fixed,1.0,0,2,0.845,1.0,5.8176188468933105,-0.3627678715081533
rotating_hyperplane,fixed,1.0,0,3,0.847,1.0,5.638003826141357,-0.3957889295885472
rotating_hyperplane,fixed,1.0,0,4,0.861,1.0,5.507684707641602,-0.35841118425342705
rotating_hyperplane,fixed,1.0,0,5,0.834,1.0,5.1797099113464355,-0.5927373886889432
rotating_hyperplane,fixed,1.0,0,6,0.817,1.0,5.038430213928223,-0.48578258559334997
rotating_hyperplane,fixed,1.0,0,7,0.848,1.0,4.8062920570373535,-0.5628462123880281
rotating_hyperplane,fixed,1.0,0,8,0.823,1.0,4.672784328460693,-0.474323785761932
rotating_hyperplane,fixed,1.0,0,9,0.821,1.0,4.591150283813477,-0.3584820840087517
rotating_hyperplane,fixed,1.0,0,10,0.828,1.0,4.497353553771973,-0.3211153307071627
rotating_hyperplane,fixed,1.0,0,11,0.847,1.0,4.417243957519531,-0.28425633257871924
rotating_hyperplane,fixed,1.0,0,12,0.854,1.0,4.281719207763672,-0.3551895467740092
rotating_hyperplane,fixed,1.0,0,13,0.852,1.0,4.258326053619385,-0.2155357152032564
rotating_hyperplane,fixed,1.0,0,14,0.846,1.0,4.259836673736572,-0.10530435026368025
rotating_hyperplane,fixed,1.0,0,15,0.822,1.0,4.110435485839844,-0.29620805033222175
rotating_hyperplane,fixed,1.0,0,16,0.873,1.0,4.096298694610596,-0.1719876651483937
rotating_hyperplane,fixed,1.0,0,17,0.85,1.0,4.053110122680664,-0.15921130541054748
rotating_hyperplane,fixed,1.0,0,18,0.838,1.0,3.8927369117736816,-0.3543830014104825
rotating_hyperplane,fixed,1.0,0,19,0.844,1.0,3.934903144836426,-0.10196908789588773
rotating_hyperplane,fixed,1.0,1,0,0.485,1.0,6.251333236694336,0.37977632638599507
rotating_hyperplane,fixed,1.0,1,1,0.836,1.0,6.1751389503479,0.10524590073753648
rotating_hyperplane,fixed,1.0,1,2,0.824,1.0,5.980359077453613,-0.16642280991066674
rotating_hyperplane,fixed,1.0,1,3,0.823,1.0,5.809866428375244,-0.28118893680193713
rotating_hyperplane,fixed,1.0,1,4,0.789,1.0,5.4727864265441895,-0.5435010368921159
rotating_hyperplane,fixed,1.0,1,5,0.827,1.0,5.2771711349487305,-0.5199676822621888
rotating_hyperplane,fixed,1.0,1,6,0.835,1.0,5.171802997589111,-0.39864206490223547
rotating_hyperplane,fixed,1.0,1,7,0.836,1.0,4.876792907714844,-0.5954461711381541
rotating_hyperplane,fixed,1.0,1,8,0.838,1.0,4.72500467300415,-0.513866149917981
rotating_hyperplane,fixed,1.0,1,9,0.823,1.0,4.62693452835083,-0.40106894747876587
rotating_hyperplane,fixed,1.0,1,10,0.823,1.0,4.545139312744141,-0.32329876338329677
rotating_hyperplane,fixed,1.0,1,11,0.866,1.0,4.564539909362793,-0.13200752560386725
rotating_hyperplane,fixed,1.0,1,12,0.833,1.0,4.334556579589844,-0.415898054114899
rotating_hyperplane,fixed,1.0,1,13,0.849,1.0,4.215837001800537,-0.39815106901662095
rotating_hyperplane,fixed,1.0,1,14,0.861,1.0,4.248042106628418,-0.14602638644846894
rotating_hyperplane,fixed,1.0,1,15,0.84,1.0,4.029520511627197,-0.4302391901203494
rotating_hyperplane,fixed,1.0,1,16,0.877,1.0,4.198188781738281,0.07556199545335393
rotating_hyperplane,fixed,1.0,1,17,0.841,1.0,4.057725429534912,-0.19456680666448523
rotating_hyperplane,fixed,1.0,1,18,0.83,1.0,3.890573501586914,-0.38334940202388224
rotating_hyperplane,fixed,1.0,1,19,0.851,1.0,3.919354200363159,-0.14030284962747291
rotating_hyperplane,fixed,1.0,2,0,0.458,1.0,6.049514293670654,0.16060860044620512
rotating_hyperplane,fixed,1.0,2,1,0.826,1.0,6.123612403869629,0.16536405621928046
rotating_hyperplane,fixed,1.0,2,2,0.783,1.0,5.762937545776367,-0.32633904464038727
rotating_hyperplane,fixed,1.0,2,3,0.821,1.0,5.629762649536133,-0.32364769182813863
rotating_hyperplane,fixed,1.0,2,4,0.855,1.0,5.419062614440918,-0.42172728754166877
rotating_hyperplane,fixed,1.0,2,5,0.83,1.0,5.120898723602295,-0.592956031806741
rotating_hyperplane,fixed,1.0,2,6,0.808,1.0,4.934830188751221,-0.5488053265718482
rotating_hyperplane,fixed,1.0,2,7,0.849,1.0,4.804739952087402,-0.4574696355468163
rotating_hyperplane,fixed,1.0,2,8,0.879,1.0,4.7462077140808105,-0.31333333488339254
rotating_hyperplane,fixed,1.0,2,9,0.854,1.0,4.491585731506348,-0.5292184643376591
rotating_hyperplane,fixed,1.0,2,10,0.824,1.0,4.354677677154541,-0.4762828891523367
rotating_hyperplane,fixed,1.0,2,11,0.86,1.0,4.3293137550354,-0.2785895238849085
rotating_hyperplane,fixed,1.0,2,12,0.861,1.0,4.23782205581665,-0.2860522062633472
rotating_hyperplane,fixed,1.0,2,13,0.852,1.0,4.1290507316589355,-0.32126775835288823
rotating_hyperplane,fixed,1.0,2,14,0.831,1.0,3.9810526371002197,-0.4095444914065491
rotating_hyperplane,fixed,1.0,2,15,0.805,1.0,3.8742949962615967,-0.390997491487414
rotating_hyperplane,fixed,1.0,2,16,0.847,1.0,3.929443836212158,-0.09664771463180691
rotating_hyperplane,fixed,1.0,2,17,0.855,1.0,3.919496774673462,-0.06590314311822107
rotating_hyperplane,fixed,1.0,2,18,0.842,1.0,3.8420493602752686,-0.1701705304135391
rotating_hyperplane,fixed,1.0,2,19,0.804,1.0,3.720557451248169,-0.3046800006131686
rotating_hyperplane,fixed,1.0,3,0,0.475,1.0,6.172143459320068,0.25620190063121173
rotating_hyperplane,fixed,1.0,3,1,0.795,1.0,6.08519172668457,0.0302692196348313
rotating_hyperplane,fixed,1.0,3,2,0.815,1.0,5.803973197937012,-0.3057930679534729
rotating_hyperplane,fixed,1.0,3,3,0.871,1.0,5.587615489959717,-0.4117681779239293
rotating_hyperplane,fixed,1.0,3,4,0.852,1.0,5.328602313995361,-0.5277928914010932
rotating_hyperplane,fixed,1.0,3,5,0.813,1.0,5.128726482391357,-0.5243825031260146
rotating_hyperplane,fixed,1.0,3,6,0.826,1.0,4.991908550262451,-0.44744670083191873
rotating_hyperplane,fixed,1.0,3,7,0.876,1.0,4.888146877288818,-0.36807038044918733
rotating_hyperplane,fixed,1.0,3,8,0.847,1.0,4.723626613616943,-0.41776422082363646
rotating_hyperplane,fixed,1.0,3,9,0.828,1.0,4.591553688049316,-0.40304925554040955
rotating_hyperplane,fixed,1.0,3,10,0.864,1.0,4.473546028137207,-0.3800040040238919
rotating_hyperplane,fixed,1.0,3,11,0.877,1.0,4.450252056121826,-0.22616206240559716
rotating_hyperplane,fixed,1.0,3,12,0.867,1.0,4.403548717498779,-0.18595976623795274
rotating_hyperplane,fixed,1.0,3,13,0.845,1.0,4.205737113952637,-0.40493094337035546
rotating_hyperplane,fixed,1.0,3,14,0.815,1.0,3.9508402347564697,-0.6233470362430812
rotating_hyperplane,fixed,1.0,3,15,0.867,1.0,4.1326799392700195,0.007948549781708393
rotating_hyperplane,fixed,1.0,3,16,0.876,1.0,4.048025131225586,-0.13827739232230443
rotating_hyperplane,fixed,1.0,3,17,0.828,1.0,3.976924180984497,-0.1911133832962684
rotating_hyperplane,fixed,1.0,3,18,0.827,1.0,3.8686089515686035,-0.2846950958355462
rotating_hyperplane,fixed,1.0,3,19,0.83,1.0,3.8705410957336426,-0.13887920361605002
rotating_hyperplane,fixed,1.0,4,0,0.507,1.0,6.092713356018066,0.28859068283767214
rotating_hyperplane,fixed,1.0,4,1,0.844,1.0,5.992354393005371,0.029906693468542397
rotating_hyperplane,fixed,1.0,4,2,0.819,1.0,5.704808235168457,-0.3182793340034383
rotating_hyperplane,fixed,1.0,4,3,0.832,1.0,5.5129547119140625,-0.39268233465836433
rotating_hyperplane,fixed,1.0,4,4,0.812,1.0,5.235423564910889,-0.5459358461682886
rotating_hyperplane,fixed,1.0,4,5,0.848,1.0,5.13339900970459,-0.4082967740958812
rotating_hyperplane,fixed,1.0,4,6,0.838,1.0,4.956748008728027,-0.44312125084011156
rotating_hyperplane,fixed,1.0,4,7,0.84,1.0,4.775336742401123,-0.4757192912196776
rotating_hyperplane,fixed,1.0,4,8,0.853,1.0,4.604931354522705,-0.48566850454287663
rotating_hyperplane,fixed,1.0,4,9,0.82,1.0,4.46831750869751,-0.44885410134975173
rotating_hyperplane,fixed,1.0,4,10,0.838,1.0,4.337029933929443,-0.42846789321747314
rotating_hyperplane,fixed,1.0,4,11,0.853,1.0,4.287186622619629,-0.2940429660508669
rotating_hyperplane,fixed,1.0,4,12,0.844,1.0,4.118344306945801,-0.42051461133518886
rotating_hyperplane,fixed,1.0,4,13,0.848,1.0,4.109587669372559,-0.22502294414151738
rotating_hyperplane,fixed,1.0,4,14,0.798,1.0,3.9541566371917725,-0.3751612206005572
rotating_hyperplane,fixed,1.0,4,15,0.797,1.0,3.933371067047119,-0.22408504104486446
rotating_hyperplane,fixed,1.0,4,16,0.842,1.0,3.9079861640930176,-0.1568600689528853
rotating_hyperplane,fixed,1.0,4,17,0.847,1.0,3.9468369483947754,-0.009392657710499542
rotating_hyperplane,fixed,1.0,4,18,0.833,1.0,3.8576905727386475,-0.16154903426513043
rotating_hyperplane,fixed,1.0,4,19,0.832,1.0,3.7930498123168945,-0.1971379633787766
sea,adadecay_default,0.0,0,0,0.351,0.0005,6.79748010635376,0.44354583390936264
sea,adadecay_default,0.0,0,1,0.861,0.0005,6.818930625915527,0.24368720564261787
sea,adadecay_default,0.0,0,2,0.888,0.0005,6.962277412414551,0.26782892658287866
sea,adadecay_default,0.0,0,3,0.867,0.0005,6.953754901885986,0.1254137820650251
sea,adadecay_default,0.0,0,4,0.888,0.0005,7.0889716148376465,0.1977425608687308
sea,adadecay_default,0.0,0,5,0.796,0.0005,7.1573872566223145,0.1658920909719814
sea,adadecay_default,0.0,0,6,0.888,0.0005,7.324676036834717,0.24525773810662732
sea,adadecay_default,0.0,0,7,0.87,0.0005,7.38712215423584,0.18183334320104594
sea,adadecay_default,0.0,0,8,0.885,0.0005,7.543548107147217,0.23796870580024226
sea,adadecay_default,0.0,0,9,0.913,0.0005,7.666022777557373,0.23173216499520513
sea,adadecay_default,0.0,0,10,0.765,0.0005,7.516408443450928,-0.019665530366412
sea,adadecay_default,0.0,0,11,0.905,0.0005,7.611698150634766,0.0782058349865365
sea,adadecay_default,0.0,0,12,0.879,0.0005,7.578538417816162,0.008850020203564304
sea,adadecay_default,0.0,0,13,0.893,0.0005,7.655816555023193,0.07523730938929508
sea,adadecay_default,0.0,0,14,0.903,0.0005,7.729864120483398,0.10478578192254549
sea,adadecay_default,0.0,0,15,0.72,0.0005,7.746827602386475,0.06763273940156707
sea,adadecay_default,0.0,0,16,0.871,0.0005,7.769832611083984,0.054438618322217
sea,adadecay_default,0.0,0,17,0.886,0.0005,7.877872467041016,0.12378210723335867
sea,adadecay_default,0.0,0,18,0.875,0.0005,8.001022338867188,0.1704492267548157
sea,adadecay_default,0.0,0,19,0.905,0.0005,8.164573669433594,0.22717811392144474
sea,adadecay_default,0.0,1,0,0.652,0.0005,7.04620885848999,0.5235739579371601
sea,adadecay_default,0.0,1,1,0.875,0.0005,7.244823932647705,0.45753356781051896
sea,adadecay_default,0.0,1,2,0.876,0.0005,7.313080310821533,0.29419316701873355
sea,adadecay_default,0.0,1,3,0.886,0.0005,7.315967559814453,0.14983829279962826
sea,adadecay_default,0.0,1,4,0.897,0.0005,7.430293560028076,0.1834393866206546
sea,adadecay_default,0.0,1,5,0.818,0.0005,7.49143123626709,0.14885972319934826
sea,adadecay_default,0.0,1,6,0.89,0.0005,7.5763678550720215,0.15316483386161467
sea,adadecay_default,0.0,1,7,0.884,0.0005,7.658488750457764,0.15185384073746253
sea,adadecay_default,0.0,1,8,0.896,0.0005,7.7640790939331055,0.1716724777530642
sea,adadecay_default,0.0,1,9,0.878,0.0005,7.852626800537109,0.16503618284347213
sea,adadecay_default,0.0,1,10,0.77,0.0005,7.921417713165283,0.14335310665463225
sea,adadecay_default,0.0,1,11,0.853,0.0005,8.039271354675293,0.17499493592963936
sea,adadecay_default,0.0,1,12,0.891,0.0005,8.107330322265625,0.14628783571405415
sea,adadecay_default,0.0,1,13,0.888,0.0005,8.17930793762207,0.1347973267126663
sea,adadecay_default,0.0,1,14,0.895,0.0005,8.296957015991211,0.16728578032334787
sea,adadecay_default,0.0,1,15,0.762,0.0005,8.263504028320312,0.05564317726290132
sea,adadecay_default,0.0,1,16,0.872,0.0005,8.244290351867676,0.011674890058839045
sea,adadecay_default,0.0,1,17,0.883,0.0005,8.389387130737305,0.1280573665657333
sea,adadecay_default,0.0,1,18,0.886,0.0005,8.47704029083252,0.13658493693707674
sea,adadecay_default,0.0,1,19,0.891,0.0005,8.621536254882812,0.1866644662846577
sea,adadecay_default,0.0,2,0,0.667,0.0005,6.614717960357666,0.5237288915649289
sea,adadecay_default,0.0,2,1,0.881,0.0005,6.669775009155273,0.3196659452479564
sea,adadecay_default,0.0,2,2,0.885,0.0005,6.752028465270996,0.24547372595899097
sea,adadecay_default,0.0,2,3,0.87,0.0005,6.802786350250244,0.1749412211466511
sea,adadecay_default,0.0,2,4,0.887,0.0005,6.857461929321289,0.1432847287563371
sea,adadecay_default,0.0,2,5,0.823,0.0005,6.986725807189941,0.20254587179596656
sea,adadecay_default,0.0,2,6,0.884,0.0005,7.079166412353516,0.19315412097448265
sea,adadecay_default,0.0,2,7,0.896,0.0005,7.134008407592773,0.1503753704827318
sea,adadecay_default,0.0,2,8,0.878,0.0005,7.190121173858643,0.12980943022594418
sea,adadecay_default,0.0,2,9,0.894,0.0005,7.29306697845459,0.16433300060616798
sea,adadecay_default,0.0,2,10,0.782,0.0005,7.182476997375488,-0.023137068412887794
sea,adadecay_default,0.0,2,11,0.876,0.0005,7.2491326332092285,0.05287808499269949
sea,adadecay_default,0.0,2,12,0.901,0.0005,7.321029186248779,0.09531371255589179
sea,adadecay_default,0.0,2,13,0.894,0.0005,7.40709924697876,0.12929957888748203
sea,adadecay_default,0.0,2,14,0.897,0.0005,7.463768005371094,0.11777896069815223
sea,adadecay_default,0.0,2,15,0.726,0.0005,7.582051753997803,0.16894313159166482
sea,adadecay_default,0.0,2,16,0.883,0.0005,7.5680766105651855,0.07167165222101826
sea,adadecay_default,0.0,2,17,0.902,0.0005,7.657847881317139,0.11820967544149258
sea,adadecay_default,0.0,2,18,0.904,0.0005,7.802231788635254,0.1900379717528993
sea,adadecay_default,0.0,2,19,0.882,0.0005,7.894421100616455,0.17707288696119408
sea,adadecay_default,0.0,3,0,0.424,0.0005,6.842548847198486,0.43356851143110464
sea,adadecay_default,0.0,3,1,0.865,0.0005,6.973221778869629,0.34940309916806717
sea,adadecay_default,0.0,3,2,0.887,0.0005,7.055525779724121,0.25666589542219176
sea,adadecay_default,0.0,3,3,0.887,0.0005,7.094141960144043,0.1663411597076281
sea,adadecay_default,0.0,3,4,0.87,0.0005,7.132199764251709,0.12042530463773035
sea,adadecay_default,0.0,3,5,0.823,0.0005,7.260973930358887,0.18559683559610612
sea,adadecay_default,0.0,3,6,0.868,0.0005,7.305781364440918,0.13565254999369777
sea,adadecay_default,0.0,3,7,0.888,0.0005,7.412415504455566,0.16918639300106506
sea,adadecay_default,0.0,3,8,0.894,0.0005,7.527194499969482,0.19212580274154825
sea,adadecay_default,0.0,3,9,0.897,0.0005,7.613575458526611,0.1757563074279966
sea,adadecay_default,0.0,3,10,0.774,0.0005,7.506256103515625,-0.010009271549864949
sea,adadecay_default,0.0,3,11,0.886,0.0005,7.53579568862915,0.022324035789672216
sea,adadecay_default,0.0,3,12,0.889,0.0005,7.5474934577941895,0.02194183617110837
sea,adadecay_default,0.0,3,13,0.885,0.0005,7.612910270690918,0.07116089048291423
sea,adadecay_default,0.0,3,14,0.886,0.0005,7.685146808624268,0.1014741188433078
sea,adadecay_default,0.0,3,15,0.705,0.0005,7.7130255699157715,0.07592883698815286
sea,adadecay_default,0.0,3,16,0.885,0.0005,7.789677619934082,0.10697830909766717
sea,adadecay_default,0.0,3,17,0.898,0.0005,7.880383014678955,0.13435239502558433
sea,adadecay_default,0.0,3,18,0.883,0.0005,7.918591022491455,0.10084631063959447
sea,adadecay_default,0.0,3,19,0.904,0.0005,8.081279754638672,0.19309788860559832
sea,adadecay_default,0.0,4,0,0.391,0.0005,6.651711940765381,0.5547372157783299
sea,adadecay_default,0.0,4,1,0.888,0.0005,6.782618999481201,0.41403670246887414
sea,adadecay_default,0.0,4,2,0.886,0.0005,6.787225246429443,0.21173449790755872
sea,adadecay_default,0.0,4,3,0.871,0.0005,6.750166893005371,0.06795047630925818
sea,adadecay_default,0.0,4,4,0.894,0.0005,6.877220630645752,0.1646857282044063
sea,adadecay_default,0.0,4,5,0.82,0.0005,6.905081748962402,0.11047632072679843
sea,adadecay_default,0.0,4,6,0.876,0.0005,7.088780403137207,0.23998399608469978
sea,adadecay_default,0.0,4,7,0.881,0.0005,7.221932411193848,0.2504328736274095
sea,adadecay_default,0.0,4,8,0.874,0.0005,7.362148761749268,0.2600452611773159
sea,adadecay_default,0.0,4,9,0.882,0.0005,7.499002933502197,0.25911214283355005
sea,adadecay_default,0.0,4,10,0.748,0.0005,7.475840091705322,0.10810614407840674
sea,adadecay_default,0.0,4,11,0.882,0.0005,7.495891571044922,0.07267925753737295
sea,adadecay_default,0.0,4,12,0.901,0.0005,7.625808238983154,0.15669877142081337
sea,adadecay_default,0.0,4,13,0.908,0.0005,7.748127460479736,0.18973941959930807
sea,adadecay_default,0.0,4,14,0.89,0.0005,7.814621448516846,0.15446653602231003
sea,adadecay_default,0.0,4,15,0.737,0.0005,7.849709987640381,0.10841461341417781
sea,adadecay_default,0.0,4,16,0.866,0.0005,7.805501461029053,0.015097115692839988
sea,adadecay_default,0.0,4,17,0.884,0.0005,7.83761739730835,0.03612165291102115
sea,adadecay_default,0.0,4,18,0.879,0.0005,7.911852836608887,0.08383641333328885
sea,adadecay_default,0.0,4,19,0.891,0.0005,8.02320671081543,0.13965647468937684
sea,adadecay_regime,0.0,0,0,0.351,1.0,6.459291934967041,0.07597860555903217
sea,adadecay_regime,0.0,0,1,0.863,1.0,6.257006645202637,-0.17948948140307283
sea,adadecay_regime,0.0,0,2,0.888,1.0,6.183780193328857,-0.17101635438777937
sea,adadecay_regime,0.0,0,3,0.867,1.0,5.968438625335693,-0.32733882264942005
sea,adadecay_regime,0.0,0,4,0.888,1.0,5.946112155914307,-0.1896468798504354
sea,adadecay_regime,0.0,0,5,0.797,1.0,5.862819671630859,-0.19210045296822567
sea,adadecay_regime,0.0,0,6,0.883,1.0,5.9130048751831055,-0.03660641317905428
sea,adadecay_regime,0.0,0,7,0.871,1.0,5.8480448722839355,-0.094594557732746
sea,adadecay_regime,0.0,0,8,0.88,1.0,5.9515790939331055,0.07564768240587805
sea,adadecay_regime,0.0,0,9,0.913,1.0,5.998271942138672,0.0923061702115407
sea,adadecay_regime,0.0,0,10,0.767,1.0,5.606330871582031,-0.4076131022614799
sea,adadecay_regime,0.0,0,11,0.905,1.0,5.831908226013184,0.07561138577913847
sea,adadecay_regime,0.0,0,12,0.88,1.0,5.7012152671813965,-0.1178191826595617
sea,adadecay_regime,0.0,0,13,0.893,1.0,5.800135612487793,0.06158170924603967
sea,adadecay_regime,0.0,0,14,0.897,1.0,5.897779941558838,0.1476994346722304
sea,adadecay_regime,0.0,0,15,0.72,1.0,5.864038467407227,0.034120226741125054
sea,adadecay_regime,0.0,0,16,0.876,1.0,5.995766639709473,0.17305823299501735
sea,adadecay_regime,0.0,0,17,0.898,1.0,6.080277442932129,0.18441160812887952
sea,adadecay_regime,0.0,0,18,0.876,1.0,6.15722131729126,0.18008542236184683
sea,adadecay_regime,0.0,0,19,0.907,1.0,6.410006999969482,0.3751479622752385
sea,adadecay_regime,0.0,1,0,0.652,1.0,6.680774211883545,0.13626317556713427
sea,adadecay_regime,0.0,1,1,0.877,1.0,6.665763854980469,0.052528816862307176
sea,adadecay_regime,0.0,1,2,0.877,1.0,6.496238708496094,-0.1503482030128084
sea,adadecay_regime,0.0,1,3,0.883,1.0,6.280080318450928,-0.30624626468072946
sea,adadecay_regime,0.0,1,4,0.899,1.0,6.2308430671691895,-0.20756914875810836
sea,adadecay_regime,0.0,1,5,0.817,1.0,6.137345790863037,-0.2079898374574947
sea,adadecay_regime,0.0,1,6,0.888,1.0,6.096826076507568,-0.14984322430494268
sea,adadecay_regime,0.0,1,7,0.883,1.0,6.024466037750244,-0.1573415898330301
sea,adadecay_regime,0.0,1,8,0.897,1.0,6.0620880126953125,-0.035303679348239705
sea,adadecay_regime,0.0,1,9,0.877,1.0,6.041622638702393,-0.04109601475553668
sea,adadecay_regime,0.0,1,10,0.773,1.0,6.016524314880371,-0.049396865681853086
sea,adadecay_regime,0.0,1,11,0.858,1.0,6.081600666046143,0.05041455294059407
sea,adadecay_regime,0.0,1,12,0.887,1.0,6.054391860961914,-0.00586185247827536
sea,adadecay_regime,0.0,1,13,0.881,1.0,6.075855255126953,0.021687788867390142
sea,adadecay_regime,0.0,1,14,0.899,1.0,6.1721696853637695,0.12092719660146636
sea,adadecay_regime,0.0,1,15,0.762,1.0,6.057773590087891,-0.06824597528542548
sea,adadecay_regime,0.0,1,16,0.887,1.0,6.069513320922852,-0.020664922998385002
sea,adadecay_regime,0.0,1,17,0.891,1.0,6.194946765899658,0.13318243731713075
sea,adadecay_regime,0.0,1,18,0.889,1.0,6.254364967346191,0.1331981508126092
sea,adadecay_regime,0.0,1,19,0.895,1.0,6.3995184898376465,0.2277682073837238
sea,adadecay_regime,0.0,2,0,0.667,1.0,6.291436195373535,0.1587361176112494
sea,adadecay_regime,0.0,2,1,0.879,1.0,6.133263111114502,-0.09522231485990618
sea,adadecay_regime,0.0,2,2,0.883,1.0,6.014118671417236,-0.1825135621291114
sea,adadecay_regime,0.0,2,3,0.869,1.0,5.8837571144104,-0.24178400538215736
sea,adadecay_regime,0.0,2,4,0.885,1.0,5.774653434753418,-0.2496642186968329
sea,adadecay_regime,0.0,2,5,0.825,1.0,5.775264263153076,-0.12409754338104845
sea,adadecay_regime,0.0,2,6,0.883,1.0,5.782922744750977,-0.052839859758176774
sea,adadecay_regime,0.0,2,7,0.896,1.0,5.745855808258057,-0.07093189944230495
sea,adadecay_regime,0.0,2,8,0.875,1.0,5.703891277313232,-0.08618430456824344
sea,adadecay_regime,0.0,2,9,0.894,1.0,5.76774787902832,0.034652776828595945
sea,adadecay_regime,0.0,2,10,0.781,1.0,5.505934715270996,-0.29790011050176723
sea,adadecay_regime,0.0,2,11,0.872,1.0,5.588220119476318,-0.04516632957256582
sea,adadecay_regime,0.0,2,12,0.899,1.0,5.614212989807129,0.009718004477759135
sea,adadecay_regime,0.0,2,13,0.894,1.0,5.68117618560791,0.08768845561109183
sea,adadecay_regime,0.0,2,14,0.892,1.0,5.6896185874938965,0.05416388503135352
sea,adadecay_regime,0.0,2,15,0.719,1.0,5.775718688964844,0.13217112593478567
sea,adadecay_regime,0.0,2,16,0.882,1.0,5.742831230163574,0.02654327518237874
sea,adadecay_regime,0.0,2,17,0.898,1.0,5.796398162841797,0.0780467586306688
sea,adadecay_regime,0.0,2,18,0.901,1.0,5.900958061218262,0.16429262152280932
sea,adadecay_regime,0.0,2,19,0.88,1.0,5.931825637817383,0.11847230538861252
sea,adadecay_regime,0.0,3,0,0.424,1.0,6.494563102722168,0.058351119704763324
sea,adadecay_regime,0.0,3,1,0.864,1.0,6.392709732055664,-0.07973324015240493
sea,adadecay_regime,0.0,3,2,0.887,1.0,6.2513298988342285,-0.19344850295878624
sea,adadecay_regime,0.0,3,3,0.885,1.0,6.084540843963623,-0.2820059986010938
sea,adadecay_regime,0.0,3,4,0.876,1.0,5.940797328948975,-0.30506120514833
sea,adadecay_regime,0.0,3,5,0.826,1.0,5.948730945587158,-0.1432566689695113
sea,adadecay_regime,0.0,3,6,0.865,1.0,5.855262756347656,-0.18074146355944193
sea,adadecay_regime,0.0,3,7,0.887,1.0,5.868932247161865,-0.07415847564481193
sea,adadecay_regime,0.0,3,8,0.885,1.0,5.906291484832764,0.007126273430133579
sea,adadecay_regime,0.0,3,9,0.898,1.0,5.954894065856934,0.060708627188342586
sea,adadecay_regime,0.0,3,10,0.776,1.0,5.7657012939453125,-0.190277435568845
sea,adadecay_regime,0.0,3,11,0.89,1.0,5.837367534637451,-0.008820991343879826
sea,adadecay_regime,0.0,3,12,0.887,1.0,5.827141284942627,-0.016576188933384042
sea,adadecay_regime,0.0,3,13,0.883,1.0,5.85498046875,0.024889008314135742
sea,adadecay_regime,0.0,3,14,0.886,1.0,5.932388782501221,0.10425654985944241
sea,adadecay_regime,0.0,3,15,0.707,1.0,5.951368808746338,0.07434626209234264
sea,adadecay_regime,0.0,3,16,0.902,1.0,6.098474502563477,0.20882562831252652
sea,adadecay_regime,0.0,3,17,0.9,1.0,6.190652847290039,0.20937798104599625
sea,adadecay_regime,0.0,3,18,0.885,1.0,6.229403495788574,0.14815802881708173
sea,adadecay_regime,0.0,3,19,0.914,1.0,6.520150661468506,0.39819954068503827
sea,adadecay_regime,0.0,4,0,0.391,1.0,6.313495635986328,0.17343003763026935
sea,adadecay_regime,0.0,4,1,0.891,1.0,6.248336315155029,0.015043901950582765
sea,adadecay_regime,0.0,4,2,0.885,1.0,6.031469345092773,-0.2335055080907824
sea,adadecay_regime,0.0,4,3,0.868,1.0,5.797885894775391,-0.3856934053296753
sea,adadecay_regime,0.0,4,4,0.893,1.0,5.782984256744385,-0.21069520801931077
sea,adadecay_regime,0.0,4,5,0.824,1.0,5.644782543182373,-0.2713058842589855
sea,adadecay_regime,0.0,4,6,0.878,1.0,5.736593246459961,-0.0227036259354587
sea,adadecay_regime,0.0,4,7,0.883,1.0,5.74710750579834,0.0013762447335724805
sea,adadecay_regime,0.0,4,8,0.879,1.0,5.810941219329834,0.0778207802916161
sea,adadecay_regime,0.0,4,9,0.883,1.0,5.853561878204346,0.08984478899242866
sea,adadecay_regime,0.0,4,10,0.751,1.0,5.678133010864258,-0.1631997794114376
sea,adadecay_regime,0.0,4,11,0.884,1.0,5.692085266113281,-0.06453606586324298
sea,adadecay_regime,0.0,4,12,0.902,1.0,5.750109672546387,0.038522766583516284
sea,adadecay_regime,0.0,4,13,0.906,1.0,5.796552658081055,0.07535087570951876
sea,adadecay_regime,0.0,4,14,0.892,1.0,5.790319442749023,0.03020785839212879
sea,adadecay_regime,0.0,4,15,0.737,1.0,5.761967658996582,-0.018898924897979046
sea,adadecay_regime,0.0,4,16,0.884,1.0,5.8078179359436035,0.04581025434650111
sea,adadecay_regime,0.0,4,17,0.887,1.0,5.843425750732422,0.06548161533391092
sea,adadecay_regime,0.0,4,18,0.886,1.0,5.934303283691406,0.1407414918208742
sea,adadecay_regime,0.0,4,19,0.89,1.0,6.0566792488098145,0.21357763144920228
sea,ctrl,0.0,0,0,0.351,0.0,6.79775333404541,0.4438427974161485
sea,ctrl,0.0,0,1,0.861,0.24398045754847586,6.8193464279174805,0.24398045754847586
sea,ctrl,0.0,0,2,0.888,0.40478782834866345,6.85746431350708,0.16080737080018756
sea,ctrl,0.0,0,3,0.867,0.3101581241573729,6.6846232414245605,-0.0946297041912905
sea,ctrl,0.0,0,4,0.887,0.2888740325144562,6.709680080413818,-0.021284091642916742
sea,ctrl,0.0,0,5,0.795,0.24068884435559984,6.67340612411499,-0.04818518815885636
sea,ctrl,0.0,0,6,0.886,0.31008550289589315,6.763246536254883,0.0693966585402933
sea,ctrl,0.0,0,7,0.871,0.2837644219263161,6.703819274902344,-0.02632108096957702
sea,ctrl,0.0,0,8,0.882,0.354391584015835,6.784703731536865,0.07062716208951886
sea,ctrl,0.0,0,9,0.914,0.3947380802871301,6.789620876312256,0.04034649627129512
sea,ctrl,0.0,0,10,0.765,0.0650668577294174,6.44757604598999,-0.3296712225577127
sea,ctrl,0.0,0,11,0.908,0.05853003019506247,6.59454870223999,-0.006536827534354923
sea,ctrl,0.0,0,12,0.88,0.0,6.528825283050537,-0.07247900783026942
sea,ctrl,0.0,0,13,0.893,0.09415554905076279,6.651416301727295,0.09415554905076279
sea,ctrl,0.0,0,14,0.901,0.20781351589678113,6.715187072753906,0.11365796684601834
sea,ctrl,0.0,0,15,0.721,0.21076558314031493,6.663088798522949,0.0029520672435338
sea,ctrl,0.0,0,16,0.879,0.20164070514829102,6.652917385101318,-0.009124877992023923
sea,ctrl,0.0,0,17,0.89,0.2575098860288339,6.710812091827393,0.05586918088054287
sea,ctrl,0.0,0,18,0.876,0.34203391078531353,6.76549768447876,0.08452402475647966
sea,ctrl,0.0,0,19,0.904,0.45946997550110075,6.8387346267700195,0.11743606471578723
sea,ctrl,0.0,1,0,0.652,0.0,7.0463995933532715,0.5237761108249848
sea,ctrl,0.0,1,1,0.875,0.457723803191958,7.245110511779785,0.457723803191958
sea,ctrl,0.0,1,2,0.876,0.5498389854002333,7.102443218231201,0.09211518220827537
sea,ctrl,0.0,1,3,0.885,0.3779566245326135,6.879544734954834,-0.17188236086761982
sea,ctrl,0.0,1,4,0.899,0.2752640057778195,6.862949848175049,-0.10269261875479402
sea,ctrl,0.0,1,5,0.817,0.18764435683351105,6.827102184295654,-0.08761964894430845
sea,ctrl,0.0,1,6,0.891,0.16939916129151353,6.852234840393066,-0.018245195541997515
sea,ctrl,0.0,1,7,0.881,0.1776944835428746,6.869421482086182,0.008295322251361061
sea,ctrl,0.0,1,8,0.896,0.2383247842788159,6.925293922424316,0.0606303007359413
sea,ctrl,0.0,1,9,0.877,0.2690635806470105,6.925716400146484,0.030738796368194623
sea,ctrl,0.0,1,10,0.768,0.25130550003162805,6.892678260803223,-0.017758080615382473
sea,ctrl,0.0,1,11,0.858,0.2837751067343996,6.933718681335449,0.03246960670277156
sea,ctrl,0.0,1,12,0.893,0.24112494006090848,6.874924659729004,-0.042650166673491106
sea,ctrl,0.0,1,13,0.887,0.1972057159383463,6.8525567054748535,-0.043919224122562175
sea,ctrl,0.0,1,14,0.896,0.2302513441520932,6.906834125518799,0.0330456282137469
sea,ctrl,0.0,1,15,0.762,0.10220571537938411,6.7630486488342285,-0.12804562877270909
sea,ctrl,0.0,1,16,0.883,0.05010384212228041,6.774658203125,-0.0521018732571037
sea,ctrl,0.0,1,17,0.886,0.2040147365757029,6.950220108032227,0.1539108944534225
sea,ctrl,0.0,1,18,0.886,0.32262827072126804,6.991912841796875,0.11861353414556512
sea,ctrl,0.0,1,19,0.892,0.4486013263385554,7.059034824371338,0.12597305561728733
sea,ctrl,0.0,2,0,0.667,0.0,6.614886283874512,0.5239189328044592
sea,ctrl,0.0,2,1,0.881,0.3198581119627758,6.670037269592285,0.3198581119627758
sea,ctrl,0.0,2,2,0.885,0.4246271157416375,6.617056846618652,0.10476900377886167
sea,ctrl,0.0,2,3,0.87,0.3583278021088966,6.503968238830566,-0.06629931363274086
sea,ctrl,0.0,2,4,0.886,0.2491685128677134,6.432779788970947,-0.10915928924118316
sea,ctrl,0.0,2,5,0.823,0.25442153523171446,6.488204002380371,0.005253022364001043
sea,ctrl,0.0,2,6,0.883,0.2754319980063653,6.505380153656006,0.02101046277465084
sea,ctrl,0.0,2,7,0.897,0.25116810351580643,6.472809314727783,-0.024263894490558865
sea,ctrl,0.0,2,8,0.877,0.20486763143773448,6.4409613609313965,-0.04630047207807194
sea,ctrl,0.0,2,9,0.891,0.23931685068779168,6.494384765625,0.034449219250057186
sea,ctrl,0.0,2,10,0.781,0.03967696681662966,6.291574954986572,-0.19963988387116202
sea,ctrl,0.0,2,11,0.875,0.024373169500455552,6.36814546585083,-0.015303797316174107
sea,ctrl,0.0,2,12,0.901,0.0811094980091738,6.42719030380249,0.05673632850871826
sea,ctrl,0.0,2,13,0.894,0.17042782303251075,6.483600616455078,0.08931832502333693
sea,ctrl,0.0,2,14,0.896,0.20429526125900183,6.473525047302246,0.03386743822649107
sea,ctrl,0.0,2,15,0.725,0.2511424441115204,6.501410007476807,0.04684718285251859
sea,ctrl,0.0,2,16,0.89,0.19342147034932203,6.425442218780518,-0.05772097376219839
sea,ctrl,0.0,2,17,0.899,0.2151124475766476,6.47221565246582,0.021690977227325586
sea,ctrl,0.0,2,18,0.903,0.31003280322013016,6.550573348999023,0.09492035564348256
sea,ctrl,0.0,2,19,0.883,0.3389236393935523,6.53305721282959,0.028890836173422144
sea,ctrl,0.0,3,0,0.424,0.0,6.842721939086914,0.43375514863661024
sea,ctrl,0.0,3,1,0.865,0.3496285622778111,6.9735283851623535,0.3496285622778111
sea,ctrl,0.0,3,2,0.887,0.45172882521197955,6.900509834289551,0.10210026293416846
sea,ctrl,0.0,3,3,0.886,0.35667150926484786,6.755326747894287,-0.09505731594713168
sea,ctrl,0.0,3,4,0.87,0.20976148453983254,6.658651828765869,-0.14691002472501533
sea,ctrl,0.0,3,5,0.824,0.20253035594935126,6.7221503257751465,-0.007231128590481265
sea,ctrl,0.0,3,6,0.868,0.1675944325444471,6.691832542419434,-0.034935923404904166
sea,ctrl,0.0,3,7,0.889,0.20414787204579574,6.743888854980469,0.03655343950134864
sea,ctrl,0.0,3,8,0.891,0.26649981838740816,6.786691188812256,0.06235194634161244
sea,ctrl,0.0,3,9,0.898,0.2900891079231397,6.7792768478393555,0.023589289535731556
sea,ctrl,0.0,3,10,0.774,0.0577326373646842,6.540932655334473,-0.23235647055845549
sea,ctrl,0.0,3,11,0.893,0.0035157636947721616,6.5992937088012695,-0.05421687366991204
sea,ctrl,0.0,3,12,0.889,0.0027751694444472313,6.6243510246276855,-0.0007405942503249303
sea,ctrl,0.0,3,13,0.886,0.0764638380724051,6.694996356964111,0.07368866862795787
sea,ctrl,0.0,3,14,0.887,0.16087320929468513,6.7408528327941895,0.08440937122228004
sea,ctrl,0.0,3,15,0.705,0.1570080368195637,6.696133613586426,-0.0038651724751214075
sea,ctrl,0.0,3,16,0.887,0.18615897303939827,6.726105690002441,0.02915093621983456
sea,ctrl,0.0,3,17,0.899,0.2249416167150267,6.749551773071289,0.03878264367562843
sea,ctrl,0.0,3,18,0.884,0.20938806961272632,6.715587615966797,-0.015553547102300353
sea,ctrl,0.0,3,19,0.909,0.325557103603678,6.835448741912842,0.1161690339909517
sea,ctrl,0.0,4,0,0.391,0.0,6.651888370513916,0.5549361237807081
sea,ctrl,0.0,4,1,0.888,0.41425101010238274,6.782908916473389,0.41425101010238274
sea,ctrl,0.0,4,2,0.886,0.4470530205041686,6.612640380859375,0.03280201040178585
sea,ctrl,0.0,4,3,0.871,0.2483385313667186,6.407803058624268,-0.19871448913745002
sea,ctrl,0.0,4,4,0.894,0.20620906489119967,6.46060848236084,-0.042129466475518934
sea,ctrl,0.0,4,5,0.819,0.13204286614628408,6.4112067222595215,-0.07416619874491558
sea,ctrl,0.0,4,6,0.877,0.25999141048010876,6.563566207885742,0.12794854433382466
sea,ctrl,0.0,4,7,0.881,0.3615883292562027,6.599125385284424,0.10159691877609393
sea,ctrl,0.0,4,8,0.875,0.4187048151380867,6.605129241943359,0.05711648588188399
sea,ctrl,0.0,4,9,0.882,0.4382235230401058,6.596531391143799,0.01951870790201907
sea,ctrl,0.0,4,10,0.749,0.26788470836690165,6.4254560470581055,-0.17033881467320416
sea,ctrl,0.0,4,11,0.88,0.15097118757022898,6.396084308624268,-0.11691352079667265
sea,ctrl,0.0,4,12,0.9,0.20845379049397983,6.50286865234375,0.05748260292375084
sea,ctrl,0.0,4,13,0.907,0.29845385797832813,6.560232162475586,0.09000006748434831
sea,ctrl,0.0,4,14,0.89,0.3042342321811742,6.523182392120361,0.00578037420284604
sea,ctrl,0.0,4,15,0.737,0.22366989414068553,6.444790363311768,-0.08056433804048865
sea,ctrl,0.0,4,16,0.875,0.08476994018886111,6.353268146514893,-0.13889995395182442
sea,ctrl,0.0,4,17,0.886,0.05892311584440339,6.39315938949585,-0.025846824344457717
sea,ctrl,0.0,4,18,0.882,0.14037370250131617,6.48004150390625,0.08145058665691278
sea,ctrl,0.0,4,19,0.891,0.2846874643524264,6.57670259475708,0.14431376185111022
sea,fixed,0.01,0,0,0.351,0.01,6.793268203735352,0.43896803520877037
sea,fixed,0.01,0,1,0.861,0.01,6.811199188232422,0.23781403519527203
sea,fixed,0.01,0,2,0.888,0.01,6.951168060302734,0.2616140548140795
sea,fixed,0.01,0,3,0.867,0.01,6.939298629760742,0.1189490777400229
sea,fixed,0.01,0,4,0.888,0.01,7.070964336395264,0.19123788178775936
sea,fixed,0.01,0,5,0.796,0.01,7.136734962463379,0.1602127412692235
sea,fixed,0.01,0,6,0.888,0.01,7.3001604080200195,0.23912851920054085
sea,fixed,0.01,0,7,0.87,0.01,7.359875202178955,0.1763693224167709
sea,fixed,0.01,0,8,0.885,0.01,7.515404224395752,0.23493479278173096
sea,fixed,0.01,0,9,0.914,0.01,7.635740756988525,0.228661730092147
sea,fixed,0.01,0,10,0.764,0.01,7.484226226806641,-0.02346640582264505
sea,fixed,0.01,0,11,0.905,0.01,7.574223518371582,0.07177325086002302
sea,fixed,0.01,0,12,0.88,0.01,7.538950443267822,0.003546424503988784
sea,fixed,0.01,0,13,0.893,0.01,7.6123480796813965,0.06938286325887842
sea,fixed,0.01,0,14,0.903,0.01,7.681130409240723,0.09743883379554436
sea,fixed,0.01,0,15,0.721,0.01,7.686668872833252,0.053726694560916916
sea,fixed,0.01,0,16,0.871,0.01,7.700445175170898,0.03930941043426006
sea,fixed,0.01,0,17,0.886,0.01,7.8047566413879395,0.11372526420226224
sea,fixed,0.01,0,18,0.875,0.01,7.927063941955566,0.16568809495255216
sea,fixed,0.01,0,19,0.905,0.01,8.088220596313477,0.2240241163183617
sea,fixed,0.01,1,0,0.652,0.01,7.04168176651001,0.5187758591446402
sea,fixed,0.01,1,1,0.875,0.01,7.236252307891846,0.4512716812035896
sea,fixed,0.01,1,2,0.876,0.01,7.2997331619262695,0.2865567766569271
sea,fixed,0.01,1,3,0.886,0.01,7.29836368560791,0.1419755664307494
sea,fixed,0.01,1,4,0.897,0.01,7.410556316375732,0.17773986149005547
sea,fixed,0.01,1,5,0.818,0.01,7.465512275695801,0.14036925010732354
sea,fixed,0.01,1,6,0.889,0.01,7.546036720275879,0.14508873225424965
sea,fixed,0.01,1,7,0.884,0.01,7.623222351074219,0.14357653107116233
sea,fixed,0.01,1,8,0.896,0.01,7.725186347961426,0.16467330536612523
sea,fixed,0.01,1,9,0.878,0.01,7.808671474456787,0.15738439868822776
sea,fixed,0.01,1,10,0.77,0.01,7.8705058097839355,0.13368300128054028
sea,fixed,0.01,1,11,0.853,0.01,7.981307029724121,0.16460560054026296
sea,fixed,0.01,1,12,0.892,0.01,8.04376220703125,0.136644339501986
sea,fixed,0.01,1,13,0.888,0.01,8.112196922302246,0.12740411002209243
sea,fixed,0.01,1,14,0.895,0.01,8.225635528564453,0.1608111496974999
sea,fixed,0.01,1,15,0.762,0.01,8.18466854095459,0.04581943636437745
sea,fixed,0.01,1,16,0.869,0.01,8.157039642333984,-0.0005325691348711765
sea,fixed,0.01,1,17,0.883,0.01,8.297246932983398,0.11909831132929546
sea,fixed,0.01,1,18,0.885,0.01,8.37487506866455,0.1245206190810869
sea,fixed,0.01,1,19,0.89,0.01,8.51358699798584,0.17728020882924822
sea,fixed,0.01,2,0,0.667,0.01,6.610714912414551,0.5192093555709982
sea,fixed,0.01,2,1,0.881,0.01,6.662333965301514,0.31382962165278355
sea,fixed,0.01,2,2,0.884,0.01,6.7408766746521,0.23878333984969252
sea,fixed,0.01,2,3,0.87,0.01,6.787984371185303,0.16792197203090167
sea,fixed,0.01,2,4,0.888,0.01,6.837724208831787,0.1348473051822892
sea,fixed,0.01,2,5,0.823,0.01,6.965958118438721,0.19765898147570538
sea,fixed,0.01,2,6,0.883,0.01,7.054778575897217,0.18737563498151402
sea,fixed,0.01,2,7,0.896,0.01,7.106795310974121,0.14489103004189718
sea,fixed,0.01,2,8,0.879,0.01,7.160787105560303,0.12520389647884214
sea,fixed,0.01,2,9,0.892,0.01,7.275708198547363,0.17405102974104453
sea,fixed,0.01,2,10,0.779,0.01,7.178794860839844,-0.005475348450223595
sea,fixed,0.01,2,11,0.872,0.01,7.232714653015137,0.04942191641312162
sea,fixed,0.01,2,12,0.901,0.01,7.297097682952881,0.08652791021105047
sea,fixed,0.01,2,13,0.894,0.01,7.382654666900635,0.12468615166558152
sea,fixed,0.01,2,14,0.895,0.01,7.4417009353637695,0.11788455101953131
sea,fixed,0.01,2,15,0.726,0.01,7.54888916015625,0.15896815381839413
sea,fixed,0.01,2,16,0.887,0.01,7.535741806030273,0.0673894404160339
sea,fixed,0.01,2,17,0.902,0.01,7.621427536010742,0.1126570582030355
sea,fixed,0.01,2,18,0.905,0.01,7.754083156585693,0.17720084376609035
sea,fixed,0.01,2,19,0.883,0.01,7.831798076629639,0.15820077744425476
sea,fixed,0.01,3,0,0.424,0.01,6.838278770446777,0.42896427954321886
sea,fixed,0.01,3,1,0.865,0.01,6.965396404266357,0.3435733008082487
sea,fixed,0.01,3,2,0.887,0.01,7.04430627822876,0.25045916292822024
sea,fixed,0.01,3,3,0.887,0.01,7.079472064971924,0.15989684928831
sea,fixed,0.01,3,4,0.87,0.01,7.112771987915039,0.1126132141595903
sea,fixed,0.01,3,5,0.823,0.01,7.23724889755249,0.177837704247255
sea,fixed,0.01,3,6,0.868,0.01,7.281816005706787,0.13168286521867031
sea,fixed,0.01,3,7,0.888,0.01,7.3833465576171875,0.16266800397599598
sea,fixed,0.01,3,8,0.893,0.01,7.493833541870117,0.18525310127326766
sea,fixed,0.01,3,9,0.897,0.01,7.576360702514648,0.16910346716427152
sea,fixed,0.01,3,10,0.774,0.01,7.465087413787842,-0.01744066119090585
sea,fixed,0.01,3,11,0.885,0.01,7.492117404937744,0.016424488409292268
sea,fixed,0.01,3,12,0.889,0.01,7.5037736892700195,0.019016455430804362
sea,fixed,0.01,3,13,0.885,0.01,7.563469886779785,0.06475468693949743
sea,fixed,0.01,3,14,0.885,0.01,7.631293296813965,0.09464980704342271
sea,fixed,0.01,3,15,0.705,0.01,7.651337623596191,0.0655651556456283
sea,fixed,0.01,3,16,0.885,0.01,7.72125244140625,0.09623809266351795
sea,fixed,0.01,3,17,0.898,0.01,7.810482025146484,0.1283715561139706
sea,fixed,0.01,3,18,0.883,0.01,7.844327926635742,0.0942787968754816
sea,fixed,0.01,3,19,0.907,0.01,8.005364418029785,0.18970214931621696
sea,fixed,0.01,4,0,0.391,0.01,6.647643566131592,0.5501505047613295
sea,fixed,0.01,4,1,0.889,0.01,6.77508544921875,0.4082071010109049
sea,fixed,0.01,4,2,0.887,0.01,6.776316165924072,0.20536503183303403
sea,fixed,0.01,4,3,0.871,0.01,6.736901760101318,0.06229019288364739
sea,fixed,0.01,4,4,0.895,0.01,6.859273910522461,0.15728714666134727
sea,fixed,0.01,4,5,0.82,0.01,6.881041526794434,0.10068147469757838
sea,fixed,0.01,4,6,0.877,0.01,7.058099746704102,0.22903039745429057
sea,fixed,0.01,4,7,0.882,0.01,7.184084892272949,0.23847162830814297
sea,fixed,0.01,4,8,0.874,0.01,7.317841053009033,0.2485302533571566
sea,fixed,0.01,4,9,0.882,0.01,7.447458744049072,0.24726900827757392
sea,fixed,0.01,4,10,0.748,0.01,7.422835826873779,0.10067466155884809
sea,fixed,0.01,4,11,0.881,0.01,7.443434238433838,0.06960820353734341
sea,fixed,0.01,4,12,0.901,0.01,7.571709156036377,0.1544797797382312
sea,fixed,0.01,4,13,0.908,0.01,7.688523292541504,0.18437676802545339
sea,fixed,0.01,4,14,0.89,0.01,7.750784397125244,0.14842399199363845
sea,fixed,0.01,4,15,0.737,0.01,7.782533645629883,0.10265826428355827
sea,fixed,0.01,4,16,0.865,0.01,7.730898380279541,0.005254389914239688
sea,fixed,0.01,4,17,0.885,0.01,7.760352611541748,0.02908508673020934
sea,fixed,0.01,4,18,0.879,0.01,7.831054210662842,0.07781071580607457
sea,fixed,0.01,4,19,0.892,0.01,7.943410396575928,0.13854089484014587
sea,fixed,0.0,0,0,0.351,0.0,6.79775333404541,0.4438427974161485
sea,fixed,0.0,0,1,0.861,0.0,6.8193464279174805,0.24398045754847586
sea,fixed,0.0,0,2,0.888,0.0,6.962977886199951,0.26825654521090175
sea,fixed,0.0,0,3,0.867,0.0,6.955264091491699,0.1264350097970963
sea,fixed,0.0,0,4,0.888,0.0,7.0915327072143555,0.19927414041362654
sea,fixed,0.0,0,5,0.796,0.0,7.160684108734131,0.16735417537096883
sea,fixed,0.0,0,6,0.888,0.0,7.328122615814209,0.246059255732793
sea,fixed,0.0,0,7,0.87,0.0,7.392331123352051,0.18387637359291187
sea,fixed,0.0,0,8,0.885,0.0,7.549945831298828,0.24000333224238415
sea,fixed,0.0,0,9,0.914,0.0,7.673600673675537,0.23373946005497323
sea,fixed,0.0,0,10,0.764,0.0,7.528616905212402,-0.014337478720326372
sea,fixed,0.0,0,11,0.904,0.0,7.620448589324951,0.07753739412867984
sea,fixed,0.0,0,12,0.881,0.0,7.58898401260376,0.010095318791788531
sea,fixed,0.0,0,13,0.893,0.0,7.6621198654174805,0.07197201526729732
sea,fixed,0.0,0,14,0.902,0.0,7.731586456298828,0.09894598340976793
sea,fixed,0.0,0,15,0.721,0.0,7.739289283752441,0.05639160506051331
sea,fixed,0.0,0,16,0.873,0.0,7.759150981903076,0.04601765339050965
sea,fixed,0.0,0,17,0.886,0.0,7.866810321807861,0.1193639957901696
sea,fixed,0.0,0,18,0.875,0.0,7.99479341506958,0.17265936033641002
sea,fixed,0.0,0,19,0.902,0.0,8.158855438232422,0.22883737813446373
sea,fixed,0.0,1,0,0.652,0.0,7.0463995933532715,0.5237761108249848
sea,fixed,0.0,1,1,0.875,0.0,7.245110511779785,0.457723803191958
sea,fixed,0.0,1,2,0.876,0.0,7.313438415527344,0.2943542541016746
sea,fixed,0.0,1,3,0.886,0.0,7.316620349884033,0.1501985193304225
sea,fixed,0.0,1,4,0.897,0.0,7.431230545043945,0.18387955644081902
sea,fixed,0.0,1,5,0.818,0.0,7.492257595062256,0.14896922386761444
sea,fixed,0.0,1,6,0.889,0.0,7.577193260192871,0.15321001617513252
sea,fixed,0.0,1,7,0.884,0.0,7.659597873687744,0.1521282580206716
sea,fixed,0.0,1,8,0.896,0.0,7.7644124031066895,0.1710924436194836
sea,fixed,0.0,1,9,0.878,0.0,7.853168487548828,0.16492913780067425
sea,fixed,0.0,1,10,0.77,0.0,7.920945644378662,0.14239893818750746
sea,fixed,0.0,1,11,0.853,0.0,8.037355422973633,0.17325814700129072
sea,fixed,0.0,1,12,0.891,0.0,8.106983184814453,0.14678892689128115
sea,fixed,0.0,1,13,0.889,0.0,8.181356430053711,0.1371026096133109
sea,fixed,0.0,1,14,0.895,0.0,8.299622535705566,0.16893715248138083
sea,fixed,0.0,1,15,0.761,0.0,8.265488624572754,0.0559081147843261
sea,fixed,0.0,1,16,0.872,0.0,8.248527526855469,0.013703792687388337
sea,fixed,0.0,1,17,0.883,0.0,8.396045684814453,0.13104759662565224
sea,fixed,0.0,1,18,0.886,0.0,8.485478401184082,0.13949439752810375
sea,fixed,0.0,1,19,0.89,0.0,8.631285667419434,0.1890746440883257
sea,fixed,0.0,2,0,0.667,0.0,6.614886283874512,0.5239189328044592
sea,fixed,0.0,2,1,0.881,0.0,6.670037269592285,0.3198581119627758
sea,fixed,0.0,2,2,0.885,0.0,6.752358913421631,0.24563743496666648
sea,fixed,0.0,2,3,0.87,0.0,6.803157806396484,0.1750626954214576
sea,fixed,0.0,2,4,0.888,0.0,6.857298851013184,0.1427967828519357
sea,fixed,0.0,2,5,0.823,0.0,6.986866474151611,0.20261261735261687
sea,fixed,0.0,2,6,0.884,0.0,7.080142974853516,0.19401646415056473
sea,fixed,0.0,2,7,0.895,0.0,7.138010501861572,0.15376666589110444
sea,fixed,0.0,2,8,0.877,0.0,7.200335502624512,0.13751822626565224
sea,fixed,0.0,2,9,0.893,0.0,7.315000534057617,0.17934909053281275
sea,fixed,0.0,2,10,0.782,0.0,7.213564872741699,-0.006622688262712882
sea,fixed,0.0,2,11,0.874,0.0,7.281981945037842,0.06255325485594765
sea,fixed,0.0,2,12,0.901,0.0,7.36295747756958,0.1084987478987711
sea,fixed,0.0,2,13,0.894,0.0,7.453334331512451,0.13948917645833897
sea,fixed,0.0,2,14,0.898,0.0,7.507706165313721,0.1204040867007498
sea,fixed,0.0,2,15,0.726,0.0,7.629716396331787,0.17305852072201908
sea,fixed,0.0,2,16,0.883,0.0,7.618091106414795,0.07594810953108934
sea,fixed,0.0,2,17,0.903,0.0,7.70576286315918,0.11789324128531238
sea,fixed,0.0,2,18,0.905,0.0,7.8505778312683105,0.18945407572743753
sea,fixed,0.0,2,19,0.881,0.0,7.938258647918701,0.1722875147049131
sea,fixed,0.0,3,0,0.424,0.0,6.842721939086914,0.43375514863661024
sea,fixed,0.0,3,1,0.865,0.0,6.9735283851623535,0.3496285622778111
sea,fixed,0.0,3,2,0.887,0.0,7.056061267852783,0.2570029504935673
sea,fixed,0.0,3,3,0.887,0.0,7.095006942749023,0.16683108512424985
sea,fixed,0.0,3,4,0.87,0.0,7.13277006149292,0.12037729359098327
sea,fixed,0.0,3,5,0.823,0.0,7.261689186096191,0.18570393621536674
sea,fixed,0.0,3,6,0.868,0.0,7.3084821701049805,0.13760068559079264
sea,fixed,0.0,3,7,0.888,0.0,7.415308475494385,0.1703055973359867
sea,fixed,0.0,3,8,0.893,0.0,7.529635906219482,0.19222056176512758
sea,fixed,0.0,3,9,0.897,0.0,7.617101192474365,0.17677790263472212
sea,fixed,0.0,3,10,0.774,0.0,7.513027667999268,-0.006493969441103329
sea,fixed,0.0,3,11,0.888,0.0,7.541711807250977,0.023266349220519903
sea,fixed,0.0,3,12,0.889,0.0,7.553766250610352,0.02273296393625707
sea,fixed,0.0,3,13,0.885,0.0,7.616946220397949,0.06945006248084838
sea,fixed,0.0,3,14,0.887,0.0,7.689559459686279,0.10092723243471691
sea,fixed,0.0,3,15,0.705,0.0,7.717304706573486,0.07552036057517374
sea,fixed,0.0,3,16,0.886,0.0,7.795003414154053,0.10767764224016552
sea,fixed,0.0,3,17,0.898,0.0,7.885745525360107,0.1346795233701603
sea,fixed,0.0,3,18,0.883,0.0,7.924843788146973,0.1017709658019847
sea,fixed,0.0,3,19,0.904,0.0,8.088193893432617,0.19402719792720255
sea,fixed,0.0,4,0,0.391,0.0,6.651888370513916,0.5549361237807081
sea,fixed,0.0,4,1,0.888,0.0,6.782908916473389,0.41425101010238274
sea,fixed,0.0,4,2,0.886,0.0,6.787670612335205,0.21200060108755575
sea,fixed,0.0,4,3,0.871,0.0,6.750754356384277,0.0682313952462544
sea,fixed,0.0,4,4,0.895,0.0,6.878011226654053,0.16502377383337244
sea,fixed,0.0,4,5,0.82,0.0,6.905879974365234,0.11064981281400392
sea,fixed,0.0,4,6,0.876,0.0,7.089582443237305,0.24005322403265708
sea,fixed,0.0,4,7,0.881,0.0,7.2221479415893555,0.2498782282330107
sea,fixed,0.0,4,8,0.874,0.0,7.362513065338135,0.2599069674053595
sea,fixed,0.0,4,9,0.882,0.0,7.500037670135498,0.2596689720534602
sea,fixed,0.0,4,10,0.748,0.0,7.476623058319092,0.10815439879267408
sea,fixed,0.0,4,11,0.881,0.0,7.49873161315918,0.07461208923047032
sea,fixed,0.0,4,12,0.903,0.0,7.630491733551025,0.15932679202385944
sea,fixed,0.0,4,13,0.908,0.0,7.753293037414551,0.1914237991633813
sea,fixed,0.0,4,14,0.89,0.0,7.818419456481934,0.1540441200841939
sea,fixed,0.0,4,15,0.737,0.0,7.8570170402526855,0.11130504750237233
sea,fixed,0.0,4,16,0.865,0.0,7.813994407653809,0.017626860779351893
sea,fixed,0.0,4,17,0.885,0.0,7.851712226867676,0.042333968853295344
sea,fixed,0.0,4,18,0.88,0.0,7.926294803619385,0.08713152130860025
sea,fixed,0.0,4,19,0.891,0.0,8.039608001708984,0.14284256380779026
sea,fixed,0.1,0,0,0.351,0.1,6.753989219665527,0.3962768102384784
sea,fixed,0.1,0,1,0.861,0.1,6.739087104797363,0.18281606665512712
sea,fixed,0.1,0,2,0.888,0.1,6.845299243927002,0.2008567298707801
sea,fixed,0.1,0,3,0.867,0.1,6.796300888061523,0.05072033201356253
sea,fixed,0.1,0,4,0.888,0.1,6.895946979522705,0.1271783105615136
sea,fixed,0.1,0,5,0.795,0.1,6.927619934082031,0.09548485778278586
sea,fixed,0.1,0,6,0.888,0.1,7.0592803955078125,0.17972264267347018
sea,fixed,0.1,0,7,0.871,0.1,7.08140230178833,0.11162336230453662
sea,fixed,0.1,0,8,0.884,0.1,7.211014270782471,0.18291688993096347
sea,fixed,0.1,0,9,0.914,0.1,7.29870080947876,0.17590347220238486
sea,fixed,0.1,0,10,0.765,0.1,7.088971138000488,-0.1115983057419743
sea,fixed,0.1,0,11,0.906,0.1,7.1626296043396,0.01635759842580905
sea,fixed,0.1,0,12,0.88,0.1,7.083972930908203,-0.06808186607378365
sea,fixed,0.1,0,13,0.893,0.1,7.135226249694824,0.01620288189273539
sea,fixed,0.1,0,14,0.903,0.1,7.179422855377197,0.05111631700686281
sea,fixed,0.1,0,15,0.721,0.1,7.152927398681641,-7.011702217616201e-05
sea,fixed,0.1,0,16,0.875,0.1,7.149016857147217,-0.0038316213614953474
sea,fixed,0.1,0,17,0.888,0.1,7.226423263549805,0.07327557572217792
sea,fixed,0.1,0,18,0.875,0.1,7.325202941894531,0.1315630314411314
sea,fixed,0.1,0,19,0.904,0.1,7.467866897583008,0.2010299071114726
sea,fixed,0.1,1,0,0.652,0.1,7.000348091125488,0.4749678122063636
sea,fixed,0.1,1,1,0.875,0.1,7.160506725311279,0.39636353936186886
sea,fixed,0.1,1,2,0.876,0.1,7.187842845916748,0.22469304578940452
sea,fixed,0.1,1,3,0.885,0.1,7.147202968597412,0.07308281383441714
sea,fixed,0.1,1,4,0.898,0.1,7.223843097686768,0.11100733729786628
sea,fixed,0.1,1,5,0.818,0.1,7.243456840515137,0.0743588051153976
sea,fixed,0.1,1,6,0.89,0.1,7.290009498596191,0.08181035086083886
sea,fixed,0.1,1,7,0.883,0.1,7.328897476196289,0.0779497636511405
sea,fixed,0.1,1,8,0.894,0.1,7.399140357971191,0.10553302262202055
sea,fixed,0.1,1,9,0.879,0.1,7.44669771194458,0.09740134544240223
sea,fixed,0.1,1,10,0.77,0.1,7.4720683097839355,0.07236011399744904
sea,fixed,0.1,1,11,0.857,0.1,7.556018829345703,0.11420259306353753
sea,fixed,0.1,1,12,0.892,0.1,7.572601318359375,0.07234162034605063
sea,fixed,0.1,1,13,0.887,0.1,7.594143867492676,0.055926377561104024
sea,fixed,0.1,1,14,0.896,0.1,7.6712541580200195,0.09847648665922895
sea,fixed,0.1,1,15,0.763,0.1,7.588366985321045,-0.025795819433545537
sea,fixed,0.1,1,16,0.878,0.1,7.54376745223999,-0.053712880886278236
sea,fixed,0.1,1,17,0.884,0.1,7.6639323234558105,0.08376179873444728
sea,fixed,0.1,1,18,0.886,0.1,7.716306686401367,0.08933837138526153
sea,fixed,0.1,1,19,0.89,0.1,7.836360931396484,0.1527144032521496
sea,fixed,0.1,2,0,0.667,0.1,6.572981357574463,0.4766072779286264
sea,fixed,0.1,2,1,0.882,0.1,6.591404438018799,0.25776787470168844
sea,fixed,0.1,2,2,0.885,0.1,6.636367321014404,0.1762550622698368
sea,fixed,0.1,2,3,0.87,0.1,6.6501288414001465,0.10252789645032925
sea,fixed,0.1,2,4,0.886,0.1,6.669589519500732,0.07158590004651635
sea,fixed,0.1,2,5,0.824,0.1,6.76530122756958,0.1354489539532651
sea,fixed,0.1,2,6,0.883,0.1,6.824780464172363,0.12877870653594528
sea,fixed,0.1,2,7,0.898,0.1,6.846353530883789,0.08634067669298714
sea,fixed,0.1,2,8,0.878,0.1,6.872058391571045,0.06924348461181111
sea,fixed,0.1,2,9,0.893,0.1,6.957193374633789,0.12065348512156861
sea,fixed,0.1,2,10,0.779,0.1,6.798887252807617,-0.09768928617939913
sea,fixed,0.1,2,11,0.876,0.1,6.833074569702148,-0.013925410860835282
sea,fixed,0.1,2,12,0.901,0.1,6.867312908172607,0.02783367165471005
sea,fixed,0.1,2,13,0.894,0.1,6.923264026641846,0.07049637996778522
sea,fixed,0.1,2,14,0.896,0.1,6.941299915313721,0.05333925604839967
sea,fixed,0.1,2,15,0.726,0.1,7.010602951049805,0.09600405923624784
sea,fixed,0.1,2,16,0.887,0.1,6.963327884674072,0.0011730943117121836
sea,fixed,0.1,2,17,0.901,0.1,7.029817581176758,0.06689593415270545
sea,fixed,0.1,2,18,0.904,0.1,7.148622035980225,0.15080960933918972
sea,fixed,0.1,2,19,0.883,0.1,7.215466499328613,0.14034006908910643
sea,fixed,0.1,3,0,0.424,0.1,6.797500133514404,0.3849945077040114
sea,fixed,0.1,3,1,0.865,0.1,6.8898420333862305,0.28683534593861987
sea,fixed,0.1,3,2,0.887,0.1,6.933847427368164,0.18777181233601323
sea,fixed,0.1,3,3,0.886,0.1,6.933314800262451,0.0933524650469014
sea,fixed,0.1,3,4,0.87,0.1,6.929808139801025,0.04316394302536301
sea,fixed,0.1,3,5,0.824,0.1,7.021146297454834,0.11311304260275394
sea,fixed,0.1,3,6,0.868,0.1,7.024962425231934,0.060330960149143506
sea,fixed,0.1,3,7,0.888,0.1,7.092655181884766,0.09708236295758617
sea,fixed,0.1,3,8,0.892,0.1,7.1665143966674805,0.12085700688065369
sea,fixed,0.1,3,9,0.897,0.1,7.214384078979492,0.10681484008726182
sea,fixed,0.1,3,10,0.773,0.1,7.055738925933838,-0.09930172874092072
sea,fixed,0.1,3,11,0.89,0.1,7.051785945892334,-0.05354149164229985
sea,fixed,0.1,3,12,0.889,0.1,7.027778148651123,-0.05041309904262954
sea,fixed,0.1,3,13,0.885,0.1,7.0573883056640625,0.004052497366366604
sea,fixed,0.1,3,14,0.887,0.1,7.092523097991943,0.03659875664511676
sea,fixed,0.1,3,15,0.707,0.1,7.073166370391846,-0.0006532169087721362
sea,fixed,0.1,3,16,0.887,0.1,7.116666316986084,0.04238169877905601
sea,fixed,0.1,3,17,0.898,0.1,7.174196243286133,0.07732856321349306
sea,fixed,0.1,3,18,0.884,0.1,7.161115646362305,0.026002587452130733
sea,fixed,0.1,3,19,0.908,0.1,7.304647445678711,0.15219030498999042
sea,fixed,0.1,4,0,0.391,0.1,6.609644889831543,0.507310559351842
sea,fixed,0.1,4,1,0.888,0.1,6.705647945404053,0.35452119562637646
sea,fixed,0.1,4,2,0.886,0.1,6.673022747039795,0.1434735753846073
sea,fixed,0.1,4,3,0.871,0.1,6.598084449768066,-0.006249585484014226
sea,fixed,0.1,4,4,0.894,0.1,6.691411972045898,0.09510186660587976
sea,fixed,0.1,4,5,0.82,0.1,6.680330276489258,0.03605018884649045
sea,fixed,0.1,4,6,0.876,0.1,6.82831335067749,0.17185884139154592
sea,fixed,0.1,4,7,0.881,0.1,6.9215474128723145,0.18074914146583698
sea,fixed,0.1,4,8,0.876,0.1,7.024863243103027,0.19403217798045716
sea,fixed,0.1,4,9,0.883,0.1,7.130393028259277,0.20133779674320665
sea,fixed,0.1,4,10,0.748,0.1,7.068988800048828,0.04086598852197708
sea,fixed,0.1,4,11,0.882,0.1,7.063806056976318,0.015341562890122644
sea,fixed,0.1,4,12,0.902,0.1,7.162505626678467,0.1047025618986201
sea,fixed,0.1,4,13,0.907,0.1,7.249892234802246,0.1370774196686396
sea,fixed,0.1,4,14,0.89,0.1,7.279771327972412,0.09715895629460783
sea,fixed,0.1,4,15,0.737,0.1,7.2760114669799805,0.04499280700003259
sea,fixed,0.1,4,16,0.871,0.1,7.19381046295166,-0.05595871003886902
sea,fixed,0.1,4,17,0.885,0.1,7.191042423248291,-0.030651443482017343
sea,fixed,0.1,4,18,0.88,0.1,7.228551387786865,0.020896971030850586
sea,fixed,0.1,4,19,0.89,0.1,7.308826446533203,0.0875684582225789
sea,fixed,10.0,0,0,0.351,10.0,3.6222572326660156,-3.0075147584535378
sea,fixed,10.0,0,1,0.845,10.0,2.9322052001953125,-2.826697108645287
sea,fixed,10.0,0,2,0.887,10.0,2.8881921768188477,-1.5175861416679737
sea,fixed,10.0,0,3,0.863,10.0,2.804281234741211,-0.9605507240178425
sea,fixed,10.0,0,4,0.894,10.0,2.838233470916748,-0.3961969839330686
sea,fixed,10.0,0,5,0.796,10.0,2.807354688644409,-0.27365111658307617
sea,fixed,10.0,0,6,0.899,10.0,2.898561954498291,0.08879031889481569
sea,fixed,10.0,0,7,0.87,10.0,2.763849973678589,-0.2783510441834505
sea,fixed,10.0,0,8,0.892,10.0,2.888117790222168,0.1730595689723539
sea,fixed,10.0,0,9,0.914,10.0,3.0139427185058594,0.38907430921097463
sea,fixed,10.0,0,10,0.77,10.0,2.706894874572754,-0.512933720964521
sea,fixed,10.0,0,11,0.918,10.0,2.813077449798584,0.01594083497356417
sea,fixed,10.0,0,12,0.853,10.0,2.6098580360412598,-0.4937029114757213
sea,fixed,10.0,0,13,0.865,10.0,2.625941514968872,-0.20405570809804993
sea,fixed,10.0,0,14,0.896,10.0,2.7174625396728516,0.14000444862497613
sea,fixed,10.0,0,15,0.684,10.0,2.6263935565948486,-0.16272352051899194
sea,fixed,10.0,0,16,0.864,10.0,2.8432652950286865,0.4920685755489415
sea,fixed,10.0,0,17,0.889,10.0,2.897494077682495,0.3784836828722625
sea,fixed,10.0,0,18,0.878,10.0,2.8421132564544678,0.05651023750711861
sea,fixed,10.0,0,19,0.902,10.0,2.970428228378296,0.3417810459457697
sea,fixed,10.0,1,0,0.652,10.0,3.6853322982788086,-3.03849587335156
sea,fixed,10.0,1,1,0.825,10.0,3.1243896484375,-2.5762584727842013
sea,fixed,10.0,1,2,0.876,10.0,3.086454153060913,-1.3724468055041505
sea,fixed,10.0,1,3,0.874,10.0,2.9657790660858154,-0.9577393222403686
sea,fixed,10.0,1,4,0.9,10.0,3.031649589538574,-0.3246322144152557
sea,fixed,10.0,1,5,0.818,10.0,3.0366411209106445,-0.15088226194211737
sea,fixed,10.0,1,6,0.885,10.0,3.0695974826812744,-7.377134759298396e-05
sea,fixed,10.0,1,7,0.878,10.0,2.9781534671783447,-0.2069134839964247
sea,fixed,10.0,1,8,0.905,10.0,3.0561654567718506,0.07845125357791195
sea,fixed,10.0,1,9,0.88,10.0,2.936509847640991,-0.23266466901748992
sea,fixed,10.0,1,10,0.777,10.0,2.8432326316833496,-0.3369202016566917
sea,fixed,10.0,1,11,0.857,10.0,2.7238030433654785,-0.4601605167049747
sea,fixed,10.0,1,12,0.886,10.0,2.756209135055542,-0.1474596357082458
sea,fixed,10.0,1,13,0.893,10.0,2.7620372772216797,-0.05904544250238202
sea,fixed,10.0,1,14,0.877,10.0,2.78629994392395,0.031479620164494966
sea,fixed,10.0,1,15,0.74,10.0,2.8860154151916504,0.26426601487220525
sea,fixed,10.0,1,16,0.868,10.0,2.9947893619537354,0.3938691805403038
sea,fixed,10.0,1,17,0.895,10.0,3.0339205265045166,0.2876735923921387
sea,fixed,10.0,1,18,0.88,10.0,2.9714958667755127,0.0009508577991501389
sea,fixed,10.0,1,19,0.892,10.0,2.9614968299865723,-0.022892517277001395
sea,fixed,10.0,2,0,0.667,10.0,3.5326926708221436,-2.9559506996368268
sea,fixed,10.0,2,1,0.836,10.0,2.9454565048217773,-2.6323437907074103
sea,fixed,10.0,2,2,0.88,10.0,2.904733180999756,-1.4121844690963838
sea,fixed,10.0,2,3,0.862,10.0,2.956779956817627,-0.5816622367970263
sea,fixed,10.0,2,4,0.896,10.0,2.9378552436828613,-0.33527866637662923
sea,fixed,10.0,2,5,0.809,10.0,2.9102587699890137,-0.23287133494929718
sea,fixed,10.0,2,6,0.879,10.0,3.019843339920044,0.14505446725209534
sea,fixed,10.0,2,7,0.899,10.0,2.9863429069519043,-0.004510502913677422
sea,fixed,10.0,2,8,0.876,10.0,2.897496461868286,-0.2088588536530485
sea,fixed,10.0,2,9,0.895,10.0,3.016587972640991,0.1809978001777366
sea,fixed,10.0,2,10,0.784,10.0,2.8645994663238525,-0.2593916875173188
sea,fixed,10.0,2,11,0.861,10.0,2.7570595741271973,-0.3903971444816302
sea,fixed,10.0,2,12,0.898,10.0,2.8102550506591797,-0.06121052390895733
sea,fixed,10.0,2,13,0.9,10.0,2.858273983001709,0.08805471798431523
sea,fixed,10.0,2,14,0.87,10.0,2.7916455268859863,-0.11785271781862516
sea,fixed,10.0,2,15,0.699,10.0,2.8801345825195312,0.16119733690738175
sea,fixed,10.0,2,16,0.884,10.0,2.9608986377716064,0.27533314308898493
sea,fixed,10.0,2,17,0.891,10.0,2.970637559890747,0.1605080841658162
sea,fixed,10.0,2,18,0.9,10.0,3.019707441329956,0.1949644564905412
sea,fixed,10.0,2,19,0.884,10.0,2.909207820892334,-0.1566345993514604
sea,fixed,10.0,3,0,0.424,10.0,3.584052085876465,-3.0799221275947266
sea,fixed,10.0,3,1,0.831,10.0,2.957371234893799,-2.7542152793526116
sea,fixed,10.0,3,2,0.883,10.0,2.962743043899536,-1.3644936571074802
sea,fixed,10.0,3,3,0.886,10.0,2.948021650314331,-0.7167526558841677
sea,fixed,10.0,3,4,0.882,10.0,2.9103481769561768,-0.4471210434827504
sea,fixed,10.0,3,5,0.821,10.0,2.953530788421631,-0.12052156280780697
sea,fixed,10.0,3,6,0.875,10.0,2.9331347942352295,-0.10821655321162522
sea,fixed,10.0,3,7,0.882,10.0,2.971684455871582,0.0371613043598622
sea,fixed,10.0,3,8,0.886,10.0,2.98432993888855,0.0481315199078147
sea,fixed,10.0,3,9,0.9,10.0,3.0509400367736816,0.17906541939988127
sea,fixed,10.0,3,10,0.774,10.0,2.892054319381714,-0.27211747815844073
sea,fixed,10.0,3,11,0.843,10.0,2.663938283920288,-0.6838144034634605
sea,fixed,10.0,3,12,0.864,10.0,2.68463134765625,-0.2879638231005226
sea,fixed,10.0,3,13,0.828,10.0,2.579171895980835,-0.41677813883881865
sea,fixed,10.0,3,14,0.848,10.0,2.620251417160034,-0.0977820745627404
sea,fixed,10.0,3,15,0.681,10.0,2.660113573074341,0.05675551456082359
sea,fixed,10.0,3,16,0.877,10.0,3.0719046592712402,1.1033921287554482
sea,fixed,10.0,3,17,0.9,10.0,3.097323417663574,0.6091585103457374
sea,fixed,10.0,3,18,0.882,10.0,2.9405314922332764,-0.046960661284798054
sea,fixed,10.0,3,19,0.907,10.0,3.1267621517181396,0.41632739529432666
sea,fixed,10.0,4,0,0.391,10.0,3.524702548980713,-2.970672737484641
sea,fixed,10.0,4,1,0.883,10.0,3.048196315765381,-2.424159153930634
sea,fixed,10.0,4,2,0.882,10.0,2.9973819255828857,-1.327845647469191
sea,fixed,10.0,4,3,0.874,10.0,2.8936071395874023,-0.9043520563020677
sea,fixed,10.0,4,4,0.896,10.0,2.965371608734131,-0.27994657714636406
sea,fixed,10.0,4,5,0.815,10.0,2.8619139194488525,-0.38225529244610146
sea,fixed,10.0,4,6,0.878,10.0,2.9877068996429443,0.1141094737763153
sea,fixed,10.0,4,7,0.885,10.0,2.9642951488494873,0.002637885371793742
sea,fixed,10.0,4,8,0.881,10.0,2.922713041305542,-0.0960953231755243
sea,fixed,10.0,4,9,0.885,10.0,2.9274418354034424,-0.036811920193387665
sea,fixed,10.0,4,10,0.756,10.0,2.7833452224731445,-0.36023031712574477
sea,fixed,10.0,4,11,0.862,10.0,2.701279878616333,-0.3848681358889366
sea,fixed,10.0,4,12,0.889,10.0,2.744840621948242,-0.08044820360597325
sea,fixed,10.0,4,13,0.885,10.0,2.797419548034668,0.09280053658073027
sea,fixed,10.0,4,14,0.857,10.0,2.7138240337371826,-0.16112112593571337
sea,fixed,10.0,4,15,0.721,10.0,2.800966501235962,0.1424295855361716
sea,fixed,10.0,4,16,0.875,10.0,2.9923250675201416,0.5456506462287274
sea,fixed,10.0,4,17,0.884,10.0,2.8918840885162354,0.039726718217117006
sea,fixed,10.0,4,18,0.876,10.0,2.873800039291382,-0.023562888738389177
sea,fixed,10.0,4,19,0.873,10.0,2.9071552753448486,0.06882040006590599
sea,fixed,1.0,0,0,0.351,1.0,6.375823497772217,-0.014740895328987485
sea,fixed,1.0,0,1,0.865,1.0,6.075332164764404,-0.3346607763316241
sea,fixed,1.0,0,2,0.888,1.0,5.915966510772705,-0.34949424365282244
sea,fixed,1.0,0,3,0.867,1.0,5.606210708618164,-0.5383532976709074
sea,fixed,1.0,0,4,0.885,1.0,5.49146842956543,-0.41130854928036514
sea,fixed,1.0,0,5,0.795,1.0,5.311670780181885,-0.433024203722031
sea,fixed,1.0,0,6,0.884,1.0,5.272355556488037,-0.26791257415335706
sea,fixed,1.0,0,7,0.869,1.0,5.084948539733887,-0.3807980644197299
sea,fixed,1.0,0,8,0.882,1.0,5.119658470153809,-0.14299615652919057
sea,fixed,1.0,0,9,0.913,1.0,5.06036901473999,-0.15191991336606397
sea,fixed,1.0,0,10,0.771,1.0,4.580750942230225,-0.7341493198289273
sea,fixed,1.0,0,11,0.907,1.0,4.763465881347656,-0.09007777449702359
sea,fixed,1.0,0,12,0.882,1.0,4.512280464172363,-0.41123090337240104
sea,fixed,1.0,0,13,0.893,1.0,4.542696475982666,-0.1588049074580042
sea,fixed,1.0,0,14,0.901,1.0,4.556546211242676,-0.05823028922453237
sea,fixed,1.0,0,15,0.716,1.0,4.429811954498291,-0.22226560646813792
sea,fixed,1.0,0,16,0.891,1.0,4.501495838165283,0.0012432417991368185
sea,fixed,1.0,0,17,0.893,1.0,4.483652114868164,-0.026905838765785957
sea,fixed,1.0,0,18,0.878,1.0,4.4645562171936035,-0.04302934438652001
sea,fixed,1.0,0,19,0.906,1.0,4.588695526123047,0.17157921940386503
sea,fixed,1.0,1,0,0.652,1.0,6.600910663604736,0.05161872914160446
sea,fixed,1.0,1,1,0.877,1.0,6.467602252960205,-0.1144368679380381
sea,fixed,1.0,1,2,0.876,1.0,6.1931633949279785,-0.3518910697404886
sea,fixed,1.0,1,3,0.883,1.0,5.871359348297119,-0.5367870275483233
sea,fixed,1.0,1,4,0.899,1.0,5.719676971435547,-0.4477982779573996
sea,fixed,1.0,1,5,0.818,1.0,5.521459102630615,-0.4645618520455711
sea,fixed,1.0,1,6,0.889,1.0,5.382697105407715,-0.4068045370471445
sea,fixed,1.0,1,7,0.882,1.0,5.206843852996826,-0.43027796259061835
sea,fixed,1.0,1,8,0.899,1.0,5.16105842590332,-0.27620368071642803
sea,fixed,1.0,1,9,0.876,1.0,5.0463080406188965,-0.2925038272813998
sea,fixed,1.0,1,10,0.77,1.0,4.932711124420166,-0.30257758128769296
sea,fixed,1.0,1,11,0.86,1.0,4.947629928588867,-0.13028557271483207
sea,fixed,1.0,1,12,0.892,1.0,4.833474636077881,-0.22537002613154988
sea,fixed,1.0,1,13,0.883,1.0,4.781266212463379,-0.18769492304164542
sea,fixed,1.0,1,14,0.896,1.0,4.831210136413574,-0.02130751293868265
sea,fixed,1.0,1,15,0.763,1.0,4.640039920806885,-0.285444317059273
sea,fixed,1.0,1,16,0.882,1.0,4.556308269500732,-0.26803784776101885
sea,fixed,1.0,1,17,0.896,1.0,4.623421669006348,-0.031728813822719595
sea,fixed,1.0,1,18,0.887,1.0,4.602484226226807,-0.04731274076460193
sea,fixed,1.0,1,19,0.894,1.0,4.712547302246094,0.14241196993812785
sea,fixed,1.0,2,0,0.667,1.0,6.2067179679870605,0.06308723119866186
sea,fixed,1.0,2,1,0.882,1.0,5.945757865905762,-0.2604340351440896
sea,fixed,1.0,2,2,0.883,1.0,5.7258172035217285,-0.38710028551644143
sea,fixed,1.0,2,3,0.868,1.0,5.504918575286865,-0.4614626864362152
sea,fixed,1.0,2,4,0.884,1.0,5.2981367111206055,-0.4915862765258463
sea,fixed,1.0,2,5,0.824,1.0,5.206148624420166,-0.366364990684358
sea,fixed,1.0,2,6,0.882,1.0,5.130484580993652,-0.2841102221367394
sea,fixed,1.0,2,7,0.897,1.0,5.00811767578125,-0.30768667309157754
sea,fixed,1.0,2,8,0.876,1.0,4.86583948135376,-0.3511316354281113
sea,fixed,1.0,2,9,0.894,1.0,4.838819980621338,-0.21412759569130363
sea,fixed,1.0,2,10,0.781,1.0,4.470607757568359,-0.6355044790441134
sea,fixed,1.0,2,11,0.875,1.0,4.498023986816406,-0.27516508108328364
sea,fixed,1.0,2,12,0.901,1.0,4.446108341217041,-0.2177344734168041
sea,fixed,1.0,2,13,0.893,1.0,4.447502136230469,-0.10669024701430006
sea,fixed,1.0,2,14,0.895,1.0,4.385183811187744,-0.15065056212729436
sea,fixed,1.0,2,15,0.722,1.0,4.40327787399292,-0.0466712452614924
sea,fixed,1.0,2,16,0.892,1.0,4.3724236488342285,-0.07199606574208829
sea,fixed,1.0,2,17,0.897,1.0,4.318428993225098,-0.12175433561961388
sea,fixed,1.0,2,18,0.905,1.0,4.367527961730957,0.01807864218575088
sea,fixed,1.0,2,19,0.886,1.0,4.327542781829834,-0.054537801448167826
sea,fixed,1.0,3,0,0.424,1.0,6.4086198806762695,-0.034317594817289035
sea,fixed,1.0,3,1,0.864,1.0,6.203237056732178,-0.23971367463318194
sea,fixed,1.0,3,2,0.887,1.0,5.965677738189697,-0.385801452166943
sea,fixed,1.0,3,3,0.886,1.0,5.693490028381348,-0.509745267840083
sea,fixed,1.0,3,4,0.874,1.0,5.447429180145264,-0.5549971413856071
sea,fixed,1.0,3,5,0.826,1.0,5.344235897064209,-0.40905053726228385
sea,fixed,1.0,3,6,0.865,1.0,5.13627290725708,-0.4747579935767696
sea,fixed,1.0,3,7,0.886,1.0,5.043362140655518,-0.36299803390059554
sea,fixed,1.0,3,8,0.885,1.0,4.973453044891357,-0.2777601653976626
sea,fixed,1.0,3,9,0.898,1.0,4.923079013824463,-0.2092174633937241
sea,fixed,1.0,3,10,0.775,1.0,4.613325119018555,-0.5415443786546054
sea,fixed,1.0,3,11,0.893,1.0,4.622912406921387,-0.2563404320814009
sea,fixed,1.0,3,12,0.889,1.0,4.535444736480713,-0.25956236120674075
sea,fixed,1.0,3,13,0.884,1.0,4.48308801651001,-0.20994715202515637
sea,fixed,1.0,3,14,0.888,1.0,4.431784152984619,-0.18444487542166482
sea,fixed,1.0,3,15,0.702,1.0,4.375207901000977,-0.18087536511268065
sea,fixed,1.0,3,16,0.896,1.0,4.48808479309082,0.0887234736483637
sea,fixed,1.0,3,17,0.904,1.0,4.432926654815674,-0.0409848295999483
sea,fixed,1.0,3,18,0.89,1.0,4.316831588745117,-0.2023622717544266
sea,fixed,1.0,3,19,0.909,1.0,4.575782775878906,0.3153910875010602
sea,fixed,1.0,4,0,0.391,1.0,6.2396931648254395,0.09022466987871734
sea,fixed,1.0,4,1,0.889,1.0,6.066318988800049,-0.14784384122273417
sea,fixed,1.0,4,2,0.887,1.0,5.75377082824707,-0.43171275574225015
sea,fixed,1.0,4,3,0.871,1.0,5.432607650756836,-0.6034804091816096
sea,fixed,1.0,4,4,0.891,1.0,5.329558849334717,-0.4334663888740867
sea,fixed,1.0,4,5,0.821,1.0,5.101389408111572,-0.5140392291929133
sea,fixed,1.0,4,6,0.877,1.0,5.106955051422119,-0.2494431883181133
sea,fixed,1.0,4,7,0.884,1.0,5.025800704956055,-0.23507538517230125
sea,fixed,1.0,4,8,0.877,1.0,5.018337726593018,-0.1278497287520664
sea,fixed,1.0,4,9,0.882,1.0,4.9951629638671875,-0.09599441828625542
sea,fixed,1.0,4,10,0.754,1.0,4.738666534423828,-0.40458721778789397
sea,fixed,1.0,4,11,0.887,1.0,4.689816951751709,-0.27388193665164245
sea,fixed,1.0,4,12,0.905,1.0,4.706062316894531,-0.11288565084229309
sea,fixed,1.0,4,13,0.908,1.0,4.687760829925537,-0.08344919527957718
sea,fixed,1.0,4,14,0.893,1.0,4.603516101837158,-0.16652465787584886
sea,fixed,1.0,4,15,0.738,1.0,4.442188262939453,-0.3266267898811704
sea,fixed,1.0,4,16,0.897,1.0,4.434412479400635,-0.1754692275170294
sea,fixed,1.0,4,17,0.888,1.0,4.353511333465576,-0.2144286270122651
sea,fixed,1.0,4,18,0.884,1.0,4.359877586364746,-0.0970592717039637
sea,fixed,1.0,4,19,0.892,1.0,4.414029121398926,0.03772331946085594
