task,method,lr,seed,lam0,diverged,test_acc,test_loss,test_ece,train_acc,gap,lam_final
adult_full,adadecay_default,0.003,0,,False,0.8422222137451172,0.3788032829761505,0.050931286381350624,0.892578125,0.05035591125488281,0.0005
adult_full,adadecay_default,0.003,1,,False,0.8448888659477234,0.3708858788013458,0.04132958760526445,0.895751953125,0.05086308717727661,0.0005
adult_full,adadecay_default,0.003,2,,False,0.8393333554267883,0.3706991970539093,0.03541834710703956,0.88525390625,0.04592055082321167,0.0005
adult_full,adadecay_default,0.003,3,,False,0.8426666855812073,0.3426436483860016,0.03513601304425134,0.88720703125,0.044540345668792725,0.0005
adult_full,adadecay_default,0.003,4,,False,0.8371111154556274,0.36642515659332275,0.04301055436664158,0.893310546875,0.05619943141937256,0.0005
adult_full,adadecay_regime,0.003,0,,False,0.8451111316680908,0.3300381600856781,0.028446231881777445,0.872802734375,0.02769160270690918,1.0
adult_full,adadecay_regime,0.003,1,,False,0.8479999899864197,0.3309505879878998,0.0169601028892729,0.87109375,0.023093760013580322,1.0
adult_full,adadecay_regime,0.003,2,,False,0.8486666679382324,0.3233448565006256,0.014177387436230976,0.870361328125,0.021694660186767578,1.0
adult_full,adadecay_regime,0.003,3,,False,0.839555561542511,0.32941100001335144,0.022145244770579865,0.86962890625,0.030073344707489014,1.0
adult_full,adadecay_regime,0.003,4,,False,0.8442222476005554,0.3259458839893341,0.02173665181795756,0.87890625,0.03468400239944458,1.0
adult_full,adamp_proj,0.003,0,,False,0.8417778015136719,0.38026919960975647,0.04972201180458069,0.8896484375,0.047870635986328125,0.0
adult_full,adamp_proj,0.003,1,,False,0.8446666598320007,0.3711654245853424,0.04229256459077199,0.892578125,0.04791146516799927,0.0
adult_full,adamp_proj,0.003,2,,False,0.8364444375038147,0.3743950426578522,0.04183987039989895,0.885498046875,0.0490536093711853,0.0
adult_full,adamp_proj,0.003,3,,False,0.8453333377838135,0.34258419275283813,0.031088906791475086,0.88671875,0.04138541221618652,0.0
adult_full,adamp_proj,0.003,4,,False,0.831333339214325,0.3719644844532013,0.05125812327861787,0.889892578125,0.05855923891067505,0.0
adult_full,cosine_wd,0.003,0,,False,0.8375555276870728,0.3568079173564911,0.04965718825658162,0.886474609375,0.048919081687927246,0.0
adult_full,cosine_wd,0.003,1,,False,0.8399999737739563,0.3462773561477661,0.03884033272001479,0.885009765625,0.0450097918510437,0.0
adult_full,cosine_wd,0.003,2,,False,0.8397777676582336,0.34988901019096375,0.034589838465054826,0.884033203125,0.04425543546676636,0.0
adult_full,cosine_wd,0.003,3,,False,0.8433333039283752,0.33538952469825745,0.030571416338284814,0.882080078125,0.038746774196624756,0.0
adult_full,cosine_wd,0.003,4,,False,0.8422222137451172,0.3488406538963318,0.03670104857285818,0.888916015625,0.04669380187988281,0.0
adult_full,ctrl,0.003,0,0.0,False,0.8431110978126526,0.3445604145526886,0.03886761792500813,0.882568359375,0.03945726156234741,0.4727122359479773
adult_full,ctrl,0.003,0,0.01,False,0.8417778015136719,0.34633007645606995,0.03985657595263587,0.880859375,0.039081573486328125,0.4506964962123214
adult_full,ctrl,0.003,0,0.1,False,0.8424444198608398,0.3432275354862213,0.04046803445948494,0.88330078125,0.040856361389160156,0.4877923086716344
adult_full,ctrl,0.003,0,10.0,False,0.8397777676582336,0.3479123115539551,0.02639382277594672,0.847412109375,0.007634341716766357,8.383645059305366
adult_full,ctrl,0.003,0,1.0,False,0.8422222137451172,0.3353976905345917,0.03415568345122867,0.880859375,0.03863716125488281,0.6154472032498138
adult_full,ctrl,0.003,0,30.0,False,0.7522222399711609,0.5245690941810608,0.19818968432479434,0.749267578125,-0.0029546618461608887,28.09438366987185
adult_full,ctrl,0.003,0,3.0,False,0.8460000157356262,0.3254380226135254,0.0210554246240192,0.86962890625,0.02362889051437378,1.3663400450272405
adult_full,ctrl,0.003,1,0.0,False,0.843999981880188,0.3326915204524994,0.027397397889031307,0.884521484375,0.04052150249481201,0.4630973530894289
adult_full,ctrl,0.003,1,0.01,False,0.8431110978126526,0.33437609672546387,0.02822867867681715,0.880859375,0.03774827718734741,0.51241953673748
adult_full,ctrl,0.003,1,0.1,False,0.8455555438995361,0.3365119397640228,0.024973516437742448,0.880859375,0.03530383110046387,0.540196820968995
adult_full,ctrl,0.003,1,10.0,False,0.8428888916969299,0.3487701714038849,0.041855436947610646,0.84814453125,0.005255639553070068,8.263207165013883
adult_full,ctrl,0.003,1,1.0,False,0.8457777500152588,0.33035656809806824,0.019512730525599584,0.875,0.02922224998474121,0.7059856979972321
adult_full,ctrl,0.003,1,30.0,False,0.7522222399711609,0.5001904368400574,0.18961311466164057,0.749267578125,-0.0029546618461608887,28.01620200536764
adult_full,ctrl,0.003,1,3.0,False,0.8500000238418579,0.32259228825569153,0.010442854338222078,0.869140625,0.01914060115814209,1.418488781909515
adult_full,ctrl,0.003,2,0.0,False,0.8448888659477234,0.3359560966491699,0.023411652684211727,0.877197265625,0.03230839967727661,0.4955580505225454
adult_full,ctrl,0.003,2,0.01,False,0.8448888659477234,0.33390557765960693,0.02019700915283627,0.877197265625,0.03230839967727661,0.4945623316473244
adult_full,ctrl,0.003,2,0.1,False,0.8448888659477234,0.337008535861969,0.02284067173798879,0.87548828125,0.03059941530227661,0.49755968943944584
adult_full,ctrl,0.003,2,10.0,False,0.8379999995231628,0.34770023822784424,0.04500718922747506,0.8466796875,0.008679687976837158,8.183598956666186
adult_full,ctrl,0.003,2,1.0,False,0.8457777500152588,0.33317744731903076,0.015911098771625096,0.874755859375,0.02897810935974121,0.7084937729897545
adult_full,ctrl,0.003,2,30.0,False,0.7522222399711609,0.5142715573310852,0.194693089471923,0.749267578125,-0.0029546618461608887,27.971843661086137
adult_full,ctrl,0.003,2,3.0,False,0.8495555520057678,0.32235243916511536,0.008140500201119318,0.86572265625,0.016167104244232178,1.3989943504535176
adult_full,ctrl,0.003,3,0.0,False,0.8462222218513489,0.3284321427345276,0.022938393937216865,0.878173828125,0.03195160627365112,0.45206247234937624
adult_full,ctrl,0.003,3,0.01,False,0.8433333039283752,0.3296199142932892,0.02569879309336344,0.879638671875,0.036305367946624756,0.42122887410412674
adult_full,ctrl,0.003,3,0.1,False,0.8433333039283752,0.3287687301635742,0.024220403975910614,0.87890625,0.035572946071624756,0.47088988873997567
adult_full,ctrl,0.003,3,10.0,False,0.8399999737739563,0.34372666478157043,0.0355466194152832,0.850341796875,0.010341823101043701,7.986050881374817
adult_full,ctrl,0.003,3,1.0,False,0.8457777500152588,0.330005407333374,0.020050965865453085,0.876708984375,0.03093123435974121,0.612509747839957
adult_full,ctrl,0.003,3,30.0,False,0.7522222399711609,0.5139619708061218,0.18434744462702013,0.749267578125,-0.0029546618461608887,27.92423704714026
adult_full,ctrl,0.003,3,3.0,False,0.8422222137451172,0.3251956105232239,0.01649449563688702,0.87158203125,0.029359817504882812,1.268503520887582
adult_full,ctrl,0.003,4,0.0,False,0.839555561542511,0.3372502028942108,0.03387696634398567,0.884765625,0.045210063457489014,0.5614688263122302
adult_full,ctrl,0.003,4,0.01,False,0.8391110897064209,0.33938631415367126,0.03334831325213114,0.884521484375,0.0454103946685791,0.5797098421261648
adult_full,ctrl,0.003,4,0.1,False,0.8424444198608398,0.336208313703537,0.02869241486655341,0.8857421875,0.043297767639160156,0.5714748506302532
adult_full,ctrl,0.003,4,10.0,False,0.8384444713592529,0.3420303463935852,0.033745594289567735,0.852294921875,0.01385045051574707,8.298542198689606
adult_full,ctrl,0.003,4,1.0,False,0.8413333296775818,0.33221524953842163,0.02845275933874978,0.8818359375,0.04050260782241821,0.7518236627815048
adult_full,ctrl,0.003,4,30.0,False,0.7633333206176758,0.5011257529258728,0.1744670216507382,0.7607421875,-0.0025911331176757812,28.17873836978987
adult_full,ctrl,0.003,4,3.0,False,0.8475555777549744,0.3228875994682312,0.016242589950561524,0.87158203125,0.024026453495025635,1.4513206694406307
adult_full,fixed,0.003,0,0.0,False,0.8413333296775818,0.379422664642334,0.04965887049171659,0.89404296875,0.05270963907241821,0.0
adult_full,fixed,0.003,0,0.01,False,0.8402222394943237,0.382636159658432,0.04997996912399927,0.892578125,0.05235588550567627,0.01
adult_full,fixed,0.003,0,0.1,False,0.8417778015136719,0.3710748553276062,0.04738010825051201,0.887451171875,0.045673370361328125,0.1
adult_full,fixed,0.003,0,10.0,False,0.839555561542511,0.3538079857826233,0.03540318463908301,0.84375,0.004194438457489014,10.0
adult_full,fixed,0.003,0,1.0,False,0.8444444537162781,0.3288007378578186,0.02969472954008314,0.874755859375,0.030311405658721924,1.0
adult_full,fixed,0.003,0,30.0,False,0.7522222399711609,0.5448091626167297,0.20383430469036104,0.749267578125,-0.0029546618461608887,30.0
adult_full,fixed,0.003,0,3.0,False,0.8471111059188843,0.32649004459381104,0.01483273466428121,0.859375,0.012263894081115723,3.0
adult_full,fixed,0.003,1,0.0,False,0.8460000157356262,0.3648126423358917,0.04144377235571543,0.891845703125,0.04584568738937378,0.0
adult_full,fixed,0.003,1,0.01,False,0.8426666855812073,0.3689512014389038,0.04060589083035787,0.89404296875,0.051376283168792725,0.01
adult_full,fixed,0.003,1,0.1,False,0.8442222476005554,0.35574764013290405,0.03661802211734984,0.887451171875,0.04322892427444458,0.1
adult_full,fixed,0.003,1,10.0,False,0.8431110978126526,0.35516050457954407,0.049469724204805166,0.845947265625,0.002836167812347412,10.0
adult_full,fixed,0.003,1,1.0,False,0.8482221961021423,0.32652005553245544,0.016889679935243394,0.876220703125,0.027998507022857666,1.0
adult_full,fixed,0.003,1,30.0,False,0.7522222399711609,0.5205727815628052,0.19931865901417203,0.749267578125,-0.0029546618461608887,30.0
adult_full,fixed,0.003,1,3.0,False,0.8468888998031616,0.3232297897338867,0.011494365427229137,0.86279296875,0.01590406894683838,3.0
adult_full,fixed,0.003,2,0.0,False,0.8360000252723694,0.3737478256225586,0.04041560672389136,0.891357421875,0.055357396602630615,0.0
adult_full,fixed,0.003,2,0.01,False,0.8388888835906982,0.36370357871055603,0.0340020886792077,0.882080078125,0.04319119453430176,0.01
adult_full,fixed,0.003,2,0.1,False,0.8417778015136719,0.35588619112968445,0.030893356647756366,0.884521484375,0.042743682861328125,0.1
adult_full,fixed,0.003,2,10.0,False,0.8393333554267883,0.3543984591960907,0.0530027721590466,0.84716796875,0.00783461332321167,10.0
adult_full,fixed,0.003,2,1.0,False,0.8446666598320007,0.32574108242988586,0.014691530293888515,0.871337890625,0.026671230792999268,1.0
adult_full,fixed,0.003,2,30.0,False,0.7522222399711609,0.536230742931366,0.19799511776367826,0.749267578125,-0.0029546618461608887,30.0
adult_full,fixed,0.003,2,3.0,False,0.8457777500152588,0.3271944224834442,0.014220398849911157,0.85693359375,0.011155843734741211,3.0
adult_full,fixed,0.003,3,0.0,False,0.8455555438995361,0.3450208902359009,0.03384445504347483,0.8896484375,0.04409289360046387,0.0
adult_full,fixed,0.003,3,0.01,False,0.8433333039283752,0.3408867120742798,0.031013450264930728,0.88720703125,0.043873727321624756,0.01
adult_full,fixed,0.003,3,0.1,False,0.8431110978126526,0.3385443687438965,0.029419793877336717,0.88623046875,0.04311937093734741,0.1
adult_full,fixed,0.003,3,10.0,False,0.8391110897064209,0.3527500033378601,0.04475738934675852,0.84765625,0.008545160293579102,10.0
adult_full,fixed,0.003,3,1.0,False,0.8448888659477234,0.3237283229827881,0.021241726716359457,0.87353515625,0.02864629030227661,1.0
adult_full,fixed,0.003,3,30.0,False,0.7522222399711609,0.5350033640861511,0.19602575216690699,0.749267578125,-0.0029546618461608887,30.0
adult_full,fixed,0.003,3,3.0,False,0.8431110978126526,0.32944944500923157,0.017058744536505806,0.860595703125,0.017484605312347412,3.0
adult_full,fixed,0.003,4,0.0,False,0.8375555276870728,0.36625057458877563,0.04442073733939065,0.8935546875,0.055999159812927246,0.0
adult_full,fixed,0.003,4,0.01,False,0.8360000252723694,0.37307208776474,0.047341359410021044,0.895263671875,0.059263646602630615,0.01
adult_full,fixed,0.003,4,0.1,False,0.8364444375038147,0.36157622933387756,0.04369278960757785,0.892822265625,0.0563778281211853,0.1
adult_full,fixed,0.003,4,10.0,False,0.8397777676582336,0.347788542509079,0.042495660053359134,0.848876953125,0.009099185466766357,10.0
adult_full,fixed,0.003,4,1.0,False,0.8451111316680908,0.3245129883289337,0.022438422587182785,0.880126953125,0.03501582145690918,1.0
adult_full,fixed,0.003,4,30.0,False,0.7522222399711609,0.5201456546783447,0.1976815869410833,0.749267578125,-0.0029546618461608887,30.0
adult_full,fixed,0.003,4,3.0,False,0.8413333296775818,0.3251708447933197,0.01769751051399443,0.86279296875,0.021459639072418213,3.0
adult_full,step_early_wd,0.003,0,,False,0.8379999995231628,0.3595592975616455,0.04943236496713426,0.886474609375,0.04847460985183716,0.0
adult_full,step_early_wd,0.003,1,,False,0.8377777934074402,0.351611852645874,0.04179501578542921,0.885986328125,0.048208534717559814,0.0
adult_full,step_early_wd,0.003,2,,False,0.8408889174461365,0.3500443994998932,0.03587940820058187,0.8828125,0.041923582553863525,0.0
adult_full,step_early_wd,0.003,3,,False,0.8488888740539551,0.3334715664386749,0.028301705479621887,0.882080078125,0.03319120407104492,0.0
adult_full,step_early_wd,0.003,4,,False,0.8402222394943237,0.3491099774837494,0.03901703753736284,0.888671875,0.04844963550567627,0.0
adult_n20,adadecay_default,0.003,0,,False,0.7251111268997192,128487.0703125,0.15835939425230028,0.9279999732971191,0.2028888463973999,0.0005
adult_n20,adadecay_default,0.003,1,,False,0.695111095905304,50973.52734375,0.1836242329676946,0.9355000257492065,0.2403889298439026,0.0005
adult_n20,adadecay_default,0.003,2,,False,0.7111111283302307,80593.453125,0.16569162676731744,0.9275000095367432,0.21638888120651245,0.0005
adult_n20,adadecay_default,0.003,3,,False,0.7095555663108826,83648.109375,0.16837645401557289,0.9315000176429749,0.22194445133209229,0.0005
adult_n20,adadecay_default,0.003,4,,False,0.7053333520889282,70766.7421875,0.17723177206516266,0.9369999766349792,0.23166662454605103,0.0005
adult_n20,adadecay_regime,0.003,0,,False,0.7335555553436279,80020.0234375,0.06739338050948249,0.8604999780654907,0.1269444227218628,1.0
adult_n20,adadecay_regime,0.003,1,,False,0.7048888802528381,66140.484375,0.09193936218155756,0.8740000128746033,0.16911113262176514,1.0
adult_n20,adadecay_regime,0.003,2,,False,0.754444420337677,53667.03125,0.05621228434642156,0.8654999732971191,0.11105555295944214,1.0
adult_n20,adadecay_regime,0.003,3,,False,0.7248888611793518,51722.5546875,0.07436031386587355,0.8694999814033508,0.14461112022399902,1.0
adult_n20,adadecay_regime,0.003,4,,False,0.7413333058357239,45167.73828125,0.05725586219628652,0.8610000014305115,0.1196666955947876,1.0
adult_n20,adamp_proj,0.003,0,,False,0.7168889045715332,115619.609375,0.17141272462738885,0.9325000047683716,0.21561110019683838,0.0
adult_n20,adamp_proj,0.003,1,,False,0.6842222213745117,44900.74609375,0.1908942972951465,0.9399999976158142,0.2557777762413025,0.0
adult_n20,adamp_proj,0.003,2,,False,0.711555540561676,71912.6875,0.16615953176551396,0.9375,0.22594445943832397,0.0
adult_n20,adamp_proj,0.003,3,,False,0.7020000219345093,67517.71875,0.17124585911962723,0.9350000023841858,0.2329999804496765,0.0
adult_n20,adamp_proj,0.003,4,,False,0.7126666903495789,66971.7734375,0.16911199057102205,0.9350000023841858,0.22233331203460693,0.0
adult_n20,cosine_wd,0.003,0,,False,0.7204444408416748,60707.74609375,0.14826804314719305,0.9104999899864197,0.19005554914474487,0.0
adult_n20,cosine_wd,0.003,1,,False,0.6959999799728394,39890.90625,0.17607309785816405,0.9160000085830688,0.2200000286102295,0.0
adult_n20,cosine_wd,0.003,2,,False,0.7293333411216736,28403.2109375,0.1384003531403012,0.906000018119812,0.17666667699813843,0.0
adult_n20,cosine_wd,0.003,3,,False,0.7037777900695801,38941.87890625,0.15401023178630405,0.9235000014305115,0.2197222113609314,0.0
adult_n20,cosine_wd,0.003,4,,False,0.711555540561676,33490.29296875,0.1493153692616357,0.9049999713897705,0.19344443082809448,0.0
adult_n20,ctrl,0.001,0,0.0,False,0.7633333206176758,46065.625,0.029575021624565125,0.8535000085830688,0.09016668796539307,1.312697789828767
adult_n20,ctrl,0.001,0,0.1,False,0.7624444365501404,45363.4921875,0.03175837943289015,0.8565000295639038,0.09405559301376343,1.317412016904394
adult_n20,ctrl,0.001,0,10.0,False,0.8028888702392578,2733.48876953125,0.09152891276942358,0.7929999828338623,-0.009888887405395508,5.407443857303304
adult_n20,ctrl,0.001,1,0.0,False,0.7179999947547913,30253.1484375,0.06340745882193247,0.8700000047683716,0.15200001001358032,1.2351215885822646
adult_n20,ctrl,0.001,1,0.1,False,0.7151111364364624,27833.890625,0.06695244024197261,0.8705000281333923,0.15538889169692993,1.2379875573094024
adult_n20,ctrl,0.001,1,10.0,False,0.8057777881622314,2472.788330078125,0.10200168912940555,0.7929999828338623,-0.01277780532836914,5.402991933877852
adult_n20,ctrl,0.001,2,0.0,False,0.7391111254692078,26457.283203125,0.04504708136452569,0.8700000047683716,0.13088887929916382,1.3351976269435342
adult_n20,ctrl,0.001,2,0.1,False,0.7360000014305115,27306.337890625,0.0481810636387931,0.871999979019165,0.13599997758865356,1.3453793743973859
adult_n20,ctrl,0.001,2,10.0,False,0.800000011920929,2074.77734375,0.0902922631767061,0.7919999957084656,-0.008000016212463379,5.309443099803533
adult_n20,ctrl,0.001,3,0.0,False,0.7248888611793518,31986.642578125,0.05319291292296516,0.8665000200271606,0.14161115884780884,1.298640753579567
adult_n20,ctrl,0.001,3,0.1,False,0.7277777791023254,32045.90234375,0.05090986871719361,0.8640000224113464,0.136222243309021,1.3048014796203042
adult_n20,ctrl,0.001,3,10.0,False,0.7937777638435364,2897.854736328125,0.08469288463062709,0.8019999861717224,0.008222222328186035,5.090381308503949
adult_n20,ctrl,0.001,4,0.0,False,0.737333357334137,34385.88671875,0.05313017700778114,0.8565000295639038,0.11916667222976685,1.2119352658733524
adult_n20,ctrl,0.001,4,0.1,False,0.734000027179718,34276.4453125,0.054665487051010125,0.8535000085830688,0.11949998140335083,1.1858348102328398
adult_n20,ctrl,0.001,4,10.0,False,0.7902222275733948,2338.482177734375,0.07546895172860887,0.7860000133514404,-0.004222214221954346,5.161086817837893
adult_n20,ctrl,0.003,0,0.0,False,0.7368888854980469,11933.236328125,0.06450801246696049,0.8654999732971191,0.12861108779907227,1.1672468056917509
adult_n20,ctrl,0.003,0,0.01,False,0.7331110835075378,13283.9541015625,0.06854126646783618,0.8640000224113464,0.1308889389038086,1.1262375979382726
adult_n20,ctrl,0.003,0,0.1,False,0.7322221994400024,12274.666015625,0.0650219683514701,0.8725000023841858,0.14027780294418335,1.159856142995456
adult_n20,ctrl,0.003,0,10.0,False,0.81977778673172,0.5872249603271484,0.1228657943672604,0.7455000281333923,-0.07427775859832764,6.277216491503843
adult_n20,ctrl,0.003,0,1.0,False,0.7415555715560913,9362.486328125,0.04965239200327132,0.8610000014305115,0.11944442987442017,1.342653922550717
adult_n20,ctrl,0.003,0,30.0,False,0.7522222399711609,0.5658547878265381,0.18347725727823044,0.6549999713897705,-0.09722226858139038,27.299450553384247
adult_n20,ctrl,0.003,0,3.0,False,0.7526666522026062,3342.04736328125,0.02821852323744032,0.8514999747276306,0.09883332252502441,1.8970566751833544
adult_n20,ctrl,0.003,1,0.0,False,0.7004444599151611,9616.154296875,0.09117736407121022,0.8744999766349792,0.17405551671981812,1.1286202137149672
adult_n20,ctrl,0.003,1,0.01,False,0.690666675567627,8769.7177734375,0.09302980664041306,0.8740000128746033,0.18333333730697632,1.184822752922225
adult_n20,ctrl,0.003,1,0.1,False,0.6968888640403748,8925.9052734375,0.09200294045607249,0.8725000023841858,0.17561113834381104,1.1662987673480583
adult_n20,ctrl,0.003,1,10.0,False,0.8166666626930237,0.5500728487968445,0.13961157295438978,0.7475000023841858,-0.06916666030883789,6.742252452642006
adult_n20,ctrl,0.003,1,1.0,False,0.7015555500984192,6417.9326171875,0.07851812570624882,0.8709999918937683,0.16944444179534912,1.2737208339905335
adult_n20,ctrl,0.003,1,30.0,False,0.7522222399711609,0.5678465962409973,0.18257757723331453,0.6549999713897705,-0.09722226858139038,27.403503634994852
adult_n20,ctrl,0.003,1,3.0,False,0.7253333330154419,2759.59912109375,0.040488275104098845,0.8550000190734863,0.12966668605804443,1.7147175127439367
adult_n20,ctrl,0.003,2,0.0,False,0.7457777857780457,8732.0166015625,0.06784825339582232,0.8654999732971191,0.11972218751907349,1.1064884267400392
adult_n20,ctrl,0.003,2,0.01,False,0.7433333396911621,8482.1650390625,0.056992589500215324,0.8679999709129333,0.12466663122177124,1.178623230482944
adult_n20,ctrl,0.003,2,0.1,False,0.7464444637298584,7939.384765625,0.057198490487204656,0.862500011920929,0.11605554819107056,1.1447544968917933
adult_n20,ctrl,0.003,2,10.0,False,0.8144444227218628,0.540379524230957,0.11618220259083642,0.7540000081062317,-0.060444414615631104,6.454403373956729
adult_n20,ctrl,0.003,2,1.0,False,0.7471110820770264,6846.7919921875,0.05335895649592082,0.8629999756813049,0.11588889360427856,1.2881696539073992
adult_n20,ctrl,0.003,2,30.0,False,0.7522222399711609,0.5524554252624512,0.1826619898080826,0.6549999713897705,-0.09722226858139038,26.598393498199563
adult_n20,ctrl,0.003,2,3.0,False,0.7562222480773926,2303.392822265625,0.02786073793305291,0.8500000238418579,0.09377777576446533,1.8485739799961904
adult_n20,ctrl,0.003,3,0.0,False,0.7275555729866028,9697.5380859375,0.06521277576022677,0.8675000071525574,0.1399444341659546,1.1454538523200046
adult_n20,ctrl,0.003,3,0.01,False,0.7300000190734863,9684.095703125,0.05878501349687576,0.8684999942779541,0.13849997520446777,1.1423953483186673
adult_n20,ctrl,0.003,3,0.1,False,0.7300000190734863,9185.185546875,0.05808848284350501,0.8690000176429749,0.13899999856948853,1.121721168082225
adult_n20,ctrl,0.003,3,10.0,False,0.8277778029441833,0.6232499480247498,0.14380510922273002,0.75,-0.07777780294418335,6.212354032001108
adult_n20,ctrl,0.003,3,1.0,False,0.7353333234786987,7204.35888671875,0.05189338546329075,0.8694999814033508,0.1341666579246521,1.2515901252378419
adult_n20,ctrl,0.003,3,30.0,False,0.7522222399711609,0.5557491183280945,0.1854171259800593,0.6549999713897705,-0.09722226858139038,26.734975764396445
adult_n20,ctrl,0.003,3,3.0,False,0.7424444556236267,3097.241455078125,0.03133835026952955,0.8550000190734863,0.11255556344985962,1.802965923680625
adult_n20,ctrl,0.003,4,0.0,False,0.7282222509384155,9069.99609375,0.07659841238127814,0.8675000071525574,0.13927775621414185,1.0540154148209846
adult_n20,ctrl,0.003,4,0.01,False,0.7282222509384155,8833.203125,0.07367347004678515,0.8665000200271606,0.13827776908874512,1.017899411316745
adult_n20,ctrl,0.003,4,0.1,False,0.7211111187934875,8377.7021484375,0.07000089573860169,0.8740000128746033,0.15288889408111572,1.114435404352623
adult_n20,ctrl,0.003,4,10.0,False,0.7931110858917236,0.5491049289703369,0.088211368282636,0.7329999804496765,-0.06011110544204712,6.8419307249960495
adult_n20,ctrl,0.003,4,1.0,False,0.7326666712760925,7064.81640625,0.06383217653963301,0.8610000014305115,0.12833333015441895,1.18384003136198
adult_n20,ctrl,0.003,4,30.0,False,0.7522222399711609,0.5614322423934937,0.19104236053758195,0.6549999713897705,-0.09722226858139038,27.36359714287891
adult_n20,ctrl,0.003,4,3.0,False,0.7542222142219543,2692.334228515625,0.030165014915996127,0.8539999723434448,0.09977775812149048,1.640077650041153
adult_n20,ctrl,0.01,0,0.0,False,0.7593333125114441,28.6912784576416,0.03514139072100322,0.8134999871253967,0.05416667461395264,1.067976105594629
adult_n20,ctrl,0.01,0,0.1,False,0.7464444637298584,19.64683723449707,0.030371671901808846,0.8199999928474426,0.07355552911758423,1.1299841518446938
adult_n20,ctrl,0.01,0,10.0,False,0.81977778673172,0.5056585073471069,0.18047351182831659,0.7074999809265137,-0.1122778058052063,8.095847805768335
adult_n20,ctrl,0.01,1,0.0,False,0.7322221994400024,10.575281143188477,0.05129016865624321,0.8134999871253967,0.08127778768539429,1.0711525566736708
adult_n20,ctrl,0.01,1,0.1,False,0.7477777600288391,17.374462127685547,0.05050411980681949,0.8109999895095825,0.06322222948074341,1.1549477371428647
adult_n20,ctrl,0.01,1,10.0,False,0.8206666707992554,0.5215535163879395,0.19307821595668795,0.718999981880188,-0.10166668891906738,8.122894517558542
adult_n20,ctrl,0.01,2,0.0,False,0.7486666440963745,22.960594177246094,0.030373919725418093,0.8100000023841858,0.06133335828781128,1.0543752994904307
adult_n20,ctrl,0.01,2,0.1,False,0.7357777953147888,18.650840759277344,0.04142570087644789,0.8140000104904175,0.07822221517562866,1.1519678572285683
adult_n20,ctrl,0.01,2,10.0,False,0.8231111168861389,0.4823690950870514,0.15500724399089816,0.7164999842643738,-0.10661113262176514,7.921671369407871
adult_n20,ctrl,0.01,3,0.0,False,0.7584444284439087,41.07018280029297,0.064567534049352,0.8105000257492065,0.05205559730529785,0.9892497578518227
adult_n20,ctrl,0.01,3,0.1,False,0.7351111173629761,35.5841178894043,0.06347976071304745,0.8034999966621399,0.06838887929916382,1.0394248025776738
adult_n20,ctrl,0.01,3,10.0,False,0.8235555291175842,0.4938993453979492,0.16862233016226028,0.718500018119812,-0.10505551099777222,8.26340661181594
adult_n20,ctrl,0.01,4,0.0,False,0.7480000257492065,23.833423614501953,0.029464943885803223,0.8174999952316284,0.06949996948242188,1.1272331128776605
adult_n20,ctrl,0.01,4,0.1,False,0.7548888921737671,19.82921028137207,0.04773059207863278,0.8115000128746033,0.05661112070083618,1.0512866414435071
adult_n20,ctrl,0.01,4,10.0,False,0.7837777733802795,0.4793783724308014,0.09718639559215968,0.6899999976158142,-0.09377777576446533,8.230475053305348
adult_n20,fixed,0.001,0,0.0,False,0.7402222156524658,95674.515625,0.0807735578086641,0.8805000185966492,0.14027780294418335,0.0
adult_n20,fixed,0.001,0,0.01,False,0.7400000095367432,97387.2890625,0.07902812384234534,0.8809999823570251,0.14099997282028198,0.01
adult_n20,fixed,0.001,0,0.1,False,0.7431111335754395,90294.5703125,0.07567173845238155,0.8794999718666077,0.1363888382911682,0.1
adult_n20,fixed,0.001,0,10.0,False,0.8253333568572998,47.762977600097656,0.1519224500656128,0.7289999723434448,-0.09633338451385498,10.0
adult_n20,fixed,0.001,0,1.0,False,0.7542222142219543,52385.515625,0.03335056759251488,0.862500011920929,0.10827779769897461,1.0
adult_n20,fixed,0.001,0,30.0,False,0.7522222399711609,0.5801133513450623,0.1826991157664193,0.6549999713897705,-0.09722226858139038,30.0
adult_n20,fixed,0.001,0,3.0,False,0.776888906955719,12576.81640625,0.04624004005061255,0.8270000219345093,0.05011111497879028,3.0
adult_n20,fixed,0.001,1,0.0,False,0.7046666741371155,67473.703125,0.12190405305226644,0.8934999704360962,0.1888332962989807,0.0
adult_n20,fixed,0.001,1,0.01,False,0.7059999704360962,68165.5078125,0.12116207786401112,0.8930000066757202,0.18700003623962402,0.01
adult_n20,fixed,0.001,1,0.1,False,0.7068889141082764,63927.984375,0.11664176246854993,0.8899999856948853,0.1831110715866089,0.1
adult_n20,fixed,0.001,1,10.0,False,0.820888876914978,42.829341888427734,0.14707162365648482,0.7275000214576721,-0.09338885545730591,10.0
adult_n20,fixed,0.001,1,1.0,False,0.707111120223999,38756.43359375,0.0849332806799147,0.878000020980835,0.17088890075683594,1.0
adult_n20,fixed,0.001,1,30.0,False,0.7522222399711609,0.5723960995674133,0.18178221020433638,0.6549999713897705,-0.09722226858139038,30.0
adult_n20,fixed,0.001,1,3.0,False,0.7528889179229736,9265.7177734375,0.028883130927880606,0.8424999713897705,0.08961105346679688,3.0
adult_n20,fixed,0.001,2,0.0,False,0.7235555648803711,63222.75390625,0.09817859876155854,0.8849999904632568,0.16144442558288574,0.0
adult_n20,fixed,0.001,2,0.01,False,0.7224444150924683,62512.953125,0.09778603349791633,0.8895000219345093,0.16705560684204102,0.01
adult_n20,fixed,0.001,2,0.1,False,0.7208889126777649,56678.5390625,0.09625405720869701,0.8880000114440918,0.1671110987663269,0.1
adult_n20,fixed,0.001,2,10.0,False,0.8180000185966492,37.767364501953125,0.13911873749891918,0.7360000014305115,-0.0820000171661377,10.0
adult_n20,fixed,0.001,2,1.0,False,0.7308889031410217,32350.8046875,0.06177767320473988,0.8755000233650208,0.14461112022399902,1.0
adult_n20,fixed,0.001,2,30.0,False,0.7522222399711609,0.5696480870246887,0.18248744946055945,0.6549999713897705,-0.09722226858139038,30.0
adult_n20,fixed,0.001,2,3.0,False,0.7531111240386963,7157.0224609375,0.02944772271315257,0.8355000019073486,0.08238887786865234,3.0
adult_n20,fixed,0.001,3,0.0,False,0.7099999785423279,69390.015625,0.10483603877491422,0.8880000114440918,0.17800003290176392,0.0
adult_n20,fixed,0.001,3,0.01,False,0.7126666903495789,70225.28125,0.10113019273016188,0.8845000267028809,0.171833336353302,0.01
adult_n20,fixed,0.001,3,0.1,False,0.7128888964653015,63074.19140625,0.0978258005976677,0.8859999775886536,0.17311108112335205,0.1
adult_n20,fixed,0.001,3,10.0,False,0.8222222328186035,52.500736236572266,0.1449077063136631,0.7310000061988831,-0.09122222661972046,10.0
adult_n20,fixed,0.001,3,1.0,False,0.7215555310249329,38084.13671875,0.06563540216286977,0.871999979019165,0.15044444799423218,1.0
adult_n20,fixed,0.001,3,30.0,False,0.7522222399711609,0.5781965255737305,0.18617919960286883,0.6549999713897705,-0.09722226858139038,30.0
adult_n20,fixed,0.001,3,3.0,False,0.7495555281639099,10876.400390625,0.03187496918439865,0.8445000052452087,0.09494447708129883,3.0
adult_n20,fixed,0.001,4,0.0,False,0.7095555663108826,62689.30859375,0.11290422323015001,0.8895000219345093,0.1799444556236267,0.0
adult_n20,fixed,0.001,4,0.01,False,0.711555540561676,62899.30078125,0.11169733320342169,0.8859999775886536,0.17444443702697754,0.01
adult_n20,fixed,0.001,4,0.1,False,0.7168889045715332,59135.37109375,0.10235597654183706,0.8840000033378601,0.1671110987663269,0.1
adult_n20,fixed,0.001,4,10.0,False,0.8137778043746948,43.3225212097168,0.13547550382879045,0.7379999756813049,-0.07577782869338989,10.0
adult_n20,fixed,0.001,4,1.0,False,0.7319999933242798,40664.6171875,0.07143973729345535,0.8634999990463257,0.1315000057220459,1.0
adult_n20,fixed,0.001,4,30.0,False,0.7522222399711609,0.5723601579666138,0.18391491949558259,0.6549999713897705,-0.09722226858139038,30.0
adult_n20,fixed,0.001,4,3.0,False,0.7588889002799988,10483.0166015625,0.03191098205248515,0.8190000057220459,0.06011110544204712,3.0
adult_n20,fixed,0.003,0,0.0,False,0.7246666550636292,127304.6015625,0.17286864150895012,0.9275000095367432,0.202833354473114,0.0
adult_n20,fixed,0.003,0,0.01,False,0.711555540561676,131399.65625,0.1704563230143653,0.9304999709129333,0.21894443035125732,0.01
adult_n20,fixed,0.003,0,0.1,False,0.7151111364364624,92661.234375,0.15375784712367588,0.9259999990463257,0.21088886260986328,0.1
adult_n20,fixed,0.003,0,10.0,False,0.8226666450500488,0.466191828250885,0.14438528295358022,0.7264999747276306,-0.09616667032241821,10.0
adult_n20,fixed,0.003,0,1.0,False,0.7304444313049316,14933.6337890625,0.07153369960520004,0.8669999837875366,0.13655555248260498,1.0
adult_n20,fixed,0.003,0,30.0,False,0.7522222399711609,0.5815450549125671,0.18174597566657597,0.6549999713897705,-0.09722226858139038,30.0
adult_n20,fixed,0.003,0,3.0,False,0.7735555768013,234.05677795410156,0.04680476382043626,0.8215000033378601,0.04794442653656006,3.0
adult_n20,fixed,0.003,1,0.0,False,0.6984444260597229,58696.7109375,0.1836527125702964,0.9369999766349792,0.23855555057525635,0.0
adult_n20,fixed,0.003,1,0.01,False,0.6935555338859558,47598.15625,0.18819904490974215,0.9380000233650208,0.24444448947906494,0.01
adult_n20,fixed,0.003,1,0.1,False,0.6940000057220459,42590.59375,0.17718901675277288,0.9315000176429749,0.23750001192092896,0.1
adult_n20,fixed,0.003,1,10.0,False,0.8220000267028809,0.49327659606933594,0.16917619821760388,0.722000002861023,-0.10000002384185791,10.0
adult_n20,fixed,0.003,1,1.0,False,0.6986666917800903,11019.005859375,0.09666779873106215,0.8805000185966492,0.18183332681655884,1.0
adult_n20,fixed,0.003,1,30.0,False,0.7522222399711609,0.5804917216300964,0.17922434944576687,0.6549999713897705,-0.09722226858139038,30.0
adult_n20,fixed,0.003,1,3.0,False,0.7562222480773926,223.5941619873047,0.050552789078818425,0.8195000290870667,0.06327778100967407,3.0
adult_n20,fixed,0.003,2,0.0,False,0.7093333601951599,70953.7109375,0.1747133960856332,0.9304999709129333,0.22116661071777344,0.0
adult_n20,fixed,0.003,2,0.01,False,0.7095555663108826,79068.8984375,0.1704191479947832,0.9279999732971191,0.21844440698623657,0.01
adult_n20,fixed,0.003,2,0.1,False,0.7188888788223267,61947.7265625,0.15354843522442713,0.9229999780654907,0.20411109924316406,0.1
adult_n20,fixed,0.003,2,10.0,False,0.8211110830307007,0.47269970178604126,0.14491716873645782,0.7289999723434448,-0.09211111068725586,10.0
adult_n20,fixed,0.003,2,1.0,False,0.7486666440963745,9321.7734375,0.06438172237078349,0.8684999942779541,0.11983335018157959,1.0
adult_n20,fixed,0.003,2,30.0,False,0.7522222399711609,0.5718395709991455,0.18130973671542275,0.6549999713897705,-0.09722226858139038,30.0
adult_n20,fixed,0.003,2,3.0,False,0.7722222208976746,169.05548095703125,0.05156725729836358,0.8224999904632568,0.050277769565582275,3.0
adult_n20,fixed,0.003,3,0.0,False,0.7022222280502319,79651.7265625,0.16889883482456208,0.9340000152587891,0.23177778720855713,0.0
adult_n20,fixed,0.003,3,0.01,False,0.7053333520889282,72209.0859375,0.16954161947303348,0.9384999871253967,0.2331666350364685,0.01
adult_n20,fixed,0.003,3,0.1,False,0.6964444518089294,69642.9140625,0.1719210336473253,0.9384999871253967,0.24205553531646729,0.1
adult_n20,fixed,0.003,3,10.0,False,0.8215555548667908,0.4814032018184662,0.15605110649267834,0.7285000085830688,-0.09305554628372192,10.0
adult_n20,fixed,0.003,3,1.0,False,0.7253333330154419,10464.9814453125,0.06903511412938436,0.8765000104904175,0.15116667747497559,1.0
adult_n20,fixed,0.003,3,30.0,False,0.7522222399711609,0.5735774040222168,0.1799662104447683,0.6549999713897705,-0.09722226858139038,30.0
adult_n20,fixed,0.003,3,3.0,False,0.7524444460868835,198.5175018310547,0.03739974315961202,0.8270000219345093,0.07455557584762573,3.0
adult_n20,fixed,0.003,4,0.0,False,0.7126666903495789,77213.9453125,0.17023789229657915,0.9365000128746033,0.22383332252502441,0.0
adult_n20,fixed,0.003,4,0.01,False,0.7080000042915344,74725.6796875,0.17715115231937834,0.9350000023841858,0.22699999809265137,0.01
adult_n20,fixed,0.003,4,0.1,False,0.7120000123977661,49818.33984375,0.15313292831844755,0.9254999756813049,0.21349996328353882,0.1
adult_n20,fixed,0.003,4,10.0,False,0.8080000281333923,0.4808368682861328,0.12698854785495334,0.7245000004768372,-0.08350002765655518,10.0
adult_n20,fixed,0.003,4,1.0,False,0.7271111011505127,9105.5986328125,0.07739481422636244,0.8715000152587891,0.14438891410827637,1.0
adult_n20,fixed,0.003,4,30.0,False,0.7522222399711609,0.5757265686988831,0.1823942600356208,0.6549999713897705,-0.09722226858139038,30.0
adult_n20,fixed,0.003,4,3.0,False,0.7797777652740479,177.35108947753906,0.052350917511516146,0.8199999928474426,0.040222227573394775,3.0
adult_n20,fixed,0.01,0,0.0,False,0.6993333101272583,26448.349609375,0.18840116196870801,0.9434999823570251,0.24416667222976685,0.0
adult_n20,fixed,0.01,0,0.01,False,0.7004444599151611,30662.109375,0.19604579110278023,0.940500020980835,0.24005556106567383,0.01
adult_n20,fixed,0.01,0,0.1,False,0.7128888964653015,7057.3935546875,0.15117498692539005,0.9269999861717224,0.2141110897064209,0.1
adult_n20,fixed,0.01,0,10.0,False,0.7522222399711609,0.5100799798965454,0.1899451246791416,0.6549999713897705,-0.09722226858139038,10.0
adult_n20,fixed,0.01,0,1.0,False,0.7806666493415833,57.64083480834961,0.037887576182683305,0.7990000247955322,0.018333375453948975,1.0
adult_n20,fixed,0.01,0,30.0,False,0.7522222399711609,0.5819726586341858,0.18267970367272693,0.6549999713897705,-0.09722226858139038,30.0
adult_n20,fixed,0.01,0,3.0,False,0.8071110844612122,0.4856267273426056,0.13306613960531025,0.7429999709129333,-0.06411111354827881,3.0
adult_n20,fixed,0.01,1,0.0,False,0.6648889183998108,3729.53857421875,0.21091623572508494,0.9340000152587891,0.26911109685897827,0.0
adult_n20,fixed,0.01,1,0.01,False,0.6897777915000916,3268.18115234375,0.19638902045620812,0.9474999904632568,0.2577221989631653,0.01
adult_n20,fixed,0.01,1,0.1,False,0.6824444532394409,4444.3408203125,0.1872119828859965,0.9304999709129333,0.24805551767349243,0.1
adult_n20,fixed,0.01,1,10.0,False,0.8213333487510681,0.5334665775299072,0.20531338515546588,0.7120000123977661,-0.109333336353302,10.0
adult_n20,fixed,0.01,1,1.0,False,0.7437777519226074,30.15247917175293,0.04796499098671807,0.8174999952316284,0.073722243309021,1.0
adult_n20,fixed,0.01,1,30.0,False,0.7522222399711609,0.5907732844352722,0.18289749957455528,0.6549999713897705,-0.09722226858139038,30.0
adult_n20,fixed,0.01,1,3.0,False,0.7877777814865112,0.5038625597953796,0.10601767247252994,0.7509999871253967,-0.0367777943611145,3.0
adult_n20,fixed,0.01,2,0.0,False,0.6935555338859558,15842.515625,0.2020808906753858,0.9350000023841858,0.24144446849822998,0.0
adult_n20,fixed,0.01,2,0.01,False,0.711555540561676,17384.71875,0.18743522588411968,0.9380000233650208,0.22644448280334473,0.01
adult_n20,fixed,0.01,2,0.1,False,0.7022222280502319,12411.041015625,0.18308126348919337,0.9399999976158142,0.23777776956558228,0.1
adult_n20,fixed,0.01,2,10.0,False,0.8199999928474426,0.4899352788925171,0.16228218674659725,0.7089999914169312,-0.11100000143051147,10.0
adult_n20,fixed,0.01,2,1.0,False,0.7502222061157227,22.200902938842773,0.03511846676799986,0.8190000057220459,0.06877779960632324,1.0
adult_n20,fixed,0.01,2,30.0,False,0.7522222399711609,0.5754106640815735,0.1877687762975693,0.6549999713897705,-0.09722226858139038,30.0
adult_n20,fixed,0.01,2,3.0,False,0.7919999957084656,0.4810514748096466,0.090072564429707,0.7559999823570251,-0.03600001335144043,3.0
adult_n20,fixed,0.01,3,0.0,False,0.7075555324554443,50217.4296875,0.18570587672127617,0.9355000257492065,0.2279444932937622,0.0
adult_n20,fixed,0.01,3,0.01,False,0.7080000042915344,44010.76953125,0.17666785201761456,0.9394999742507935,0.23149996995925903,0.01
adult_n20,fixed,0.01,3,0.1,False,0.6833333373069763,20259.361328125,0.18137356497181786,0.9144999980926514,0.23116666078567505,0.1
adult_n20,fixed,0.01,3,10.0,False,0.8217777609825134,0.4983656108379364,0.1726346321635776,0.7149999737739563,-0.10677778720855713,10.0
adult_n20,fixed,0.01,3,1.0,False,0.7486666440963745,40.320064544677734,0.07352411986059613,0.8220000267028809,0.07333338260650635,1.0
adult_n20,fixed,0.01,3,30.0,False,0.7522222399711609,0.5771163702011108,0.18668741887145573,0.6549999713897705,-0.09722226858139038,30.0
adult_n20,fixed,0.01,3,3.0,False,0.7913333177566528,0.49076008796691895,0.1022241674264272,0.7555000185966492,-0.03583329916000366,3.0
adult_n20,fixed,0.01,4,0.0,False,0.6822222471237183,13936.1982421875,0.20904182162549761,0.9399999976158142,0.25777775049209595,0.0
adult_n20,fixed,0.01,4,0.01,False,0.6724444627761841,8984.95703125,0.22656725094053481,0.9430000185966492,0.2705555558204651,0.01
adult_n20,fixed,0.01,4,0.1,False,0.6764444708824158,3338.412353515625,0.17965594694349502,0.9190000295639038,0.24255555868148804,0.1
adult_n20,fixed,0.01,4,10.0,False,0.7908889055252075,0.47942692041397095,0.10732106366422442,0.6940000057220459,-0.09688889980316162,10.0
adult_n20,fixed,0.01,4,1.0,False,0.7502222061157227,44.603607177734375,0.050046811792585584,0.8224999904632568,0.07227778434753418,1.0
adult_n20,fixed,0.01,4,30.0,False,0.7522222399711609,0.5784927010536194,0.19293482020166186,0.6549999713897705,-0.09722226858139038,30.0
adult_n20,fixed,0.01,4,3.0,False,0.8024444580078125,0.49497705698013306,0.1116917455593745,0.7465000152587891,-0.05594444274902344,3.0
adult_n20,step_early_wd,0.003,0,,False,0.7217777967453003,52396.3046875,0.1465767556561364,0.9089999794960022,0.1872221827507019,0.0
adult_n20,step_early_wd,0.003,1,,False,0.6846666932106018,38381.37109375,0.1815193188322915,0.9190000295639038,0.234333336353302,0.0
adult_n20,step_early_wd,0.003,2,,False,0.7282222509384155,30418.68359375,0.14768287150065104,0.9054999947547913,0.17727774381637573,0.0
adult_n20,step_early_wd,0.003,3,,False,0.7031111121177673,40789.65234375,0.16381186221705543,0.9190000295639038,0.21588891744613647,0.0
adult_n20,step_early_wd,0.003,4,,False,0.70333331823349,34907.24609375,0.1624361547761493,0.9104999899864197,0.2071666717529297,0.0
bank_full,adadecay_default,0.003,0,,False,0.8966666460037231,0.23375222086906433,0.025647166126304202,0.94482421875,0.048157572746276855,0.0005
bank_full,adadecay_default,0.003,1,,False,0.8960000276565552,0.24117708206176758,0.029361979444821676,0.940673828125,0.044673800468444824,0.0005
bank_full,adadecay_default,0.003,2,,False,0.8986666798591614,0.23951250314712524,0.03797501575946807,0.94189453125,0.04322785139083862,0.0005
bank_full,adadecay_default,0.003,3,,False,0.894444465637207,0.2371896207332611,0.03128732956780328,0.945068359375,0.05062389373779297,0.0005
bank_full,adadecay_default,0.003,4,,False,0.8833333253860474,0.258457750082016,0.03506859453519186,0.935302734375,0.05196940898895264,0.0005
bank_full,adadecay_regime,0.003,0,,False,0.9035555720329285,0.2143733650445938,0.011751432114177281,0.924560546875,0.021004974842071533,1.0
bank_full,adadecay_regime,0.003,1,,False,0.9024444222450256,0.21509061753749847,0.011914170198970371,0.928955078125,0.026510655879974365,1.0
bank_full,adadecay_regime,0.003,2,,False,0.9039999842643738,0.20925304293632507,0.01729798758029938,0.929443359375,0.02544337511062622,1.0
bank_full,adadecay_regime,0.003,3,,False,0.9017778038978577,0.2119927853345871,0.012873389442761738,0.9296875,0.027909696102142334,1.0
bank_full,adadecay_regime,0.003,4,,False,0.8964444398880005,0.2249768078327179,0.013171429422166613,0.92822265625,0.03177821636199951,1.0
bank_full,adamp_proj,0.003,0,,False,0.8999999761581421,0.23941999673843384,0.028712845378451878,0.944091796875,0.04409182071685791,0.0
bank_full,adamp_proj,0.003,1,,False,0.8982222080230713,0.23670177161693573,0.027923743579122754,0.942138671875,0.04391646385192871,0.0
bank_full,adamp_proj,0.003,2,,False,0.8975555300712585,0.23709265887737274,0.03478869781229231,0.94287109375,0.045315563678741455,0.0
bank_full,adamp_proj,0.003,3,,False,0.8975555300712585,0.2418883740901947,0.030388779905107285,0.943359375,0.045803844928741455,0.0
bank_full,adamp_proj,0.003,4,,False,0.8833333253860474,0.25911739468574524,0.0346729883088006,0.93896484375,0.05563151836395264,0.0
bank_full,cosine_wd,0.003,0,,False,0.8995555639266968,0.22350339591503143,0.021460092544555665,0.93603515625,0.03647959232330322,0.0
bank_full,cosine_wd,0.003,1,,False,0.897777795791626,0.23476697504520416,0.02419627645280626,0.933837890625,0.03606009483337402,0.0
bank_full,cosine_wd,0.003,2,,False,0.9024444222450256,0.22228707373142242,0.02736327232254876,0.937744140625,0.035299718379974365,0.0
bank_full,cosine_wd,0.003,3,,False,0.8995555639266968,0.22228366136550903,0.024048283146487343,0.938232421875,0.03867685794830322,0.0
bank_full,cosine_wd,0.003,4,,False,0.895111083984375,0.23355235159397125,0.022884641210238137,0.931396484375,0.036285400390625,0.0
bank_full,ctrl,0.003,0,0.0,False,0.9028888940811157,0.21622112393379211,0.014375459750493367,0.92919921875,0.026310324668884277,0.5845280182992019
bank_full,ctrl,0.003,0,0.01,False,0.9028888940811157,0.2150949090719223,0.013713353315989175,0.928466796875,0.025577902793884277,0.6143048797385886
bank_full,ctrl,0.003,0,0.1,False,0.9055555462837219,0.21374933421611786,0.011417195200920105,0.9296875,0.024131953716278076,0.6234590248158762
bank_full,ctrl,0.003,0,10.0,False,0.8831111192703247,0.2374596893787384,0.04611963306532966,0.8896484375,0.006537318229675293,7.919821139072742
bank_full,ctrl,0.003,0,1.0,False,0.9051111340522766,0.21340090036392212,0.015582869516478644,0.924072265625,0.01896113157272339,0.7974510213826411
bank_full,ctrl,0.003,0,30.0,False,0.8831111192703247,0.5388749837875366,0.2849822656181123,0.8896484375,0.006537318229675293,27.107009045726173
bank_full,ctrl,0.003,0,3.0,False,0.903333306312561,0.21320094168186188,0.010184288707044391,0.924560546875,0.021227240562438965,1.5225983665509215
bank_full,ctrl,0.003,1,0.0,False,0.9006666541099548,0.22315487265586853,0.017847930477725135,0.934814453125,0.034147799015045166,0.49483737834564234
bank_full,ctrl,0.003,1,0.01,False,0.8999999761581421,0.22669774293899536,0.016600817090935176,0.93212890625,0.03212893009185791,0.4473275702464776
bank_full,ctrl,0.003,1,0.1,False,0.8964444398880005,0.2263297438621521,0.018930980741977688,0.935302734375,0.03885829448699951,0.486578614981462
bank_full,ctrl,0.003,1,10.0,False,0.8973333239555359,0.24143986403942108,0.04740187862184313,0.908203125,0.010869801044464111,7.942089529533863
bank_full,ctrl,0.003,1,1.0,False,0.8991110920906067,0.21807315945625305,0.012656505988703834,0.927734375,0.02862328290939331,0.7008781226312105
bank_full,ctrl,0.003,1,30.0,False,0.8831111192703247,0.5121716856956482,0.2670373337931103,0.8896484375,0.006537318229675293,27.334584041210064
bank_full,ctrl,0.003,1,3.0,False,0.9028888940811157,0.21309678256511688,0.011628791477945117,0.926513671875,0.023624777793884277,1.3808145922537325
bank_full,ctrl,0.003,2,0.0,False,0.9017778038978577,0.221282497048378,0.027642675671312546,0.932861328125,0.031083524227142334,0.4426747789655811
bank_full,ctrl,0.003,2,0.01,False,0.903333306312561,0.21846352517604828,0.025568090173933244,0.933837890625,0.030504584312438965,0.4199515612805448
bank_full,ctrl,0.003,2,0.1,False,0.9004444479942322,0.21725982427597046,0.025287618305948042,0.93212890625,0.03168445825576782,0.42000011846202956
bank_full,ctrl,0.003,2,10.0,False,0.8831111192703247,0.2343837320804596,0.039892000152005086,0.8896484375,0.006537318229675293,8.001326798509554
bank_full,ctrl,0.003,2,1.0,False,0.9004444479942322,0.21544046700000763,0.02484158464272817,0.931884765625,0.03144031763076782,0.6248748833566634
bank_full,ctrl,0.003,2,30.0,False,0.8831111192703247,0.4966798424720764,0.2598906287286017,0.8896484375,0.006537318229675293,27.56212130116888
bank_full,ctrl,0.003,2,3.0,False,0.9057777523994446,0.20938102900981903,0.007985500839021472,0.924560546875,0.01878279447555542,1.3132899690853965
bank_full,ctrl,0.003,3,0.0,False,0.9011111259460449,0.21923810243606567,0.01809683820274141,0.93310546875,0.03199434280395508,0.5297303869182052
bank_full,ctrl,0.003,3,0.01,False,0.8995555639266968,0.22108370065689087,0.02105431180530124,0.9345703125,0.03501474857330322,0.5469091802922712
bank_full,ctrl,0.003,3,0.1,False,0.9026666879653931,0.21931077539920807,0.021480789820353192,0.934814453125,0.032147765159606934,0.5198238707621046
bank_full,ctrl,0.003,3,10.0,False,0.8831111192703247,0.23444834351539612,0.043765525612566206,0.8896484375,0.006537318229675293,7.684716149545621
bank_full,ctrl,0.003,3,1.0,False,0.9017778038978577,0.2133086621761322,0.013879689998096889,0.93359375,0.031815946102142334,0.6477377282757653
bank_full,ctrl,0.003,3,30.0,False,0.8831111192703247,0.523827075958252,0.2760367246866226,0.8896484375,0.006537318229675293,27.896386371411705
bank_full,ctrl,0.003,3,3.0,False,0.9020000100135803,0.21117901802062988,0.013674107677406734,0.9287109375,0.026710927486419678,1.3080252109084745
bank_full,ctrl,0.003,4,0.0,False,0.8899999856948853,0.23831990361213684,0.016735271824730766,0.93359375,0.043593764305114746,0.5593541423946101
bank_full,ctrl,0.003,4,0.01,False,0.8893333077430725,0.23668190836906433,0.015355390257305567,0.9287109375,0.03937762975692749,0.5341485277087613
bank_full,ctrl,0.003,4,0.1,False,0.8888888955116272,0.2356681376695633,0.016783403476079303,0.93115234375,0.0422634482383728,0.560381956102728
bank_full,ctrl,0.003,4,10.0,False,0.8831111192703247,0.23829907178878784,0.043835729042689,0.8896484375,0.006537318229675293,8.243963851606326
bank_full,ctrl,0.003,4,1.0,False,0.8933333158493042,0.22589659690856934,0.012036653995513917,0.9306640625,0.0373307466506958,0.6954145579487474
bank_full,ctrl,0.003,4,30.0,False,0.8831111192703247,0.4917236268520355,0.2556982891096009,0.8896484375,0.006537318229675293,27.52943060388274
bank_full,ctrl,0.003,4,3.0,False,0.8993333578109741,0.2197214514017105,0.01503008000055949,0.92724609375,0.02791273593902588,1.5018476862793162
bank_full,fixed,0.003,0,0.0,False,0.8999999761581421,0.23599699139595032,0.02609432405233383,0.94580078125,0.04580080509185791,0.0
bank_full,fixed,0.003,0,0.01,False,0.8968889117240906,0.2348099797964096,0.02726710414224201,0.94189453125,0.045005619525909424,0.01
bank_full,fixed,0.003,0,0.1,False,0.903333306312561,0.2283584326505661,0.023425327208307055,0.93603515625,0.032701849937438965,0.1
bank_full,fixed,0.003,0,10.0,False,0.8831111192703247,0.2482367604970932,0.05835183353556527,0.8896484375,0.006537318229675293,10.0
bank_full,fixed,0.003,0,1.0,False,0.9066666960716248,0.21230269968509674,0.011056116276317174,0.923828125,0.017161428928375244,1.0
bank_full,fixed,0.003,0,30.0,False,0.8831111192703247,0.5755895972251892,0.3078947965436512,0.8896484375,0.006537318229675293,30.0
bank_full,fixed,0.003,0,3.0,False,0.9068889021873474,0.2154005616903305,0.020352797521485222,0.912841796875,0.005952894687652588,3.0
bank_full,fixed,0.003,1,0.0,False,0.8955555558204651,0.2397880107164383,0.02954636229409112,0.940185546875,0.04462999105453491,0.0
bank_full,fixed,0.003,1,0.01,False,0.8966666460037231,0.24162410199642181,0.0290605628490448,0.939208984375,0.042542338371276855,0.01
bank_full,fixed,0.003,1,0.1,False,0.8964444398880005,0.2329520434141159,0.026821217974027,0.935791015625,0.03934657573699951,0.1
bank_full,fixed,0.003,1,10.0,False,0.8837777972221375,0.25128883123397827,0.057446129428015816,0.8916015625,0.007823765277862549,10.0
bank_full,fixed,0.003,1,1.0,False,0.9042222499847412,0.21185564994812012,0.010586875610881383,0.927734375,0.02351212501525879,1.0
bank_full,fixed,0.003,1,30.0,False,0.8831111192703247,0.5727556347846985,0.3061401313013501,0.8896484375,0.006537318229675293,30.0
bank_full,fixed,0.003,1,3.0,False,0.9008888602256775,0.21660234034061432,0.02307810205221176,0.91748046875,0.01659160852432251,3.0
bank_full,fixed,0.003,2,0.0,False,0.8993333578109741,0.2389255166053772,0.03657731456226773,0.9443359375,0.04500257968902588,0.0
bank_full,fixed,0.003,2,0.01,False,0.8984444737434387,0.24059659242630005,0.03666865728961097,0.94482421875,0.04637974500656128,0.01
bank_full,fixed,0.003,2,0.1,False,0.8982222080230713,0.23229309916496277,0.03550060411956575,0.940185546875,0.04196333885192871,0.1
bank_full,fixed,0.003,2,10.0,False,0.8831111192703247,0.24261577427387238,0.04595459014177322,0.8896484375,0.006537318229675293,10.0
bank_full,fixed,0.003,2,1.0,False,0.9028888940811157,0.20950694382190704,0.018491256501939567,0.92919921875,0.026310324668884277,1.0
bank_full,fixed,0.003,2,30.0,False,0.8831111192703247,0.5257129073143005,0.2731547323995166,0.8896484375,0.006537318229675293,30.0
bank_full,fixed,0.003,2,3.0,False,0.9053333401679993,0.21391908824443817,0.017061458468437197,0.91650390625,0.011170566082000732,3.0
bank_full,fixed,0.003,3,0.0,False,0.8955555558204651,0.2398933321237564,0.031445759309662716,0.946044921875,0.05048936605453491,0.0
bank_full,fixed,0.003,3,0.01,False,0.8973333239555359,0.23909559845924377,0.029516171031528052,0.944091796875,0.04675847291946411,0.01
bank_full,fixed,0.003,3,0.1,False,0.8968889117240906,0.23543836176395416,0.029781040536032782,0.942138671875,0.045249760150909424,0.1
bank_full,fixed,0.003,3,10.0,False,0.8831111192703247,0.24616603553295135,0.056471563696861266,0.8896484375,0.006537318229675293,10.0
bank_full,fixed,0.003,3,1.0,False,0.9048888683319092,0.2098153531551361,0.01341130985154046,0.9287109375,0.02382206916809082,1.0
bank_full,fixed,0.003,3,30.0,False,0.8831111192703247,0.5956990122795105,0.3214088012509876,0.8896484375,0.006537318229675293,30.0
bank_full,fixed,0.003,3,3.0,False,0.9048888683319092,0.21279223263263702,0.01397205435567432,0.91748046875,0.01259160041809082,3.0
bank_full,fixed,0.003,4,0.0,False,0.8864444494247437,0.2575805187225342,0.0325014898247189,0.93798828125,0.05154383182525635,0.0
bank_full,fixed,0.003,4,0.01,False,0.88355553150177,0.26103609800338745,0.03781190654304292,0.94091796875,0.05736243724822998,0.01
bank_full,fixed,0.003,4,0.1,False,0.8886666893959045,0.2511214017868042,0.027208082411024306,0.9345703125,0.04590362310409546,0.1
bank_full,fixed,0.003,4,10.0,False,0.8831111192703247,0.2458219677209854,0.050293245646688675,0.8896484375,0.006537318229675293,10.0
bank_full,fixed,0.003,4,1.0,False,0.8964444398880005,0.22415998578071594,0.012972179929415385,0.92724609375,0.03080165386199951,1.0
bank_full,fixed,0.003,4,30.0,False,0.8831111192703247,0.5344541072845459,0.2823991166883045,0.8896484375,0.006537318229675293,30.0
bank_full,fixed,0.003,4,3.0,False,0.9020000100135803,0.2180570513010025,0.020358211000760393,0.920654296875,0.018654286861419678,3.0
bank_full,step_early_wd,0.003,0,,False,0.9015555381774902,0.22506041824817657,0.02025681251949734,0.933837890625,0.032282352447509766,0.0
bank_full,step_early_wd,0.003,1,,False,0.8975555300712585,0.23038902878761292,0.022493416057692634,0.935546875,0.037991344928741455,0.0
bank_full,step_early_wd,0.003,2,,False,0.906000018119812,0.2216641753911972,0.023680043352974786,0.9326171875,0.02661716938018799,0.0
bank_full,step_early_wd,0.003,3,,False,0.8995555639266968,0.2240726798772812,0.027207597275575,0.938720703125,0.03916513919830322,0.0
bank_full,step_early_wd,0.003,4,,False,0.8895555734634399,0.2379755824804306,0.021583423243628608,0.931884765625,0.04232919216156006,0.0
bank_n20,adadecay_default,0.003,0,,False,0.7562222480773926,0.9407030344009399,0.13605901356538136,0.953499972820282,0.1972777247428894,0.0005
bank_n20,adadecay_default,0.003,1,,False,0.7839999794960022,0.8512940406799316,0.1207887047264311,0.934499979019165,0.15049999952316284,0.0005
bank_n20,adadecay_default,0.003,2,,False,0.7735555768013,0.8468766212463379,0.1267114356888665,0.9570000171661377,0.18344444036483765,0.0005
bank_n20,adadecay_default,0.003,3,,False,0.7724444270133972,0.7820051908493042,0.11293499663803312,0.934499979019165,0.16205555200576782,0.0005
bank_n20,adadecay_default,0.003,4,,False,0.7808889150619507,0.832435131072998,0.12681211105982465,0.9595000147819519,0.17861109972000122,0.0005
bank_n20,adadecay_regime,0.003,0,,False,0.7837777733802795,0.5337429642677307,0.03786126560635037,0.906000018119812,0.12222224473953247,1.0
bank_n20,adadecay_regime,0.003,1,,False,0.8293333053588867,0.4743867814540863,0.05369751314984428,0.887499988079071,0.058166682720184326,1.0
bank_n20,adadecay_regime,0.003,2,,False,0.8091111183166504,0.5214999914169312,0.04788869586255816,0.8865000009536743,0.07738888263702393,1.0
bank_n20,adadecay_regime,0.003,3,,False,0.8188889026641846,0.4753018617630005,0.04869516799185011,0.871999979019165,0.05311107635498047,1.0
bank_n20,adadecay_regime,0.003,4,,False,0.8246666789054871,0.4778650104999542,0.05034061452415255,0.8834999799728394,0.058833301067352295,1.0
bank_n20,adamp_proj,0.003,0,,False,0.7468888759613037,0.9563339948654175,0.13915161082479688,0.9440000057220459,0.1971111297607422,0.0
bank_n20,adamp_proj,0.003,1,,False,0.7995555400848389,0.8479995131492615,0.11534313703907861,0.9340000152587891,0.1344444751739502,0.0
bank_n20,adamp_proj,0.003,2,,False,0.7724444270133972,0.8522242307662964,0.12630930953555636,0.9574999809265137,0.18505555391311646,0.0
bank_n20,adamp_proj,0.003,3,,False,0.7684444189071655,0.782779335975647,0.11376904862456852,0.9394999742507935,0.17105555534362793,0.0
bank_n20,adamp_proj,0.003,4,,False,0.7835555672645569,0.7902131676673889,0.11940616055329642,0.9589999914169312,0.17544442415237427,0.0
bank_n20,cosine_wd,0.003,0,,False,0.7775555849075317,0.7493500709533691,0.11363155853748322,0.9365000128746033,0.15894442796707153,0.0
bank_n20,cosine_wd,0.003,1,,False,0.7964444160461426,0.7387911081314087,0.10601818858252632,0.9144999980926514,0.11805558204650879,0.0
bank_n20,cosine_wd,0.003,2,,False,0.7748888731002808,0.7956147789955139,0.11590519636207157,0.9294999837875366,0.15461111068725586,0.0
bank_n20,cosine_wd,0.003,3,,False,0.777999997138977,0.669047474861145,0.08847182841433418,0.9020000100135803,0.12400001287460327,0.0
bank_n20,cosine_wd,0.003,4,,False,0.7795555591583252,0.7008299231529236,0.10586098227236004,0.9309999942779541,0.1514444351196289,0.0
bank_n20,ctrl,0.001,0,0.0,False,0.8235555291175842,0.4277151823043823,0.05225992058383093,0.8634999990463257,0.039944469928741455,1.322347044042043
bank_n20,ctrl,0.001,0,0.1,False,0.828000009059906,0.42540013790130615,0.04838629061645932,0.8640000224113464,0.03600001335144043,1.3303276874976353
bank_n20,ctrl,0.001,0,10.0,False,0.8880000114440918,0.36730095744132996,0.1374066999488407,0.7910000085830688,-0.09700000286102295,5.612788413762914
bank_n20,ctrl,0.001,1,0.0,False,0.8415555357933044,0.4203953146934509,0.058607647021611524,0.8679999709129333,0.026444435119628906,1.286914395838389
bank_n20,ctrl,0.001,1,0.1,False,0.8428888916969299,0.41809359192848206,0.06137036759323544,0.8644999861717224,0.02161109447479248,1.3100982933781276
bank_n20,ctrl,0.001,1,10.0,False,0.8871111273765564,0.3843977451324463,0.14770672402116986,0.796500027179718,-0.09061110019683838,5.196610037579127
bank_n20,ctrl,0.001,2,0.0,False,0.8008888959884644,0.4725770354270935,0.04038399152623282,0.8684999942779541,0.06761109828948975,1.3105722942039326
bank_n20,ctrl,0.001,2,0.1,False,0.8055555820465088,0.4704245924949646,0.04467605021264818,0.8705000281333923,0.06494444608688354,1.3212568128539035
bank_n20,ctrl,0.001,2,10.0,False,0.8833333253860474,0.39237266778945923,0.15019247686862947,0.8004999756813049,-0.08283334970474243,5.636644016297266
bank_n20,ctrl,0.001,3,0.0,False,0.8368889093399048,0.42134612798690796,0.05393006463845572,0.8560000061988831,0.01911109685897827,1.337362263043808
bank_n20,ctrl,0.001,3,0.1,False,0.8388888835906982,0.4206344485282898,0.05245582516988118,0.859000027179718,0.020111143589019775,1.3768966122901451
bank_n20,ctrl,0.001,3,10.0,False,0.8884444236755371,0.36960095167160034,0.13738834965229033,0.7935000061988831,-0.09494441747665405,4.453338533707421
bank_n20,ctrl,0.001,4,0.0,False,0.8275555372238159,0.431950181722641,0.05143120969666375,0.8585000038146973,0.030944466590881348,1.2285843241758252
bank_n20,ctrl,0.001,4,0.1,False,0.8293333053588867,0.42953458428382874,0.05145652715365092,0.859000027179718,0.0296667218208313,1.1989168034981639
bank_n20,ctrl,0.001,4,10.0,False,0.886888861656189,0.38358259201049805,0.1465989085700777,0.7900000214576721,-0.09688884019851685,5.2500382908656436
bank_n20,ctrl,0.003,0,0.0,False,0.7835555672645569,0.5141770243644714,0.03626045921113756,0.8960000276565552,0.11244446039199829,1.0804581221096483
bank_n20,ctrl,0.003,0,0.01,False,0.7728888988494873,0.5182561278343201,0.034076898965570666,0.8949999809265137,0.12211108207702637,1.1062919084338154
bank_n20,ctrl,0.003,0,0.1,False,0.7826666831970215,0.5111734867095947,0.035943188932206896,0.8970000147819519,0.11433333158493042,1.0934792651560523
bank_n20,ctrl,0.003,0,10.0,False,0.8915555477142334,0.3724440932273865,0.1543360773589876,0.7630000114440918,-0.1285555362701416,6.315917750796039
bank_n20,ctrl,0.003,0,1.0,False,0.7873333096504211,0.49196887016296387,0.04266215948263804,0.9004999995231628,0.1131666898727417,1.2753573807390517
bank_n20,ctrl,0.003,0,30.0,False,0.8831111192703247,0.5508544445037842,0.29771789103746416,0.7350000143051147,-0.14811110496520996,26.92622728511787
bank_n20,ctrl,0.003,0,3.0,False,0.7997778058052063,0.4775044620037079,0.047776282323731316,0.8684999942779541,0.0687221884727478,1.6504504584597446
bank_n20,ctrl,0.003,1,0.0,False,0.81977778673172,0.4604002833366394,0.03980554257498847,0.8705000281333923,0.05072224140167236,1.1810842420384582
bank_n20,ctrl,0.003,1,0.01,False,0.8331111073493958,0.4483543336391449,0.04359503014882405,0.8684999942779541,0.03538888692855835,1.1236322219737505
bank_n20,ctrl,0.003,1,0.1,False,0.8364444375038147,0.44740819931030273,0.04920229424370659,0.8659999966621399,0.029555559158325195,1.1356598923699566
bank_n20,ctrl,0.003,1,10.0,False,0.8888888955116272,0.3954564332962036,0.1756090862883462,0.7680000066757202,-0.12088888883590698,7.005220697054336
bank_n20,ctrl,0.003,1,1.0,False,0.8368889093399048,0.4303540885448456,0.04050198252995809,0.8679999709129333,0.031111061573028564,1.3186534672354209
bank_n20,ctrl,0.003,1,30.0,False,0.8831111192703247,0.5414396524429321,0.29013062575790616,0.7350000143051147,-0.14811110496520996,26.766923788420637
bank_n20,ctrl,0.003,1,3.0,False,0.8566666841506958,0.39909207820892334,0.06255998798211415,0.8464999794960022,-0.010166704654693604,1.7041954243552357
bank_n20,ctrl,0.003,2,0.0,False,0.8266666531562805,0.4595869183540344,0.03661181559827593,0.8684999942779541,0.041833341121673584,1.1146512621851925
bank_n20,ctrl,0.003,2,0.01,False,0.8231111168861389,0.47188737988471985,0.03608234300878313,0.8715000152587891,0.048388898372650146,1.1704030752690762
bank_n20,ctrl,0.003,2,0.1,False,0.8168888688087463,0.4671732783317566,0.04523453278011746,0.8734999895095825,0.05661112070083618,1.1611675868920983
bank_n20,ctrl,0.003,2,10.0,False,0.8922222256660461,0.4021663963794708,0.1823440304332309,0.7674999833106995,-0.12472224235534668,7.015518345508913
bank_n20,ctrl,0.003,2,1.0,False,0.8186666369438171,0.4923439621925354,0.04258471482329898,0.8705000281333923,0.051833391189575195,1.2987753871773982
bank_n20,ctrl,0.003,2,30.0,False,0.8831111192703247,0.5311923623085022,0.28053965362575317,0.7350000143051147,-0.14811110496520996,26.8761794407174
bank_n20,ctrl,0.003,2,3.0,False,0.8413333296775818,0.42209964990615845,0.05493891670968797,0.8489999771118164,0.007666647434234619,1.9272915729053257
bank_n20,ctrl,0.003,3,0.0,False,0.8111110925674438,0.46956494450569153,0.039545093284712896,0.8650000095367432,0.053888916969299316,0.8702797391912731
bank_n20,ctrl,0.003,3,0.01,False,0.8195555806159973,0.455001562833786,0.04289071898990207,0.8629999756813049,0.04344439506530762,0.9575657156386127
bank_n20,ctrl,0.003,3,0.1,False,0.8199999928474426,0.4500592052936554,0.03995567650265164,0.8700000047683716,0.050000011920928955,0.9795987723323362
bank_n20,ctrl,0.003,3,10.0,False,0.8928889036178589,0.3759917914867401,0.15886327803134917,0.7639999985694885,-0.12888890504837036,6.630131282339354
bank_n20,ctrl,0.003,3,1.0,False,0.8199999928474426,0.4516725242137909,0.03136946521864997,0.8694999814033508,0.0494999885559082,1.0114810528246252
bank_n20,ctrl,0.003,3,30.0,False,0.8831111192703247,0.5542261004447937,0.2929398789273368,0.7350000143051147,-0.14811110496520996,27.61954070717345
bank_n20,ctrl,0.003,3,3.0,False,0.839555561542511,0.4163052439689636,0.05465168946319157,0.8519999980926514,0.01244443655014038,1.3108177998214783
bank_n20,ctrl,0.003,4,0.0,False,0.8224444389343262,0.45139965415000916,0.03758403295940823,0.8740000128746033,0.0515555739402771,1.1489043087055233
bank_n20,ctrl,0.003,4,0.01,False,0.8202221989631653,0.46618396043777466,0.03818680498335096,0.8690000176429749,0.04877781867980957,1.1483204125226234
bank_n20,ctrl,0.003,4,0.1,False,0.81977778673172,0.4481778144836426,0.03714555452929603,0.8809999823570251,0.061222195625305176,1.148522186792781
bank_n20,ctrl,0.003,4,10.0,False,0.8911111354827881,0.39495447278022766,0.17180555393960742,0.7590000033378601,-0.13211113214492798,7.349686169415609
bank_n20,ctrl,0.003,4,1.0,False,0.8244444727897644,0.4487345516681671,0.04171484345859951,0.8684999942779541,0.0440555214881897,1.3617498519820932
bank_n20,ctrl,0.003,4,30.0,False,0.8831111192703247,0.5290742516517639,0.27819455738200083,0.7350000143051147,-0.14811110496520996,26.747278277768324
bank_n20,ctrl,0.003,4,3.0,False,0.8375555276870728,0.41791632771492004,0.050131997187932334,0.8544999957084656,0.016944468021392822,1.6239092892240272
bank_n20,ctrl,0.01,0,0.0,False,0.8157777786254883,0.4863792955875397,0.08269424335161846,0.8550000190734863,0.03922224044799805,0.8236787763252513
bank_n20,ctrl,0.01,0,0.1,False,0.8339999914169312,0.475904256105423,0.08797573982344731,0.8644999861717224,0.03049999475479126,0.8799302186932404
bank_n20,ctrl,0.01,0,10.0,False,0.8831111192703247,0.4297122061252594,0.20627266774574918,0.7350000143051147,-0.14811110496520996,8.464062213110713
bank_n20,ctrl,0.01,1,0.0,False,0.8577777743339539,0.3978724181652069,0.04598259413242341,0.8410000205039978,-0.016777753829956055,0.939844592343407
bank_n20,ctrl,0.01,1,0.1,False,0.8426666855812073,0.4264422059059143,0.044999443199899465,0.8529999852180481,0.01033329963684082,0.93178284434037
bank_n20,ctrl,0.01,1,10.0,False,0.8831111192703247,0.39130133390426636,0.17015791373120415,0.7350000143051147,-0.14811110496520996,8.36479905156379
bank_n20,ctrl,0.01,2,0.0,False,0.8077777624130249,0.49146491289138794,0.06962769763999516,0.8615000247955322,0.053722262382507324,0.9988052689342513
bank_n20,ctrl,0.01,2,0.1,False,0.8344444632530212,0.4269174337387085,0.05372279858589172,0.8610000014305115,0.026555538177490234,1.0514721364624162
bank_n20,ctrl,0.01,2,10.0,False,0.8831111192703247,0.42386212944984436,0.20031104916996426,0.7350000143051147,-0.14811110496520996,8.54439377056646
bank_n20,ctrl,0.01,3,0.0,False,0.870888888835907,0.37362444400787354,0.06555025798744625,0.8360000252723694,-0.0348888635635376,0.8742607222689424
bank_n20,ctrl,0.01,3,0.1,False,0.8411111235618591,0.42299970984458923,0.06453362561596765,0.8550000190734863,0.013888895511627197,0.8922608268467238
bank_n20,ctrl,0.01,3,10.0,False,0.8831111192703247,0.39453503489494324,0.17962037298414443,0.7350000143051147,-0.14811110496520996,7.993298483471788
bank_n20,ctrl,0.01,4,0.0,False,0.8286666870117188,0.44906389713287354,0.04844927195707957,0.8519999980926514,0.023333311080932617,0.8510923163694537
bank_n20,ctrl,0.01,4,0.1,False,0.8617777824401855,0.3975132405757904,0.07395728416575326,0.8385000228881836,-0.023277759552001953,0.9706413060926635
bank_n20,ctrl,0.01,4,10.0,False,0.8831111192703247,0.394694447517395,0.17615326052904126,0.7350000143051147,-0.14811110496520996,8.279847578354703
bank_n20,fixed,0.001,0,0.0,False,0.7860000133514404,0.533499538898468,0.04150214660167694,0.8955000042915344,0.109499990940094,0.0
bank_n20,fixed,0.001,0,0.01,False,0.7839999794960022,0.5363979339599609,0.03871840594874488,0.8985000252723694,0.11450004577636719,0.01
bank_n20,fixed,0.001,0,0.1,False,0.7897777557373047,0.5259904861450195,0.04152170115047031,0.8955000042915344,0.10572224855422974,0.1
bank_n20,fixed,0.001,0,10.0,False,0.891777753829956,0.39019444584846497,0.17344652243455252,0.7590000033378601,-0.13277775049209595,10.0
bank_n20,fixed,0.001,0,1.0,False,0.8097777962684631,0.4549693167209625,0.04077358321348826,0.8744999766349792,0.06472218036651611,1.0
bank_n20,fixed,0.001,0,30.0,False,0.8831111192703247,0.5763364434242249,0.3158606691757838,0.7350000143051147,-0.14811110496520996,30.0
bank_n20,fixed,0.001,0,3.0,False,0.8619999885559082,0.3821505308151245,0.08764097702503204,0.8360000252723694,-0.02599996328353882,3.0
bank_n20,fixed,0.001,1,0.0,False,0.8142222166061401,0.49181216955184937,0.04418792430559794,0.8859999775886536,0.07177776098251343,0.0
bank_n20,fixed,0.001,1,0.01,False,0.8117777705192566,0.4924338757991791,0.03750152402453952,0.8865000009536743,0.07472223043441772,0.01
bank_n20,fixed,0.001,1,0.1,False,0.8166666626930237,0.48024246096611023,0.045336419860521955,0.8809999823570251,0.06433331966400146,0.1
bank_n20,fixed,0.001,1,10.0,False,0.8915555477142334,0.3904489278793335,0.1730664972861608,0.7595000267028809,-0.13205552101135254,10.0
bank_n20,fixed,0.001,1,1.0,False,0.8304444551467896,0.4331819713115692,0.05251746145884195,0.8679999709129333,0.0375555157661438,1.0
bank_n20,fixed,0.001,1,30.0,False,0.8831111192703247,0.5653734803199768,0.308364874429173,0.7350000143051147,-0.14811110496520996,30.0
bank_n20,fixed,0.001,1,3.0,False,0.8644444346427917,0.39290404319763184,0.09841996734672125,0.8360000252723694,-0.028444409370422363,3.0
bank_n20,fixed,0.001,2,0.0,False,0.781333327293396,0.5481920838356018,0.042896827936172485,0.8934999704360962,0.1121666431427002,0.0
bank_n20,fixed,0.001,2,0.01,False,0.7857778072357178,0.5453929901123047,0.0406456345319748,0.8945000171661377,0.10872220993041992,0.01
bank_n20,fixed,0.001,2,0.1,False,0.7891111373901367,0.5316599011421204,0.04165329636467828,0.8949999809265137,0.10588884353637695,0.1
bank_n20,fixed,0.001,2,10.0,False,0.8924444317817688,0.39056798815727234,0.1732031585375468,0.7615000009536743,-0.13094443082809448,10.0
bank_n20,fixed,0.001,2,1.0,False,0.7960000038146973,0.4872753918170929,0.038457647032207914,0.878000020980835,0.0820000171661377,1.0
bank_n20,fixed,0.001,2,30.0,False,0.8831111192703247,0.5434321761131287,0.2935924797389243,0.7350000143051147,-0.14811110496520996,30.0
bank_n20,fixed,0.001,2,3.0,False,0.8353333473205566,0.42505979537963867,0.084406413992246,0.8445000052452087,0.0091666579246521,3.0
bank_n20,fixed,0.001,3,0.0,False,0.8228889107704163,0.4913904070854187,0.056648084494802686,0.8774999976158142,0.05461108684539795,0.0
bank_n20,fixed,0.001,3,0.01,False,0.8251110911369324,0.490757554769516,0.05649208627806769,0.8799999952316284,0.054888904094696045,0.01
bank_n20,fixed,0.001,3,0.1,False,0.8284444212913513,0.4798244833946228,0.05680475539631314,0.8769999742507935,0.04855555295944214,0.1
bank_n20,fixed,0.001,3,10.0,False,0.8864444494247437,0.3935242295265198,0.17984124018086328,0.7509999871253967,-0.13544446229934692,10.0
bank_n20,fixed,0.001,3,1.0,False,0.8264444470405579,0.4398282468318939,0.04597250354952283,0.8665000200271606,0.04005557298660278,1.0
bank_n20,fixed,0.001,3,30.0,False,0.8831111192703247,0.5736923813819885,0.3063198242055045,0.7350000143051147,-0.14811110496520996,30.0
bank_n20,fixed,0.001,3,3.0,False,0.8606666922569275,0.38853031396865845,0.0972931183112992,0.8289999961853027,-0.031666696071624756,3.0
bank_n20,fixed,0.001,4,0.0,False,0.7846666574478149,0.49707508087158203,0.03176953677336375,0.8840000033378601,0.09933334589004517,0.0
bank_n20,fixed,0.001,4,0.01,False,0.7826666831970215,0.4998054504394531,0.036795220375061034,0.8855000138282776,0.1028333306312561,0.01
bank_n20,fixed,0.001,4,0.1,False,0.7795555591583252,0.49847108125686646,0.03805384401480357,0.8805000185966492,0.10094445943832397,0.1
bank_n20,fixed,0.001,4,10.0,False,0.8904444575309753,0.39468279480934143,0.176891671816508,0.7565000057220459,-0.13394445180892944,10.0
bank_n20,fixed,0.001,4,1.0,False,0.8233333230018616,0.4395424723625183,0.041450901865959164,0.8679999709129333,0.04466664791107178,1.0
bank_n20,fixed,0.001,4,30.0,False,0.8831111192703247,0.550387442111969,0.2970319641166263,0.7350000143051147,-0.14811110496520996,30.0
bank_n20,fixed,0.001,4,3.0,False,0.8659999966621399,0.3983968198299408,0.10952210683292812,0.8245000243186951,-0.041499972343444824,3.0
bank_n20,fixed,0.003,0,0.0,False,0.7437777519226074,0.9811579585075378,0.14904612889554766,0.9539999961853027,0.2102222442626953,0.0
bank_n20,fixed,0.003,0,0.01,False,0.7477777600288391,0.9201341271400452,0.13793905896610684,0.9409999847412109,0.19322222471237183,0.01
bank_n20,fixed,0.003,0,0.1,False,0.7657777667045593,0.8349408507347107,0.12221684345934125,0.9465000033378601,0.18072223663330078,0.1
bank_n20,fixed,0.003,0,10.0,False,0.8842222094535828,0.39326339960098267,0.17942310926649305,0.7369999885559082,-0.14722222089767456,10.0
bank_n20,fixed,0.003,0,1.0,False,0.7724444270133972,0.5425419807434082,0.037353734559483,0.9020000100135803,0.1295555830001831,1.0
bank_n20,fixed,0.003,0,30.0,False,0.8831111192703247,0.5705382823944092,0.30431200959947374,0.7350000143051147,-0.14811110496520996,30.0
bank_n20,fixed,0.003,0,3.0,False,0.8715555667877197,0.38491302728652954,0.10415451353126103,0.8264999985694885,-0.0450555682182312,3.0
bank_n20,fixed,0.003,1,0.0,False,0.7968888878822327,0.8234650492668152,0.11514031417502298,0.9334999918937683,0.13661110401153564,0.0
bank_n20,fixed,0.003,1,0.01,False,0.7886666655540466,0.8725481629371643,0.12137175656027263,0.940500020980835,0.15183335542678833,0.01
bank_n20,fixed,0.003,1,0.1,False,0.7962222099304199,0.8198885917663574,0.10866711020469665,0.9334999918937683,0.1372777819633484,0.1
bank_n20,fixed,0.003,1,10.0,False,0.8911111354827881,0.4087502956390381,0.18810970293151008,0.7595000267028809,-0.13161110877990723,10.0
bank_n20,fixed,0.003,1,1.0,False,0.8255555629730225,0.4583410918712616,0.040875408689181006,0.8840000033378601,0.058444440364837646,1.0
bank_n20,fixed,0.003,1,30.0,False,0.8831111192703247,0.5668357014656067,0.3016244551075829,0.7350000143051147,-0.14811110496520996,30.0
bank_n20,fixed,0.003,1,3.0,False,0.871999979019165,0.38967400789260864,0.10991370647483402,0.8190000057220459,-0.05299997329711914,3.0
bank_n20,fixed,0.003,2,0.0,False,0.7620000243186951,0.8709506988525391,0.13218172683980728,0.9574999809265137,0.1954999566078186,0.0
bank_n20,fixed,0.003,2,0.01,False,0.7699999809265137,0.8582522869110107,0.1282126091718674,0.9539999961853027,0.18400001525878906,0.01
bank_n20,fixed,0.003,2,0.1,False,0.7946666479110718,0.7346321940422058,0.09744621789455413,0.9434999823570251,0.14883333444595337,0.1
bank_n20,fixed,0.003,2,10.0,False,0.88355553150177,0.40654534101486206,0.1890306772126092,0.7369999885559082,-0.14655554294586182,10.0
bank_n20,fixed,0.003,2,1.0,False,0.8046666383743286,0.5297628045082092,0.05150008218818241,0.8845000267028809,0.07983338832855225,1.0
bank_n20,fixed,0.003,2,30.0,False,0.8831111192703247,0.5575557947158813,0.3044992563856973,0.7350000143051147,-0.14811110496520996,30.0
bank_n20,fixed,0.003,2,3.0,False,0.8526666760444641,0.41125792264938354,0.09484748176733653,0.8230000138282776,-0.029666662216186523,3.0
bank_n20,fixed,0.003,3,0.0,False,0.7675555348396301,0.8283820748329163,0.11821390792396333,0.9375,0.16994446516036987,0.0
bank_n20,fixed,0.003,3,0.01,False,0.7646666765213013,0.8143216967582703,0.11581086301803589,0.9365000128746033,0.171833336353302,0.01
bank_n20,fixed,0.003,3,0.1,False,0.7695555686950684,0.7312776446342468,0.10651022084554038,0.9279999732971191,0.15844440460205078,0.1
bank_n20,fixed,0.003,3,10.0,False,0.8831111192703247,0.3964143991470337,0.18321510857343676,0.7350000143051147,-0.14811110496520996,10.0
bank_n20,fixed,0.003,3,1.0,False,0.8251110911369324,0.45792698860168457,0.038297052648332386,0.8640000224113464,0.03888893127441406,1.0
bank_n20,fixed,0.003,3,30.0,False,0.8831111192703247,0.5694161653518677,0.3035210040675269,0.7350000143051147,-0.14811110496520996,30.0
bank_n20,fixed,0.003,3,3.0,False,0.8773333430290222,0.36827921867370605,0.11157302722665999,0.8029999732971191,-0.07433336973190308,3.0
bank_n20,fixed,0.003,4,0.0,False,0.7717777490615845,0.8239837288856506,0.13400869387388228,0.9635000228881836,0.19172227382659912,0.0
bank_n20,fixed,0.003,4,0.01,False,0.7699999809265137,0.8115517497062683,0.13431565243668026,0.9574999809265137,0.1875,0.01
bank_n20,fixed,0.003,4,0.1,False,0.7760000228881836,0.7148714661598206,0.11550107712878122,0.9524999856948853,0.17649996280670166,0.1
bank_n20,fixed,0.003,4,10.0,False,0.8857777714729309,0.4011668562889099,0.1801242683264944,0.7534999847412109,-0.13227778673171997,10.0
bank_n20,fixed,0.003,4,1.0,False,0.8073333501815796,0.48215949535369873,0.03937915037737952,0.8784999847412109,0.07116663455963135,1.0
bank_n20,fixed,0.003,4,30.0,False,0.8831111192703247,0.5575910806655884,0.30447155221303307,0.7350000143051147,-0.14811110496520996,30.0
bank_n20,fixed,0.003,4,3.0,False,0.863111138343811,0.3958425521850586,0.10751877280076345,0.8199999928474426,-0.04311114549636841,3.0
bank_n20,fixed,0.01,0,0.0,False,0.7622222304344177,1.3071331977844238,0.15191367319557403,0.953000009059906,0.19077777862548828,0.0
bank_n20,fixed,0.01,0,0.01,False,0.7168889045715332,1.4178677797317505,0.19425116822454666,0.9394999742507935,0.22261106967926025,0.01
bank_n20,fixed,0.01,0,0.1,False,0.7522222399711609,0.9468023180961609,0.13753323647711013,0.9474999904632568,0.19527775049209595,0.1
bank_n20,fixed,0.01,0,10.0,False,0.8831111192703247,0.43339648842811584,0.20734777683681913,0.7350000143051147,-0.14811110496520996,10.0
bank_n20,fixed,0.01,0,1.0,False,0.8495555520057678,0.45752906799316406,0.11234199517303042,0.8364999890327454,-0.013055562973022461,1.0
bank_n20,fixed,0.01,0,30.0,False,0.8831111192703247,0.5754688382148743,0.3073774973816342,0.7350000143051147,-0.14811110496520996,30.0
bank_n20,fixed,0.01,0,3.0,False,0.8846666812896729,0.4053947925567627,0.16521003985404967,0.7760000228881836,-0.10866665840148926,3.0
bank_n20,fixed,0.01,1,0.0,False,0.7784444689750671,1.311476469039917,0.1499656073583497,0.953499972820282,0.17505550384521484,0.0
bank_n20,fixed,0.01,1,0.01,False,0.7317777872085571,1.3250964879989624,0.17042099905014038,0.9490000009536743,0.2172222137451172,0.01
bank_n20,fixed,0.01,1,0.1,False,0.7902222275733948,0.8649758100509644,0.11805374366707272,0.9480000138282776,0.1577777862548828,0.1
bank_n20,fixed,0.01,1,10.0,False,0.8831111192703247,0.3995688855648041,0.17868970518642,0.7350000143051147,-0.14811110496520996,10.0
bank_n20,fixed,0.01,1,1.0,False,0.8486666679382324,0.4001666307449341,0.045201382829083335,0.843500018119812,-0.00516664981842041,1.0
bank_n20,fixed,0.01,1,30.0,False,0.8831111192703247,0.5727538466453552,0.3056361654731963,0.7350000143051147,-0.14811110496520996,30.0
bank_n20,fixed,0.01,1,3.0,False,0.8855555653572083,0.3694167733192444,0.1297627085712221,0.7705000042915344,-0.11505556106567383,3.0
bank_n20,fixed,0.01,2,0.0,False,0.7497777938842773,1.495219349861145,0.1785966887606515,0.9735000133514404,0.22372221946716309,0.0
bank_n20,fixed,0.01,2,0.01,False,0.7820000052452087,1.2475144863128662,0.15069577186637456,0.968500018119812,0.18650001287460327,0.01
bank_n20,fixed,0.01,2,0.1,False,0.7393333315849304,0.988479733467102,0.16252206811639996,0.9660000205039978,0.22666668891906738,0.1
bank_n20,fixed,0.01,2,10.0,False,0.8831111192703247,0.4300091862678528,0.2047800768150224,0.7350000143051147,-0.14811110496520996,10.0
bank_n20,fixed,0.01,2,1.0,False,0.8446666598320007,0.4328336715698242,0.0650184651348326,0.8360000252723694,-0.008666634559631348,1.0
bank_n20,fixed,0.01,2,30.0,False,0.8831111192703247,0.5656319260597229,0.30040173301431866,0.7350000143051147,-0.14811110496520996,30.0
bank_n20,fixed,0.01,2,3.0,False,0.8880000114440918,0.368856281042099,0.14042432827419704,0.7774999737739563,-0.1105000376701355,3.0
bank_n20,fixed,0.01,3,0.0,False,0.7606666684150696,1.1837952136993408,0.13286117321915095,0.9424999952316284,0.18183332681655884,0.0
bank_n20,fixed,0.01,3,0.01,False,0.738444447517395,1.0834500789642334,0.1501424783203337,0.9300000071525574,0.19155555963516235,0.01
bank_n20,fixed,0.01,3,0.1,False,0.734000027179718,0.9325451254844666,0.13322187454832923,0.9120000004768372,0.17799997329711914,0.1
bank_n20,fixed,0.01,3,10.0,False,0.8831111192703247,0.40332257747650146,0.19232756503423057,0.7350000143051147,-0.14811110496520996,10.0
bank_n20,fixed,0.01,3,1.0,False,0.8622221946716309,0.38551032543182373,0.0830269797510571,0.8195000290870667,-0.04272216558456421,1.0
bank_n20,fixed,0.01,3,30.0,False,0.8831111192703247,0.5777022838592529,0.30930862458546954,0.7350000143051147,-0.14811110496520996,30.0
bank_n20,fixed,0.01,3,3.0,False,0.8875555396080017,0.35993748903274536,0.14120185808340707,0.7609999775886536,-0.12655556201934814,3.0
bank_n20,fixed,0.01,4,0.0,False,0.7444444298744202,1.2539398670196533,0.16887593699826137,0.9585000276565552,0.214055597782135,0.0
bank_n20,fixed,0.01,4,0.01,False,0.753333330154419,1.1823604106903076,0.16494783557123607,0.9599999785423279,0.20666664838790894,0.01
bank_n20,fixed,0.01,4,0.1,False,0.7708888649940491,0.8445975184440613,0.13261462985806993,0.953000009059906,0.18211114406585693,0.1
bank_n20,fixed,0.01,4,10.0,False,0.8831111192703247,0.40273213386535645,0.18320769218603772,0.7350000143051147,-0.14811110496520996,10.0
bank_n20,fixed,0.01,4,1.0,False,0.8577777743339539,0.39021965861320496,0.06201175962554085,0.8314999938011169,-0.026277780532836914,1.0
bank_n20,fixed,0.01,4,30.0,False,0.8831111192703247,0.5596112012863159,0.2989717589881686,0.7350000143051147,-0.14811110496520996,30.0
bank_n20,fixed,0.01,4,3.0,False,0.8897777795791626,0.38039201498031616,0.14826277315616607,0.7599999904632568,-0.12977778911590576,3.0
bank_n20,step_early_wd,0.003,0,,False,0.7515555620193481,0.8570136427879333,0.1317250238921907,0.9459999799728394,0.1944444179534912,0.0
bank_n20,step_early_wd,0.003,1,,False,0.8057777881622314,0.7253108620643616,0.09551977070172628,0.9160000085830688,0.1102222204208374,0.0
bank_n20,step_early_wd,0.003,2,,False,0.7760000228881836,0.8440642952919006,0.12099261458052529,0.9294999837875366,0.15349996089935303,0.0
bank_n20,step_early_wd,0.003,3,,False,0.7755555510520935,0.6999024152755737,0.09602997681829664,0.9125000238418579,0.1369444727897644,0.0
bank_n20,step_early_wd,0.003,4,,False,0.7631111145019531,0.7693689465522766,0.120728926870558,0.9365000128746033,0.17338889837265015,0.0
digits_full,adadecay_default,0.003,0,,False,0.9721707105636597,0.1028619185090065,0.02032445799663027,1.0,0.027829289436340332,0.0005
digits_full,adadecay_default,0.003,1,,False,0.9721707105636597,0.11906936764717102,0.012991766429787884,1.0,0.027829289436340332,0.0005
digits_full,adadecay_default,0.003,2,,False,0.9610389471054077,0.11284314095973969,0.019751228074195878,1.0,0.038961052894592285,0.0005
digits_full,adadecay_default,0.003,3,,False,0.9628942608833313,0.12364110350608826,0.012449598434020062,1.0,0.0371057391166687,0.0005
digits_full,adadecay_default,0.003,4,,False,0.9721707105636597,0.10846931487321854,0.006883811751632831,1.0,0.027829289436340332,0.0005
digits_full,adadecay_regime,0.003,0,,False,0.9721707105636597,0.11738425493240356,0.038068634293738454,0.998410165309906,0.026239454746246338,1.0
digits_full,adadecay_regime,0.003,1,,False,0.9758812785148621,0.13475851714611053,0.04765720811978342,0.998410165309906,0.022528886795043945,1.0
digits_full,adadecay_regime,0.003,2,,False,0.9684600830078125,0.1281774491071701,0.031787941042257815,0.998410165309906,0.029950082302093506,1.0
digits_full,adadecay_regime,0.003,3,,False,0.9684600830078125,0.12952211499214172,0.03210273799737,0.998410165309906,0.029950082302093506,1.0
digits_full,adadecay_regime,0.003,4,,False,0.9703153967857361,0.1201268658041954,0.036258873393230404,0.998410165309906,0.028094768524169922,1.0
digits_full,adamp_proj,0.003,0,,False,0.9703153967857361,0.1030564233660698,0.01972303922410799,1.0,0.029684603214263916,0.0
digits_full,adamp_proj,0.003,1,,False,0.9721707105636597,0.11903302371501923,0.013037592117330802,1.0,0.027829289436340332,0.0
digits_full,adamp_proj,0.003,2,,False,0.9610389471054077,0.11299142986536026,0.019742497486616994,1.0,0.038961052894592285,0.0
digits_full,adamp_proj,0.003,3,,False,0.9628942608833313,0.12358257174491882,0.013009593416012285,1.0,0.0371057391166687,0.0
digits_full,adamp_proj,0.003,4,,False,0.9721707105636597,0.10887733846902847,0.008160185559561169,1.0,0.027829289436340332,0.0
digits_full,cosine_wd,0.003,0,,False,0.9721707105636597,0.09817316383123398,0.013770956884730947,0.9992051124572754,0.027034401893615723,0.0
digits_full,cosine_wd,0.003,1,,False,0.9740259647369385,0.1172817274928093,0.01977527340621807,1.0,0.025974035263061523,0.0
digits_full,cosine_wd,0.003,2,,False,0.9647495150566101,0.10634028166532516,0.01201871689927379,0.9992051124572754,0.03445559740066528,0.0
digits_full,cosine_wd,0.003,3,,False,0.9666048288345337,0.11652965098619461,0.009465181484735522,1.0,0.03339517116546631,0.0
digits_full,cosine_wd,0.003,4,,False,0.9777365326881409,0.10533639043569565,0.016821296073510166,0.9992051124572754,0.02146857976913452,0.0
digits_full,ctrl,0.003,0,0.0,False,0.9628942608833313,0.2842123508453369,0.15504404150488646,0.9761525988578796,0.01325833797454834,5.381793253819845
digits_full,ctrl,0.003,0,0.01,False,0.9628942608833313,0.2849457561969757,0.15552719388025812,0.9761525988578796,0.01325833797454834,5.394842247631271
digits_full,ctrl,0.003,0,0.1,False,0.9628942608833313,0.2916697859764099,0.1601540785220647,0.975357711315155,0.01246345043182373,5.5205021515077775
digits_full,ctrl,0.003,0,10.0,False,0.8293135166168213,0.9699414968490601,0.37504685765515894,0.8513513803482056,0.022037863731384277,12.540229488692983
digits_full,ctrl,0.003,0,1.0,False,0.9554731249809265,0.36372068524360657,0.20123257110645243,0.9682034850120544,0.01273036003112793,6.735300201324522
digits_full,ctrl,0.003,0,30.0,False,0.30612245202064514,1.9644055366516113,0.14423124478345456,0.35771065950393677,0.051588207483291626,27.379932809911836
digits_full,ctrl,0.003,0,3.0,False,0.9424861073493958,0.4500994086265564,0.2431736408226565,0.9586645364761353,0.016178429126739502,8.001720875660803
digits_full,ctrl,0.003,1,0.0,False,0.9536178112030029,0.2967285215854645,0.15635770786007616,0.9777424335479736,0.024124622344970703,5.494076424506218
digits_full,ctrl,0.003,1,0.01,False,0.9536178112030029,0.2970266342163086,0.15704634840944037,0.978537380695343,0.024919569492340088,5.500081752367283
digits_full,ctrl,0.003,1,0.1,False,0.9517624974250793,0.30362755060195923,0.15985624456228706,0.9777424335479736,0.025979936122894287,5.6236776731127405
digits_full,ctrl,0.003,1,10.0,False,0.8181818127632141,0.9929107427597046,0.3732279242190889,0.842607319355011,0.024425506591796875,12.434024149146342
digits_full,ctrl,0.003,1,1.0,False,0.9443413615226746,0.37816813588142395,0.20164481936115947,0.9682034850120544,0.023862123489379883,6.833381823391294
digits_full,ctrl,0.003,1,30.0,False,0.26159554719924927,1.9597316980361938,0.11504261451384573,0.29332274198532104,0.03172719478607178,27.428235386189627
digits_full,ctrl,0.003,1,3.0,False,0.9369202256202698,0.46405842900276184,0.24761088908492743,0.9602543711662292,0.023334145545959473,8.020359296542727
digits_full,ctrl,0.003,2,0.0,False,0.9554731249809265,0.27630943059921265,0.1446004868493673,0.976947546005249,0.02147442102432251,5.228621539379945
digits_full,ctrl,0.003,2,0.01,False,0.9554731249809265,0.276996910572052,0.14510574331420695,0.976947546005249,0.02147442102432251,5.242244863837958
digits_full,ctrl,0.003,2,0.1,False,0.9554731249809265,0.2836548388004303,0.1496871391895308,0.9745628237724304,0.019089698791503906,5.369877882912236
digits_full,ctrl,0.003,2,10.0,False,0.8200371265411377,0.9522970914840698,0.35759286868605406,0.8545309901237488,0.034493863582611084,12.399313226370465
digits_full,ctrl,0.003,2,1.0,False,0.948051929473877,0.3574146330356598,0.19057224508450954,0.9729729890823364,0.024921059608459473,6.618201450248445
digits_full,ctrl,0.003,2,30.0,False,0.283858984708786,1.9723747968673706,0.13618687949452637,0.28378379344940186,-7.519125938415527e-05,27.21529986219173
digits_full,ctrl,0.003,2,3.0,False,0.9369202256202698,0.457431435585022,0.24232601898278286,0.9578696489334106,0.02094942331314087,8.126875592663712
digits_full,ctrl,0.003,3,0.0,False,0.9610389471054077,0.27431267499923706,0.14851260563991064,0.9793322682380676,0.018293321132659912,5.406368152116904
digits_full,ctrl,0.003,3,0.01,False,0.9610389471054077,0.27502867579460144,0.1490177447753846,0.9793322682380676,0.018293321132659912,5.420199466061471
digits_full,ctrl,0.003,3,0.1,False,0.9610389471054077,0.28127050399780273,0.15356474578491167,0.9793322682380676,0.018293321132659912,5.54521582496752
digits_full,ctrl,0.003,3,10.0,False,0.8274582624435425,0.9724636077880859,0.3805422063274154,0.8577106595039368,0.030252397060394287,12.74679978796353
digits_full,ctrl,0.003,3,1.0,False,0.9536178112030029,0.3543553948402405,0.19627221658521768,0.972178041934967,0.01856023073196411,6.794491416751377
digits_full,ctrl,0.003,3,30.0,False,0.30241188406944275,1.9858230352401733,0.14532916806292667,0.34022256731987,0.037810683250427246,28.70740522261584
digits_full,ctrl,0.003,3,3.0,False,0.948051929473877,0.4412241280078888,0.2456786212319567,0.9642289280891418,0.016176998615264893,8.051338355674975
digits_full,ctrl,0.003,4,0.0,False,0.9610389471054077,0.30656537413597107,0.1681298821445741,0.975357711315155,0.014318764209747314,5.8103294469222035
digits_full,ctrl,0.003,4,0.01,False,0.9610389471054077,0.3072328567504883,0.1686603486095598,0.9745628237724304,0.013523876667022705,5.825476402580425
digits_full,ctrl,0.003,4,0.1,False,0.9591836929321289,0.3147156834602356,0.17185835183662032,0.9729729890823364,0.01378929615020752,5.952781397984955
digits_full,ctrl,0.003,4,10.0,False,0.801484227180481,1.0504170656204224,0.3794596901574692,0.8338632583618164,0.03237903118133545,12.976439241538703
digits_full,ctrl,0.003,4,1.0,False,0.948051929473877,0.38729992508888245,0.2116229844336607,0.9650238752365112,0.016971945762634277,7.162964019500658
digits_full,ctrl,0.003,4,30.0,False,0.2467532455921173,2.0183112621307373,0.0946713330739062,0.2750397324562073,0.028286486864089966,28.435919659937095
digits_full,ctrl,0.003,4,3.0,False,0.9332096576690674,0.49952417612075806,0.26514400837593927,0.9515103101730347,0.018300652503967285,8.458852460058212
digits_full,fixed,0.003,0,0.0,False,0.9703153967857361,0.1030564233660698,0.019723033916087675,1.0,0.029684603214263916,0.0
digits_full,fixed,0.003,0,0.01,False,0.9721707105636597,0.10274307429790497,0.020276247625669434,1.0,0.027829289436340332,0.01
digits_full,fixed,0.003,0,0.1,False,0.9721707105636597,0.10079805552959442,0.016665377289554403,1.0,0.027829289436340332,0.1
digits_full,fixed,0.003,0,10.0,False,0.8942486047744751,0.6737776398658752,0.3150055566336095,0.9300476908683777,0.03579908609390259,10.0
digits_full,fixed,0.003,0,1.0,False,0.9740259647369385,0.10995877534151077,0.03341022150414773,0.998410165309906,0.02438420057296753,1.0
digits_full,fixed,0.003,0,30.0,False,0.27087199687957764,2.000150680541992,0.12059823648938443,0.29014307260513306,0.01927107572555542,30.0
digits_full,fixed,0.003,0,3.0,False,0.9684600830078125,0.17712058126926422,0.08797963806782229,0.9936407208442688,0.0251806378364563,3.0
digits_full,fixed,0.003,1,0.0,False,0.9721707105636597,0.11903302371501923,0.013037588468066836,1.0,0.027829289436340332,0.0
digits_full,fixed,0.003,1,0.01,False,0.9721707105636597,0.11893842369318008,0.010889770369803972,1.0,0.027829289436340332,0.01
digits_full,fixed,0.003,1,0.1,False,0.9721707105636597,0.1177125871181488,0.013767360313925097,1.0,0.027829289436340332,0.1
digits_full,fixed,0.003,1,10.0,False,0.8738404512405396,0.7091497778892517,0.30709993988551987,0.9038155674934387,0.02997511625289917,10.0
digits_full,fixed,0.003,1,1.0,False,0.9777365326881409,0.12741641700267792,0.04147867877762039,0.9992051124572754,0.02146857976913452,1.0
digits_full,fixed,0.003,1,30.0,False,0.23933209478855133,1.994066834449768,0.07838897020011754,0.2750397324562073,0.035707637667655945,30.0
digits_full,fixed,0.003,1,3.0,False,0.9666048288345337,0.18508963286876678,0.08352556028481095,0.9912559390068054,0.02465111017227173,3.0
digits_full,fixed,0.003,2,0.0,False,0.9610389471054077,0.11298917979001999,0.019741957727301317,1.0,0.038961052894592285,0.0
digits_full,fixed,0.003,2,0.01,False,0.9610389471054077,0.11274781823158264,0.015176637108560397,1.0,0.038961052894592285,0.01
digits_full,fixed,0.003,2,0.1,False,0.9610389471054077,0.11037661135196686,0.016556935208626715,1.0,0.038961052894592285,0.1
digits_full,fixed,0.003,2,10.0,False,0.8868274688720703,0.6811040043830872,0.31076615893995607,0.9276629686355591,0.04083549976348877,10.0
digits_full,fixed,0.003,2,1.0,False,0.9703153967857361,0.11467284709215164,0.03602282915796552,0.998410165309906,0.028094768524169922,1.0
digits_full,fixed,0.003,2,30.0,False,0.23191094398498535,2.0109925270080566,0.08131640029860339,0.2488076239824295,0.016896679997444153,30.0
digits_full,fixed,0.003,2,3.0,False,0.9647495150566101,0.17815639078617096,0.08333278470888651,0.9896661639213562,0.024916648864746094,3.0
digits_full,fixed,0.003,3,0.0,False,0.9628942608833313,0.12358255684375763,0.013009595074768633,1.0,0.0371057391166687,0.0
digits_full,fixed,0.003,3,0.01,False,0.9647495150566101,0.12331925332546234,0.01090944438122199,1.0,0.03525048494338989,0.01
digits_full,fixed,0.003,3,0.1,False,0.9647495150566101,0.12031020224094391,0.009020235410205508,1.0,0.03525048494338989,0.1
digits_full,fixed,0.003,3,10.0,False,0.9053803086280823,0.677798867225647,0.3315712562960906,0.9340222477912903,0.028641939163208008,10.0
digits_full,fixed,0.003,3,1.0,False,0.9666048288345337,0.12055891752243042,0.03353082907000809,0.998410165309906,0.031805336475372314,1.0
digits_full,fixed,0.003,3,30.0,False,0.3209647536277771,2.00571608543396,0.16912146095110445,0.36406993865966797,0.04310518503189087,30.0
digits_full,fixed,0.003,3,3.0,False,0.9647495150566101,0.17682650685310364,0.07724769930450284,0.9928457736968994,0.028096258640289307,3.0
digits_full,fixed,0.003,4,0.0,False,0.9721707105636597,0.10857436060905457,0.006911388907671417,1.0,0.027829289436340332,0.0
digits_full,fixed,0.003,4,0.01,False,0.9721707105636597,0.10849853605031967,0.008164885092754754,1.0,0.027829289436340332,0.01
digits_full,fixed,0.003,4,0.1,False,0.9721707105636597,0.1072019636631012,0.011017332382237536,1.0,0.027829289436340332,0.1
digits_full,fixed,0.003,4,10.0,False,0.8868274688720703,0.7011365294456482,0.3142850958018223,0.9189189076423645,0.03209143877029419,10.0
digits_full,fixed,0.003,4,1.0,False,0.9777365326881409,0.11335067451000214,0.034476609420245566,0.998410165309906,0.020673632621765137,1.0
digits_full,fixed,0.003,4,30.0,False,0.24304267764091492,2.0061466693878174,0.08734266119896812,0.2575516700744629,0.014508992433547974,30.0
digits_full,fixed,0.003,4,3.0,False,0.9703153967857361,0.1717459261417389,0.0794187355129971,0.9928457736968994,0.02253037691116333,3.0
digits_full,step_early_wd,0.003,0,,False,0.9721707105636597,0.09882945567369461,0.013884044533979031,0.9992051124572754,0.027034401893615723,0.0
digits_full,step_early_wd,0.003,1,,False,0.9740259647369385,0.11850117146968842,0.01981905500831321,1.0,0.025974035263061523,0.0
digits_full,step_early_wd,0.003,2,,False,0.9666048288345337,0.10778284817934036,0.009613217692649431,1.0,0.03339517116546631,0.0
digits_full,step_early_wd,0.003,3,,False,0.9666048288345337,0.11820292472839355,0.007740632280126794,1.0,0.03339517116546631,0.0
digits_full,step_early_wd,0.003,4,,False,0.9777365326881409,0.10655751824378967,0.015154802456415208,1.0,0.02226346731185913,0.0
digits_n20,adadecay_default,0.003,0,,False,0.8589981198310852,0.6052532196044922,0.07776406429473012,0.921999990940094,0.06300187110900879,0.0005
digits_n20,adadecay_default,0.003,1,,False,0.8274582624435425,0.6404598355293274,0.0672953075319805,0.921999990940094,0.09454172849655151,0.0005
digits_n20,adadecay_default,0.003,2,,False,0.8293135166168213,0.6435602307319641,0.042205980016481896,0.9279999732971191,0.09868645668029785,0.0005
digits_n20,adadecay_default,0.003,3,,False,0.8497217297554016,0.6272794008255005,0.0608997787858648,0.9259999990463257,0.07627826929092407,0.0005
digits_n20,adadecay_default,0.003,4,,False,0.8645640015602112,0.5411828756332397,0.06804215006792921,0.9240000247955322,0.059436023235321045,0.0005
digits_n20,adadecay_regime,0.003,0,,False,0.8775510191917419,0.5560175776481628,0.13063123285880998,0.8799999952316284,0.0024489760398864746,1.0
digits_n20,adadecay_regime,0.003,1,,False,0.847866415977478,0.592025101184845,0.10983165363212684,0.8740000128746033,0.026133596897125244,1.0
digits_n20,adadecay_regime,0.003,2,,False,0.8701298832893372,0.5567217469215393,0.12920228033870845,0.8840000033378601,0.01387012004852295,1.0
digits_n20,adadecay_regime,0.003,3,,False,0.8831169009208679,0.5590344667434692,0.13072052089314293,0.8759999871253967,-0.007116913795471191,1.0
digits_n20,adadecay_regime,0.003,4,,False,0.8794063329696655,0.5312795042991638,0.1365751895590483,0.8759999871253967,-0.003406345844268799,1.0
digits_n20,adamp_proj,0.003,0,,False,0.8589981198310852,0.6047810316085815,0.07371048842157636,0.9200000166893005,0.06100189685821533,0.0
digits_n20,adamp_proj,0.003,1,,False,0.8293135166168213,0.6414178609848022,0.06595997880031536,0.921999990940094,0.0926864743232727,0.0
digits_n20,adamp_proj,0.003,2,,False,0.8311688303947449,0.6413481831550598,0.0486638033710738,0.9259999990463257,0.09483116865158081,0.0
digits_n20,adamp_proj,0.003,3,,False,0.853432297706604,0.6214953660964966,0.06346515517730217,0.9300000071525574,0.07656770944595337,0.0
digits_n20,adamp_proj,0.003,4,,False,0.8589981198310852,0.5435795187950134,0.07417907238227758,0.921999990940094,0.06300187110900879,0.0
digits_n20,cosine_wd,0.003,0,,False,0.8794063329696655,0.5713862776756287,0.09386083768449156,0.9100000262260437,0.030593693256378174,0.0
digits_n20,cosine_wd,0.003,1,,False,0.8330241441726685,0.632057249546051,0.06718451879462418,0.9039999842643738,0.07097584009170532,0.0
digits_n20,cosine_wd,0.003,2,,False,0.842300534248352,0.5977885723114014,0.06380605365880566,0.9160000085830688,0.0736994743347168,0.0
digits_n20,cosine_wd,0.003,3,,False,0.8664193153381348,0.591648280620575,0.08764635590432084,0.8920000195503235,0.02558070421218872,0.0
digits_n20,cosine_wd,0.003,4,,False,0.8627087473869324,0.5404554009437561,0.07685938950261734,0.8980000019073486,0.03529125452041626,0.0
digits_n20,ctrl,0.001,0,0.0,False,0.842300534248352,0.8847486972808838,0.3528917775746843,0.7699999809265137,-0.07230055332183838,6.3950110671578555
digits_n20,ctrl,0.001,0,0.1,False,0.842300534248352,0.8852832317352295,0.3532360723598105,0.7680000066757202,-0.07430052757263184,6.404207846705971
digits_n20,ctrl,0.001,0,10.0,False,0.7606679201126099,1.1384155750274658,0.37032851554688356,0.7080000042915344,-0.05266791582107544,9.759737460750571
digits_n20,ctrl,0.001,1,0.0,False,0.8404452800750732,0.8854543566703796,0.3514703151688726,0.7860000133514404,-0.05444526672363281,6.404023370121765
digits_n20,ctrl,0.001,1,0.1,False,0.8404452800750732,0.886516273021698,0.35197793912135605,0.7860000133514404,-0.05444526672363281,6.415338300773761
digits_n20,ctrl,0.001,1,10.0,False,0.7606679201126099,1.1480730772018433,0.3700583004608668,0.7239999771118164,-0.03666794300079346,9.582847814021532
digits_n20,ctrl,0.001,2,0.0,False,0.8627087473869324,0.8816982507705688,0.3764596194968816,0.7680000066757202,-0.09470874071121216,6.232661747903455
digits_n20,ctrl,0.001,2,0.1,False,0.8608534336090088,0.8822921514511108,0.374891685283914,0.7680000066757202,-0.09285342693328857,6.24492259936749
digits_n20,ctrl,0.001,2,10.0,False,0.7940630912780762,1.1280473470687866,0.40246516507609653,0.7160000205039978,-0.07806307077407837,9.441335993487158
digits_n20,ctrl,0.001,3,0.0,False,0.8460111021995544,0.8546059131622314,0.3491207150006338,0.7739999890327454,-0.07201111316680908,5.932528916670357
digits_n20,ctrl,0.001,3,0.1,False,0.8460111021995544,0.8554694652557373,0.34948302996180713,0.7720000147819519,-0.07401108741760254,5.941708037188866
digits_n20,ctrl,0.001,3,10.0,False,0.771799623966217,1.1011379957199097,0.36669926414463205,0.7020000219345093,-0.06979960203170776,9.205885957939381
digits_n20,ctrl,0.001,4,0.0,False,0.8348793983459473,0.9212096929550171,0.35271643276338455,0.7440000176429749,-0.09087938070297241,6.649317536327658
digits_n20,ctrl,0.001,4,0.1,False,0.8348793983459473,0.9222164750099182,0.3530375283757477,0.7440000176429749,-0.09087938070297241,6.6606579361359355
digits_n20,ctrl,0.001,4,10.0,False,0.7884972095489502,1.17045259475708,0.40095747386646186,0.7039999961853027,-0.08449721336364746,10.11979983687326
digits_n20,ctrl,0.003,0,0.0,False,0.8998144865036011,0.6910598278045654,0.33164048667630813,0.8180000185966492,-0.0818144679069519,5.740761466862653
digits_n20,ctrl,0.003,0,0.01,False,0.9016697406768799,0.6915130019187927,0.3338573425178846,0.8180000185966492,-0.08366972208023071,5.7488063571725885
digits_n20,ctrl,0.003,0,0.1,False,0.9035250544548035,0.694281280040741,0.3375848155461791,0.8180000185966492,-0.0855250358581543,5.797585570339013
digits_n20,ctrl,0.003,0,10.0,False,0.771799623966217,1.2135788202285767,0.4126952347485608,0.7160000205039978,-0.05579960346221924,11.62335699156313
digits_n20,ctrl,0.003,0,1.0,False,0.8868274688720703,0.7230885028839111,0.33506841700461887,0.8100000023841858,-0.07682746648788452,6.2162383656248235
digits_n20,ctrl,0.003,0,30.0,False,0.22077922523021698,2.0367257595062256,0.0758335113331869,0.2280000001192093,0.00722077488899231,28.066567072815392
digits_n20,ctrl,0.003,0,3.0,False,0.8868274688720703,0.7635982632637024,0.35499793473555113,0.8059999942779541,-0.08082747459411621,6.756756471046799
digits_n20,ctrl,0.003,1,0.0,False,0.8886827230453491,0.71808922290802,0.3243292220116546,0.8240000009536743,-0.0646827220916748,5.76119391306573
digits_n20,ctrl,0.003,1,0.01,False,0.8886827230453491,0.7190196514129639,0.324871271682803,0.8240000009536743,-0.0646827220916748,5.779574937234957
digits_n20,ctrl,0.003,1,0.1,False,0.8886827230453491,0.7224873304367065,0.32658910928276785,0.8220000267028809,-0.06668269634246826,5.825583080240635
digits_n20,ctrl,0.003,1,10.0,False,0.7755101919174194,1.2214101552963257,0.4175071965122045,0.7099999785423279,-0.06551021337509155,11.101321754720324
digits_n20,ctrl,0.003,1,1.0,False,0.8905380368232727,0.7475948929786682,0.342951556995981,0.8159999847412109,-0.07453805208206177,6.229653474329749
digits_n20,ctrl,0.003,1,30.0,False,0.23376622796058655,2.0375709533691406,0.07651378904125464,0.2680000066757202,0.03423377871513367,27.09108599246689
digits_n20,ctrl,0.003,1,3.0,False,0.8886827230453491,0.7813029289245605,0.36275030362915683,0.8140000104904175,-0.07468271255493164,6.7589945522459045
digits_n20,ctrl,0.003,2,0.0,False,0.9090909361839294,0.6793525218963623,0.3390187921904456,0.8080000281333923,-0.10109090805053711,5.333056616970057
digits_n20,ctrl,0.003,2,0.01,False,0.9090909361839294,0.6798825860023499,0.33924303301964265,0.8080000281333923,-0.10109090805053711,5.342196204344801
digits_n20,ctrl,0.003,2,0.1,False,0.9109461903572083,0.6848184466362,0.3438770613997677,0.8040000200271606,-0.10694617033004761,5.424493541875674
digits_n20,ctrl,0.003,2,10.0,False,0.777365505695343,1.195247769355774,0.42099640008359324,0.6959999799728394,-0.08136552572250366,11.117435082707134
digits_n20,ctrl,0.003,2,1.0,False,0.8998144865036011,0.7203062772750854,0.35148766158573697,0.800000011920929,-0.09981447458267212,5.949137152146793
digits_n20,ctrl,0.003,2,30.0,False,0.18923933804035187,2.0417604446411133,0.0958873153230476,0.22200000286102295,0.03276066482067108,27.339043065279338
digits_n20,ctrl,0.003,2,3.0,False,0.9016697406768799,0.764234185218811,0.37506635744186856,0.7919999957084656,-0.1096697449684143,6.565006427974883
digits_n20,ctrl,0.003,3,0.0,False,0.8979591727256775,0.6725953221321106,0.3229275393906241,0.8199999928474426,-0.07795917987823486,5.530255645431507
digits_n20,ctrl,0.003,3,0.01,False,0.8961039185523987,0.6736752390861511,0.3215252974093071,0.8220000267028809,-0.07410389184951782,5.536515364745177
digits_n20,ctrl,0.003,3,0.1,False,0.8979591727256775,0.6800397038459778,0.3263079952828738,0.8220000267028809,-0.07595914602279663,5.626674393176518
digits_n20,ctrl,0.003,3,10.0,False,0.7736549377441406,1.2073662281036377,0.4115540917154145,0.7179999947547913,-0.055654942989349365,11.172416881737888
digits_n20,ctrl,0.003,3,1.0,False,0.8961039185523987,0.7066848278045654,0.33880777911374654,0.8180000185966492,-0.07810389995574951,6.026668414018554
digits_n20,ctrl,0.003,3,30.0,False,0.23376622796058655,2.039746046066284,0.08324428228920598,0.257999986410141,0.024233758449554443,27.844719458023576
digits_n20,ctrl,0.003,3,3.0,False,0.8849721550941467,0.7476940751075745,0.3484948903101052,0.8119999766349792,-0.07297217845916748,6.579868057346355
digits_n20,ctrl,0.003,4,0.0,False,0.8979591727256775,0.713924765586853,0.33860751328530253,0.8159999847412109,-0.08195918798446655,5.774962963994392
digits_n20,ctrl,0.003,4,0.01,False,0.8961039185523987,0.7145600914955139,0.33715917064993195,0.8140000104904175,-0.0821039080619812,5.78420260648491
digits_n20,ctrl,0.003,4,0.1,False,0.8998144865036011,0.7196714282035828,0.3443208832245368,0.8119999766349792,-0.08781450986862183,5.873455361828936
digits_n20,ctrl,0.003,4,10.0,False,0.771799623966217,1.2624285221099854,0.42426104713680574,0.6859999895095825,-0.08579963445663452,11.511708698146693
digits_n20,ctrl,0.003,4,1.0,False,0.8942486047744751,0.7465340495109558,0.3539519538629476,0.8100000023841858,-0.0842486023902893,6.296250132100809
digits_n20,ctrl,0.003,4,30.0,False,0.23191094398498535,2.0544495582580566,0.07723875329976622,0.23199999332427979,8.90493392944336e-05,28.480418113789412
digits_n20,ctrl,0.003,4,3.0,False,0.8923933506011963,0.7953940629959106,0.3762184103366838,0.7960000038146973,-0.09639334678649902,6.8863612455411305
digits_n20,ctrl,0.01,0,0.0,False,0.9072356224060059,0.5733201503753662,0.2447303633079458,0.8479999899864197,-0.05923563241958618,3.4528079968848346
digits_n20,ctrl,0.01,0,0.1,False,0.9035250544548035,0.5766979455947876,0.2498684976671534,0.8460000157356262,-0.057525038719177246,3.5244590214816145
digits_n20,ctrl,0.01,0,10.0,False,0.777365505695343,1.2576613426208496,0.4341322057819985,0.7039999961853027,-0.07336550951004028,11.69344004872153
digits_n20,ctrl,0.01,1,0.0,False,0.8831169009208679,0.5861513614654541,0.2212285512785301,0.843999981880188,-0.03911691904067993,3.4289238793677748
digits_n20,ctrl,0.01,1,0.1,False,0.8756957054138184,0.591395378112793,0.21518895339656186,0.8379999995231628,-0.03769570589065552,3.488977261550779
digits_n20,ctrl,0.01,1,10.0,False,0.7495361566543579,1.2865391969680786,0.41437155154839517,0.6919999718666077,-0.057536184787750244,11.469290433116017
digits_n20,ctrl,0.01,2,0.0,False,0.8923933506011963,0.5721721649169922,0.22903559922287328,0.8460000157356262,-0.04639333486557007,3.3629976626808222
digits_n20,ctrl,0.01,2,0.1,False,0.8979591727256775,0.5803219676017761,0.24127675103566196,0.843999981880188,-0.0539591908454895,3.443744778878768
digits_n20,ctrl,0.01,2,10.0,False,0.7551020383834839,1.2426643371582031,0.4043437060874114,0.6899999976158142,-0.06510204076766968,11.281930980411051
digits_n20,ctrl,0.01,3,0.0,False,0.8868274688720703,0.5515331029891968,0.21435838791235917,0.8519999980926514,-0.034827470779418945,3.551695213072931
digits_n20,ctrl,0.01,3,0.1,False,0.8886827230453491,0.5523266792297363,0.22046374105234975,0.8479999899864197,-0.04068273305892944,3.629687617458939
digits_n20,ctrl,0.01,3,10.0,False,0.771799623966217,1.2376295328140259,0.4161829791672818,0.7039999961853027,-0.0677996277809143,11.386541573741894
digits_n20,ctrl,0.01,4,0.0,False,0.8979591727256775,0.5825186371803284,0.24657694743825243,0.8420000076293945,-0.05595916509628296,3.5305025710166147
digits_n20,ctrl,0.01,4,0.1,False,0.9016697406768799,0.5876186490058899,0.25324976364071156,0.8379999995231628,-0.06366974115371704,3.6212214363045194
digits_n20,ctrl,0.01,4,10.0,False,0.7662337422370911,1.3128331899642944,0.4354140493113389,0.6800000071525574,-0.08623373508453369,11.568462978703733
digits_n20,fixed,0.001,0,0.0,False,0.9016697406768799,0.5353140830993652,0.2141054534735175,0.8140000104904175,-0.0876697301864624,0.0
digits_n20,fixed,0.001,0,0.01,False,0.8998144865036011,0.5356810688972473,0.2125612748907758,0.8140000104904175,-0.0858144760131836,0.01
digits_n20,fixed,0.001,0,0.1,False,0.8998144865036011,0.5385439395904541,0.21532338501018142,0.8140000104904175,-0.0858144760131836,0.1
digits_n20,fixed,0.001,0,10.0,False,0.730983316898346,1.2034242153167725,0.35189769871823195,0.6740000247955322,-0.05698329210281372,10.0
digits_n20,fixed,0.001,0,1.0,False,0.8942486047744751,0.5663419961929321,0.23454698530442195,0.8100000023841858,-0.0842486023902893,1.0
digits_n20,fixed,0.001,0,30.0,False,0.18923933804035187,2.030158758163452,0.09264285800242467,0.22200000286102295,0.03276066482067108,30.0
digits_n20,fixed,0.001,0,3.0,False,0.8812615871429443,0.662825882434845,0.28741062602550066,0.7879999876022339,-0.09326159954071045,3.0
digits_n20,fixed,0.001,1,0.0,False,0.8738404512405396,0.5746535062789917,0.1927114194310883,0.8180000185966492,-0.05584043264389038,0.0
digits_n20,fixed,0.001,1,0.01,False,0.8738404512405396,0.5749879479408264,0.19178553774317034,0.8180000185966492,-0.05584043264389038,0.01
digits_n20,fixed,0.001,1,0.1,False,0.871985137462616,0.5768750309944153,0.19499723519265985,0.8159999847412109,-0.05598515272140503,0.1
digits_n20,fixed,0.001,1,10.0,False,0.7272727489471436,1.2155492305755615,0.35615646219872804,0.6899999976158142,-0.037272751331329346,10.0
digits_n20,fixed,0.001,1,1.0,False,0.8775510191917419,0.599687397480011,0.22287810031248598,0.8119999766349792,-0.0655510425567627,1.0
digits_n20,fixed,0.001,1,30.0,False,0.19109462201595306,1.9890053272247314,0.09096828519136874,0.23000000417232513,0.03890538215637207,30.0
digits_n20,fixed,0.001,1,3.0,False,0.8794063329696655,0.6891598105430603,0.2894966090322647,0.8059999942779541,-0.07340633869171143,3.0
digits_n20,fixed,0.001,2,0.0,False,0.8923933506011963,0.5483065843582153,0.22062759422083733,0.8100000023841858,-0.0823933482170105,0.0
digits_n20,fixed,0.001,2,0.01,False,0.8961039185523987,0.5482913851737976,0.22453377159495522,0.8059999942779541,-0.09010392427444458,0.01
digits_n20,fixed,0.001,2,0.1,False,0.8979591727256775,0.5497641563415527,0.22719597750117032,0.8059999942779541,-0.09195917844772339,0.1
digits_n20,fixed,0.001,2,10.0,False,0.7439703345298767,1.2317267656326294,0.37799557222395525,0.6880000233650208,-0.05597031116485596,10.0
digits_n20,fixed,0.001,2,1.0,False,0.9035250544548035,0.5774840116500854,0.25855241232104115,0.8019999861717224,-0.10152506828308105,1.0
digits_n20,fixed,0.001,2,30.0,False,0.18923933804035187,1.9979281425476074,0.07915100341935769,0.2240000069141388,0.034760668873786926,30.0
digits_n20,fixed,0.001,2,3.0,False,0.8923933506011963,0.6722226738929749,0.3052144428518132,0.7900000214576721,-0.10239332914352417,3.0
digits_n20,fixed,0.001,3,0.0,False,0.8812615871429443,0.5343255996704102,0.19886018902560998,0.8199999928474426,-0.06126159429550171,0.0
digits_n20,fixed,0.001,3,0.01,False,0.8812615871429443,0.5348884463310242,0.19905678040463762,0.8199999928474426,-0.06126159429550171,0.01
digits_n20,fixed,0.001,3,0.1,False,0.8812615871429443,0.5372795462608337,0.20161543529418494,0.8199999928474426,-0.06126159429550171,0.1
digits_n20,fixed,0.001,3,10.0,False,0.7384044528007507,1.1998363733291626,0.3634845609733479,0.6919999718666077,-0.046404480934143066,10.0
digits_n20,fixed,0.001,3,1.0,False,0.8923933506011963,0.564318060874939,0.23655938499491377,0.8100000023841858,-0.0823933482170105,1.0
digits_n20,fixed,0.001,3,30.0,False,0.18923933804035187,2.0520105361938477,0.1095540817681845,0.22200000286102295,0.03276066482067108,30.0
digits_n20,fixed,0.001,3,3.0,False,0.8812615871429443,0.6634922623634338,0.28844223029095956,0.8019999861717224,-0.07926160097122192,3.0
digits_n20,fixed,0.001,4,0.0,False,0.8942486047744751,0.5413485169410706,0.20927530112425782,0.8180000185966492,-0.07624858617782593,0.0
digits_n20,fixed,0.001,4,0.01,False,0.8923933506011963,0.5421077013015747,0.2076335372697002,0.8180000185966492,-0.07439333200454712,0.01
digits_n20,fixed,0.001,4,0.1,False,0.8905380368232727,0.5445128083229065,0.20903818707408622,0.8140000104904175,-0.07653802633285522,0.1
digits_n20,fixed,0.001,4,10.0,False,0.7105751633644104,1.2961981296539307,0.3546247585419158,0.6679999828338623,-0.042575180530548096,10.0
digits_n20,fixed,0.001,4,1.0,False,0.8923933506011963,0.5807780027389526,0.23696512509144305,0.8119999766349792,-0.08039337396621704,1.0
digits_n20,fixed,0.001,4,30.0,False,0.19294990599155426,2.040283203125,0.10843117884144268,0.23199999332427979,0.039050087332725525,30.0
digits_n20,fixed,0.001,4,3.0,False,0.8775510191917419,0.6916479468345642,0.28632001866325596,0.7839999794960022,-0.09355103969573975,3.0
digits_n20,fixed,0.003,0,0.0,False,0.8589981198310852,0.6043832302093506,0.07836296302931649,0.921999990940094,0.06300187110900879,0.0
digits_n20,fixed,0.003,0,0.01,False,0.8608534336090088,0.6033210754394531,0.07995651977513407,0.9279999732971191,0.06714653968811035,0.01
digits_n20,fixed,0.003,0,0.1,False,0.8682745695114136,0.5921666622161865,0.09211237233733423,0.9160000085830688,0.04772543907165527,0.1
digits_n20,fixed,0.003,0,10.0,False,0.7866419553756714,1.0636030435562134,0.37237959605311644,0.7319999933242798,-0.0546419620513916,10.0
digits_n20,fixed,0.003,0,1.0,False,0.8905380368232727,0.5358604788780212,0.1431723260536707,0.8759999871253967,-0.014538049697875977,1.0
digits_n20,fixed,0.003,0,30.0,False,0.19480518996715546,2.0550732612609863,0.0955564621594045,0.20999999344348907,0.015194803476333618,30.0
digits_n20,fixed,0.003,0,3.0,False,0.8923933506011963,0.5574888586997986,0.22462460608783147,0.8360000252723694,-0.056393325328826904,3.0
digits_n20,fixed,0.003,1,0.0,False,0.8274582624435425,0.6389139294624329,0.05587330497870418,0.9200000166893005,0.09254175424575806,0.0
digits_n20,fixed,0.003,1,0.01,False,0.8293135166168213,0.6361500024795532,0.05234377774546452,0.921999990940094,0.0926864743232727,0.01
digits_n20,fixed,0.003,1,0.1,False,0.8274582624435425,0.6326521039009094,0.053093603623820144,0.9179999828338623,0.09054172039031982,0.1
digits_n20,fixed,0.003,1,10.0,False,0.7922077775001526,1.1028178930282593,0.39035260377379205,0.7260000109672546,-0.06620776653289795,10.0
digits_n20,fixed,0.003,1,1.0,False,0.8441558480262756,0.587504506111145,0.10308838266609771,0.8759999871253967,0.031844139099121094,1.0
digits_n20,fixed,0.003,1,30.0,False,0.20779220759868622,2.078591823577881,0.09098968343854172,0.2460000067949295,0.038207799196243286,30.0
digits_n20,fixed,0.003,1,3.0,False,0.8794063329696655,0.5922688245773315,0.21361221619130066,0.8379999995231628,-0.041406333446502686,3.0
digits_n20,fixed,0.003,2,0.0,False,0.8293135166168213,0.6427561640739441,0.04989755181301945,0.9279999732971191,0.09868645668029785,0.0
digits_n20,fixed,0.003,2,0.01,False,0.8293135166168213,0.6398234367370605,0.04816366115616071,0.9279999732971191,0.09868645668029785,0.01
digits_n20,fixed,0.003,2,0.1,False,0.8311688303947449,0.6291754841804504,0.05067058385856076,0.9200000166893005,0.08883118629455566,0.1
digits_n20,fixed,0.003,2,10.0,False,0.7884972095489502,1.076304316520691,0.3866080796010862,0.7160000205039978,-0.07249718904495239,10.0
digits_n20,fixed,0.003,2,1.0,False,0.8775510191917419,0.5432470440864563,0.13739357078672562,0.8799999952316284,0.0024489760398864746,1.0
digits_n20,fixed,0.003,2,30.0,False,0.18923933804035187,2.076666831970215,0.10824747290289469,0.22200000286102295,0.03276066482067108,30.0
digits_n20,fixed,0.003,2,3.0,False,0.9035250544548035,0.5659375786781311,0.2522891788900673,0.8379999995231628,-0.06552505493164062,3.0
digits_n20,fixed,0.003,3,0.0,False,0.8497217297554016,0.6269224882125854,0.06478975317916091,0.9279999732971191,0.07827824354171753,0.0
digits_n20,fixed,0.003,3,0.01,False,0.8497217297554016,0.62119460105896,0.06380507286382296,0.9279999732971191,0.07827824354171753,0.01
digits_n20,fixed,0.003,3,0.1,False,0.8552875518798828,0.6115467548370361,0.07088043727326261,0.9139999747276306,0.0587124228477478,0.1
digits_n20,fixed,0.003,3,10.0,False,0.7866419553756714,1.0881372690200806,0.3891873118192898,0.7200000286102295,-0.0666419267654419,10.0
digits_n20,fixed,0.003,3,1.0,False,0.8812615871429443,0.5426287055015564,0.1328898936454794,0.878000020980835,-0.003261566162109375,1.0
digits_n20,fixed,0.003,3,30.0,False,0.18923933804035187,2.070366144180298,0.08700984569891929,0.2199999988079071,0.030760660767555237,30.0
digits_n20,fixed,0.003,3,3.0,False,0.8905380368232727,0.550269603729248,0.22367416474283958,0.8379999995231628,-0.05253803730010986,3.0
digits_n20,fixed,0.003,4,0.0,False,0.8589981198310852,0.5435795783996582,0.07417902461009476,0.921999990940094,0.06300187110900879,0.0
digits_n20,fixed,0.003,4,0.01,False,0.8589981198310852,0.5424268841743469,0.06750206464075643,0.9200000166893005,0.06100189685821533,0.01
digits_n20,fixed,0.003,4,0.1,False,0.8627087473869324,0.5323735475540161,0.07181763458229838,0.9120000004768372,0.049291253089904785,0.1
digits_n20,fixed,0.003,4,10.0,False,0.7922077775001526,1.127667784690857,0.39138214995113507,0.7179999947547913,-0.07420778274536133,10.0
digits_n20,fixed,0.003,4,1.0,False,0.8775510191917419,0.5188707113265991,0.13010985372460177,0.878000020980835,0.0004490017890930176,1.0
digits_n20,fixed,0.003,4,30.0,False,0.18923933804035187,2.0703837871551514,0.11128551754858586,0.20399999618530273,0.014760658144950867,30.0
digits_n20,fixed,0.003,4,3.0,False,0.8868274688720703,0.5738734006881714,0.22448731270482233,0.8339999914169312,-0.05282747745513916,3.0
digits_n20,fixed,0.01,0,0.0,False,0.8107606768608093,0.9741531610488892,0.09010267821667588,1.0,0.18923932313919067,0.0
digits_n20,fixed,0.01,0,0.01,False,0.801484227180481,0.9903841018676758,0.10146819549942723,1.0,0.19851577281951904,0.01
digits_n20,fixed,0.01,0,0.1,False,0.8237476944923401,0.8517248034477234,0.06954183475095399,1.0,0.1762523055076599,0.1
digits_n20,fixed,0.01,0,10.0,False,0.7996289134025574,1.0648239850997925,0.4009983613119497,0.7200000286102295,-0.07962888479232788,10.0
digits_n20,fixed,0.01,0,1.0,False,0.8515769839286804,0.5543811917304993,0.06462091301500465,0.9700000286102295,0.11842304468154907,1.0
digits_n20,fixed,0.01,0,30.0,False,0.18923933804035187,2.1120028495788574,0.09775110834549441,0.2199999988079071,0.030760660767555237,30.0
digits_n20,fixed,0.01,0,3.0,False,0.8998144865036011,0.5518728494644165,0.21157372677923356,0.8600000143051147,-0.03981447219848633,3.0
digits_n20,fixed,0.01,1,0.0,False,0.8107606768608093,1.0803850889205933,0.0924910182523816,1.0,0.18923932313919067,0.0
digits_n20,fixed,0.01,1,0.01,False,0.8033395409584045,1.06281316280365,0.09560679078986782,1.0,0.19666045904159546,0.01
digits_n20,fixed,0.01,1,0.1,False,0.8144712448120117,0.969245195388794,0.08063993493789645,0.9980000257492065,0.18352878093719482,0.1
digits_n20,fixed,0.01,1,10.0,False,0.7922077775001526,1.118328332901001,0.3993496994085347,0.7139999866485596,-0.07820779085159302,10.0
digits_n20,fixed,0.01,1,1.0,False,0.8330241441726685,0.6129004955291748,0.049268569762720024,0.9760000109672546,0.14297586679458618,1.0
digits_n20,fixed,0.01,1,30.0,False,0.18738403916358948,2.135918617248535,0.10497046824620694,0.22599999606609344,0.03861595690250397,30.0
digits_n20,fixed,0.01,1,3.0,False,0.8756957054138184,0.5786733031272888,0.195045080222535,0.8479999899864197,-0.02769571542739868,3.0
digits_n20,fixed,0.01,2,0.0,False,0.801484227180481,1.106158971786499,0.11316026252364406,1.0,0.19851577281951904,0.0
digits_n20,fixed,0.01,2,0.01,False,0.795918345451355,1.0624557733535767,0.11587001712291273,1.0,0.20408165454864502,0.01
digits_n20,fixed,0.01,2,0.1,False,0.8089053630828857,0.9868243336677551,0.09293698048105045,1.0,0.19109463691711426,0.1
digits_n20,fixed,0.01,2,10.0,False,0.795918345451355,1.0807350873947144,0.39912811786986896,0.7279999852180481,-0.06791836023330688,10.0
digits_n20,fixed,0.01,2,1.0,False,0.8367347121238708,0.5720773935317993,0.03699754601506886,0.9700000286102295,0.13326531648635864,1.0
digits_n20,fixed,0.01,2,30.0,False,0.18738403916358948,2.149573564529419,0.05977375252459178,0.2199999988079071,0.03261595964431763,30.0
digits_n20,fixed,0.01,2,3.0,False,0.8812615871429443,0.5682165622711182,0.20445459923518614,0.8619999885559082,-0.019261598587036133,3.0
digits_n20,fixed,0.01,3,0.0,False,0.8144712448120117,1.1273623704910278,0.11056340299201145,1.0,0.18552875518798828,0.0
digits_n20,fixed,0.01,3,0.01,False,0.7977736592292786,1.1507227420806885,0.11031103465906543,1.0,0.20222634077072144,0.01
digits_n20,fixed,0.01,3,0.1,False,0.8181818127632141,0.979884922504425,0.08315877348239878,0.9980000257492065,0.17981821298599243,0.1
digits_n20,fixed,0.01,3,10.0,False,0.795918345451355,1.0742696523666382,0.3875864199284941,0.722000002861023,-0.07391834259033203,10.0
digits_n20,fixed,0.01,3,1.0,False,0.8367347121238708,0.5574933886528015,0.05152013828780966,0.9660000205039978,0.12926530838012695,1.0
digits_n20,fixed,0.01,3,30.0,False,0.18738403916358948,2.121880054473877,0.054162020585974864,0.2199999988079071,0.03261595964431763,30.0
digits_n20,fixed,0.01,3,3.0,False,0.8775510191917419,0.5467655062675476,0.19158894409717564,0.8600000143051147,-0.017551004886627197,3.0
digits_n20,fixed,0.01,4,0.0,False,0.8051947951316833,0.915611743927002,0.09765835946809384,1.0,0.19480520486831665,0.0
digits_n20,fixed,0.01,4,0.01,False,0.8089053630828857,0.9160555601119995,0.0916958222362681,1.0,0.19109463691711426,0.01
digits_n20,fixed,0.01,4,0.1,False,0.7977736592292786,0.840717613697052,0.08449113070411896,1.0,0.20222634077072144,0.1
digits_n20,fixed,0.01,4,10.0,False,0.7922077775001526,1.1240999698638916,0.39957643721895447,0.7279999852180481,-0.06420779228210449,10.0
digits_n20,fixed,0.01,4,1.0,False,0.8385899662971497,0.5994158983230591,0.04311286750662526,0.9779999852180481,0.13941001892089844,1.0
digits_n20,fixed,0.01,4,30.0,False,0.18738403916358948,2.135054349899292,0.06110182907674219,0.2199999988079071,0.03261595964431763,30.0
digits_n20,fixed,0.01,4,3.0,False,0.8812615871429443,0.5679109692573547,0.20192049446486363,0.8560000061988831,-0.02526158094406128,3.0
digits_n20,step_early_wd,0.003,0,,False,0.8775510191917419,0.5772929191589355,0.09077380921048887,0.9100000262260437,0.03244900703430176,0.0
digits_n20,step_early_wd,0.003,1,,False,0.8293135166168213,0.6396002769470215,0.07197096728216959,0.9020000100135803,0.07268649339675903,0.0
digits_n20,step_early_wd,0.003,2,,False,0.8367347121238708,0.6036731004714966,0.06526453544235407,0.9179999828338623,0.08126527070999146,0.0
digits_n20,step_early_wd,0.003,3,,False,0.8682745695114136,0.595782995223999,0.08901604888390521,0.8920000195503235,0.023725450038909912,0.0
digits_n20,step_early_wd,0.003,4,,False,0.8571428656578064,0.5454658269882202,0.07617557839471466,0.9020000100135803,0.044857144355773926,0.0
