name,method,lam0,seed,diverged,test_acc,test_ece,train_acc,gap,lam_final,best_lam,n_runs
adult_full,adadecay_regime,0.0,0,False,0.846666693687439,0.009890272657076518,0.873779296875,0.027112603187561035,0.0,,
adult_full,adadecay_regime,0.0,1,False,0.8404444456100464,0.01977768858273824,0.874755859375,0.03431141376495361,0.0,,
adult_full,adadecay_regime,0.0,2,False,0.8437777757644653,0.014355725699000886,0.8740234375,0.030245661735534668,0.0,,
adult_full,adadecay_regime,0.0,3,False,0.8388888835906982,0.012497800350189209,0.86962890625,0.030740022659301758,0.0,,
adult_full,adadecay_regime,0.0,4,False,0.8413333296775818,0.011881088534990945,0.8701171875,0.028783857822418213,0.0,,
adult_full,ctrlA,0.0,0,False,0.8424444198608398,0.02136309544245402,0.8828125,0.040368080139160156,0.572813100538497,,
adult_full,ctrlA,0.0,1,False,0.8386666774749756,0.03238303999106089,0.8837890625,0.045122385025024414,0.44595463489903814,,
adult_full,ctrlA,0.0,2,False,0.8377777934074402,0.025712232152620952,0.881103515625,0.043325722217559814,0.5088237355139427,,
adult_full,ctrlA,0.0,3,False,0.839555561542511,0.018692484034432306,0.883056640625,0.043501079082489014,0.40123508873246505,,
adult_full,ctrlA,0.0,4,False,0.8422222137451172,0.02529350854290856,0.872314453125,0.030092239379882812,0.5957327210932966,,
adult_full,ctrlB,0.0,0,False,0.847777783870697,0.01023298403951857,0.864990234375,0.01721245050430298,1.756409579208193,,
adult_full,ctrlB,0.0,1,False,0.8462222218513489,0.00950219962331984,0.868896484375,0.022674262523651123,1.9640671600522155,,
adult_full,ctrlB,0.0,2,False,0.8415555357933044,0.012769492758644954,0.86865234375,0.027096807956695557,1.539182480901938,,
adult_full,ctrlB,0.0,3,False,0.8415555357933044,0.018175840152634515,0.86279296875,0.021237432956695557,2.014774266582965,,
adult_full,ctrlB,0.0,4,False,0.8448888659477234,0.012556953880521986,0.861083984375,0.01619511842727661,0.9805780097039715,,
adult_full,ctrlBpp,0.0,0,False,0.847777783870697,0.01023298403951857,0.864990234375,0.01721245050430298,1.756409579208193,,
adult_full,ctrlBpp,0.0,1,False,0.8462222218513489,0.00950219962331984,0.868896484375,0.022674262523651123,1.9640671600522155,,
adult_full,ctrlBpp,0.0,2,False,0.8415555357933044,0.012769492758644954,0.86865234375,0.027096807956695557,1.539182480901938,,
adult_full,ctrlBpp,0.0,3,False,0.8415555357933044,0.018175840152634515,0.86279296875,0.021237432956695557,2.014774266582965,,
adult_full,ctrlBpp,0.0,4,False,0.8448888659477234,0.012556953880521986,0.861083984375,0.01619511842727661,0.9805780097039715,,
adult_full,fixed,0.01,0,False,0.8326666951179504,0.05802652691470252,0.89990234375,0.06723564863204956,0.01,,
adult_full,fixed,0.01,1,False,0.8335555791854858,0.05154217323991987,0.899658203125,0.06610262393951416,0.01,,
adult_full,fixed,0.01,2,False,0.8277778029441833,0.05629965309302012,0.8994140625,0.07163625955581665,0.01,,
adult_full,fixed,0.01,3,False,0.8375555276870728,0.03703640246391296,0.900634765625,0.06307923793792725,0.01,,
adult_full,fixed,0.01,4,False,0.8360000252723694,0.051956767810715565,0.89794921875,0.061949193477630615,0.01,,
adult_full,fixed,0.0,0,False,0.8297777771949768,0.050460294518205856,0.900146484375,0.0703687071800232,0.0,,
adult_full,fixed,0.0,1,False,0.8304444551467896,0.05110743294821845,0.90234375,0.07189929485321045,0.0,,
adult_full,fixed,0.0,2,False,0.8317777514457703,0.04765757470660739,0.89892578125,0.06714802980422974,0.0,,
adult_full,fixed,0.0,3,False,0.8375555276870728,0.03988241347339418,0.90576171875,0.06820619106292725,0.0,,
adult_full,fixed,0.0,4,False,0.8386666774749756,0.04869268518024021,0.895263671875,0.056596994400024414,0.0,,
adult_full,fixed,0.1,0,False,0.8386666774749756,0.04044163085354699,0.89404296875,0.055376291275024414,0.1,,
adult_full,fixed,0.1,1,False,0.8346666693687439,0.046261089364687605,0.893310546875,0.058643877506256104,0.1,,
adult_full,fixed,0.1,2,False,0.8297777771949768,0.042760936313205294,0.888427734375,0.05864995718002319,0.1,,
adult_full,fixed,0.1,3,False,0.840666651725769,0.03319679939746857,0.891845703125,0.05117905139923096,0.1,,
adult_full,fixed,0.1,4,False,0.8391110897064209,0.04000976316796409,0.88916015625,0.0500490665435791,0.1,,
adult_full,fixed,10.0,0,False,0.8422222137451172,0.051902894708845355,0.8447265625,0.0025043487548828125,10.0,,
adult_full,fixed,10.0,1,False,0.8373333215713501,0.04463493205441369,0.84619140625,0.008858084678649902,10.0,,
adult_full,fixed,10.0,2,False,0.8377777934074402,0.04188688755035401,0.8466796875,0.008901894092559814,10.0,,
adult_full,fixed,10.0,3,False,0.8333333134651184,0.05542399912410312,0.845703125,0.012369811534881592,10.0,,
adult_full,fixed,10.0,4,False,0.8388888835906982,0.04539725417561001,0.848388671875,0.009499788284301758,10.0,,
adult_full,fixed,1.0,0,False,0.8437777757644653,0.01380199268129137,0.869140625,0.025362849235534668,1.0,,
adult_full,fixed,1.0,1,False,0.8446666598320007,0.02052262032032013,0.874267578125,0.029600918292999268,1.0,,
adult_full,fixed,1.0,2,False,0.8433333039283752,0.015427640212906732,0.873046875,0.029713571071624756,1.0,,
adult_full,fixed,1.0,3,False,0.8411111235618591,0.015610489010810854,0.872802734375,0.03169161081314087,1.0,,
adult_full,fixed,1.0,4,False,0.8433333039283752,0.014957250369919671,0.8671875,0.023854196071624756,1.0,,
adult_full,fixed,30.0,0,False,0.7522222399711609,0.19851078901025987,0.749267578125,-0.0029546618461608887,30.0,,
adult_full,fixed,30.0,1,False,0.7522222399711609,0.19702022692892288,0.749267578125,-0.0029546618461608887,30.0,,
adult_full,fixed,30.0,2,False,0.7522222399711609,0.18933980236450834,0.749267578125,-0.0029546618461608887,30.0,,
adult_full,fixed,30.0,3,False,0.8308888673782349,0.220369950082567,0.838134765625,0.007245898246765137,30.0,,
adult_full,fixed,30.0,4,False,0.7522222399711609,0.19559431927733953,0.749267578125,-0.0029546618461608887,30.0,,
adult_full,fixed,3.0,0,False,0.8484444618225098,0.016018834392229713,0.85986328125,0.011418819427490234,3.0,,
adult_full,fixed,3.0,1,False,0.8448888659477234,0.013519130958451166,0.85986328125,0.014974415302276611,3.0,,
adult_full,fixed,3.0,2,False,0.8402222394943237,0.020665470573637223,0.857421875,0.01719963550567627,3.0,,
adult_full,fixed,3.0,3,False,0.8415555357933044,0.020889354242218862,0.8564453125,0.014889776706695557,3.0,,
adult_full,fixed,3.0,4,False,0.8455555438995361,0.014265499618318345,0.85546875,0.009913206100463867,3.0,,
adult_full,valtuned,0.0,0,False,0.8484444618225098,,,,,3.0,8.0
adult_full,valtuned,0.0,1,False,0.8448888659477234,,,,,3.0,8.0
adult_full,valtuned,0.0,2,False,0.8377777934074402,,,,,10.0,8.0
adult_full,valtuned,0.0,3,False,0.8415555357933044,,,,,3.0,8.0
adult_full,valtuned,0.0,4,False,0.8455555438995361,,,,,3.0,8.0
adult_n20,adadecay_regime,0.0,0,False,0.7335555553436279,0.06739338050948249,0.8604999780654907,0.1269444227218628,0.0,,
adult_n20,adadecay_regime,0.0,1,False,0.7048888802528381,0.09193936218155756,0.8740000128746033,0.16911113262176514,0.0,,
adult_n20,adadecay_regime,0.0,2,False,0.754444420337677,0.05621228434642156,0.8654999732971191,0.11105555295944214,0.0,,
adult_n20,adadecay_regime,0.0,3,False,0.7248888611793518,0.07436031386587355,0.8694999814033508,0.14461112022399902,0.0,,
adult_n20,adadecay_regime,0.0,4,False,0.7413333058357239,0.05725586219628652,0.8610000014305115,0.1196666955947876,0.0,,
adult_n20,ctrlA,0.0,0,False,0.7368888854980469,0.06450801246696049,0.8654999732971191,0.12861108779907227,1.1672468056917509,,
adult_n20,ctrlA,0.0,1,False,0.7004444599151611,0.09117736407121022,0.8744999766349792,0.17405551671981812,1.1286202137149672,,
adult_n20,ctrlA,0.0,2,False,0.7457777857780457,0.06784825339582232,0.8654999732971191,0.11972218751907349,1.1064884267400392,,
adult_n20,ctrlA,0.0,3,False,0.7275555729866028,0.06521277576022677,0.8675000071525574,0.1399444341659546,1.1454538523200046,,
adult_n20,ctrlA,0.0,4,False,0.7282222509384155,0.07659841238127814,0.8675000071525574,0.13927775621414185,1.0540154148209846,,
adult_n20,ctrlB,0.0,0,False,0.7795555591583252,0.06406772159205543,0.8144999742507935,0.03494441509246826,3.4714571591098653,,
adult_n20,ctrlB,0.0,1,False,0.7639999985694885,0.05493657312128279,0.8165000081062317,0.052500009536743164,3.2635591367006076,,
adult_n20,ctrlB,0.0,2,False,0.7702222466468811,0.051352117882834544,0.8180000185966492,0.047777771949768066,3.3556262958116725,,
adult_n20,ctrlB,0.0,3,False,0.7551110982894897,0.04745388799243504,0.8190000057220459,0.06388890743255615,3.2954065624536013,,
adult_n20,ctrlB,0.0,4,False,0.7846666574478149,0.06059493633111318,0.8065000176429749,0.021833360195159912,3.3459021626426613,,
adult_n20,ctrlBpp,0.0,0,False,0.7795555591583252,0.06406772159205543,0.8144999742507935,0.03494441509246826,3.4714571591098653,,
adult_n20,ctrlBpp,0.0,1,False,0.7639999985694885,0.05493657312128279,0.8165000081062317,0.052500009536743164,3.2635591367006076,,
adult_n20,ctrlBpp,0.0,2,False,0.7702222466468811,0.051352117882834544,0.8180000185966492,0.047777771949768066,3.3556262958116725,,
adult_n20,ctrlBpp,0.0,3,False,0.7551110982894897,0.04745388799243504,0.8190000057220459,0.06388890743255615,3.2954065624536013,,
adult_n20,ctrlBpp,0.0,4,False,0.7846666574478149,0.06059493633111318,0.8065000176429749,0.021833360195159912,3.3459021626426613,,
adult_n20,fixed,0.01,0,False,0.711555540561676,0.1704563230143653,0.9304999709129333,0.21894443035125732,0.01,,
adult_n20,fixed,0.01,1,False,0.6935555338859558,0.18819904490974215,0.9380000233650208,0.24444448947906494,0.01,,
adult_n20,fixed,0.01,2,False,0.7095555663108826,0.1704191479947832,0.9279999732971191,0.21844440698623657,0.01,,
adult_n20,fixed,0.01,3,False,0.7053333520889282,0.16954161947303348,0.9384999871253967,0.2331666350364685,0.01,,
adult_n20,fixed,0.01,4,False,0.7080000042915344,0.17715115231937834,0.9350000023841858,0.22699999809265137,0.01,,
adult_n20,fixed,0.0,0,False,0.7246666550636292,0.17286864150895012,0.9275000095367432,0.202833354473114,0.0,,
adult_n20,fixed,0.0,1,False,0.6984444260597229,0.1836527125702964,0.9369999766349792,0.23855555057525635,0.0,,
adult_n20,fixed,0.0,2,False,0.7093333601951599,0.1747133960856332,0.9304999709129333,0.22116661071777344,0.0,,
adult_n20,fixed,0.0,3,False,0.7022222280502319,0.16889883482456208,0.9340000152587891,0.23177778720855713,0.0,,
adult_n20,fixed,0.0,4,False,0.7126666903495789,0.17023789229657915,0.9365000128746033,0.22383332252502441,0.0,,
adult_n20,fixed,0.1,0,False,0.7151111364364624,0.15375784712367588,0.9259999990463257,0.21088886260986328,0.1,,
adult_n20,fixed,0.1,1,False,0.6940000057220459,0.17718901675277288,0.9315000176429749,0.23750001192092896,0.1,,
adult_n20,fixed,0.1,2,False,0.7188888788223267,0.15354843522442713,0.9229999780654907,0.20411109924316406,0.1,,
adult_n20,fixed,0.1,3,False,0.6964444518089294,0.1719210336473253,0.9384999871253967,0.24205553531646729,0.1,,
adult_n20,fixed,0.1,4,False,0.7120000123977661,0.15313292831844755,0.9254999756813049,0.21349996328353882,0.1,,
adult_n20,fixed,10.0,0,False,0.8226666450500488,0.14438528295358022,0.7264999747276306,-0.09616667032241821,10.0,,
adult_n20,fixed,10.0,1,False,0.8220000267028809,0.16917619821760388,0.722000002861023,-0.10000002384185791,10.0,,
adult_n20,fixed,10.0,2,False,0.8211110830307007,0.14491716873645782,0.7289999723434448,-0.09211111068725586,10.0,,
adult_n20,fixed,10.0,3,False,0.8215555548667908,0.15605110649267834,0.7285000085830688,-0.09305554628372192,10.0,,
adult_n20,fixed,10.0,4,False,0.8080000281333923,0.12698854785495334,0.7245000004768372,-0.08350002765655518,10.0,,
adult_n20,fixed,1.0,0,False,0.7304444313049316,0.07153369960520004,0.8669999837875366,0.13655555248260498,1.0,,
adult_n20,fixed,1.0,1,False,0.6986666917800903,0.09666779873106215,0.8805000185966492,0.18183332681655884,1.0,,
adult_n20,fixed,1.0,2,False,0.7486666440963745,0.06438172237078349,0.8684999942779541,0.11983335018157959,1.0,,
adult_n20,fixed,1.0,3,False,0.7253333330154419,0.06903511412938436,0.8765000104904175,0.15116667747497559,1.0,,
adult_n20,fixed,1.0,4,False,0.7271111011505127,0.07739481422636244,0.8715000152587891,0.14438891410827637,1.0,,
adult_n20,fixed,30.0,0,False,0.7522222399711609,0.18174597566657597,0.6549999713897705,-0.09722226858139038,30.0,,
adult_n20,fixed,30.0,1,False,0.7522222399711609,0.17922434944576687,0.6549999713897705,-0.09722226858139038,30.0,,
adult_n20,fixed,30.0,2,False,0.7522222399711609,0.18130973671542275,0.6549999713897705,-0.09722226858139038,30.0,,
adult_n20,fixed,30.0,3,False,0.7522222399711609,0.1799662104447683,0.6549999713897705,-0.09722226858139038,30.0,,
adult_n20,fixed,30.0,4,False,0.7522222399711609,0.1823942600356208,0.6549999713897705,-0.09722226858139038,30.0,,
adult_n20,fixed,3.0,0,False,0.7735555768013,0.04680476382043626,0.8215000033378601,0.04794442653656006,3.0,,
adult_n20,fixed,3.0,1,False,0.7562222480773926,0.050552789078818425,0.8195000290870667,0.06327778100967407,3.0,,
adult_n20,fixed,3.0,2,False,0.7722222208976746,0.05156725729836358,0.8224999904632568,0.050277769565582275,3.0,,
adult_n20,fixed,3.0,3,False,0.7524444460868835,0.03739974315961202,0.8270000219345093,0.07455557584762573,3.0,,
adult_n20,fixed,3.0,4,False,0.7797777652740479,0.052350917511516146,0.8199999928474426,0.040222227573394775,3.0,,
adult_n20,valtuned,0.0,0,False,0.8226666450500488,,,,,10.0,8.0
adult_n20,valtuned,0.0,1,False,0.8220000267028809,,,,,10.0,8.0
adult_n20,valtuned,0.0,2,False,0.8211110830307007,,,,,10.0,8.0
adult_n20,valtuned,0.0,3,False,0.8215555548667908,,,,,10.0,8.0
adult_n20,valtuned,0.0,4,False,0.8080000281333923,,,,,10.0,8.0
bank_full,adadecay_regime,0.0,0,False,0.9020000100135803,0.01643384924199846,0.934326171875,0.03232616186141968,0.0,,
bank_full,adadecay_regime,0.0,1,False,0.902222216129303,0.02289302764998542,0.933349609375,0.03112739324569702,0.0,,
bank_full,adadecay_regime,0.0,2,False,0.9039999842643738,0.022188141134050158,0.932861328125,0.02886134386062622,0.0,,
bank_full,adadecay_regime,0.0,3,False,0.8997777700424194,0.01264447891049915,0.928955078125,0.029177308082580566,0.0,,
bank_full,adadecay_regime,0.0,4,False,0.9017778038978577,0.020909560945298937,0.927490234375,0.025712430477142334,0.0,,
bank_full,ctrlA,0.0,0,False,0.8982222080230713,0.02730476845635308,0.942138671875,0.04391646385192871,0.47972592451052243,,
bank_full,ctrlA,0.0,1,False,0.8995555639266968,0.0330275771551662,0.94140625,0.04185068607330322,0.44250013378433334,,
bank_full,ctrlA,0.0,2,False,0.9013333320617676,0.028097653150558472,0.9375,0.03616666793823242,0.45111830242578593,,
bank_full,ctrlA,0.0,3,False,0.902222216129303,0.023604830808109704,0.94189453125,0.03967231512069702,0.5043333225075597,,
bank_full,ctrlA,0.0,4,False,0.898888885974884,0.027390023986498514,0.935302734375,0.03641384840011597,0.49079813643209147,,
bank_full,ctrlB,0.0,0,False,0.9026666879653931,0.013623388820224338,0.92431640625,0.021649718284606934,2.3187035732106445,,
bank_full,ctrlB,0.0,1,False,0.9017778038978577,0.015548810746934677,0.921875,0.020097196102142334,2.4030979278789415,,
bank_full,ctrlB,0.0,2,False,0.9042222499847412,0.00995242934094535,0.9228515625,0.01862931251525879,2.4970325138739895,,
bank_full,ctrlB,0.0,3,False,0.9024444222450256,0.010869494756062826,0.923095703125,0.020651280879974365,1.2363237176360804,,
bank_full,ctrlB,0.0,4,False,0.9046666622161865,0.011666252705785961,0.92041015625,0.015743494033813477,2.2835419813336686,,
bank_full,ctrlBpp,0.0,0,False,0.9026666879653931,0.013623388820224338,0.92431640625,0.021649718284606934,2.3187035732106445,,
bank_full,ctrlBpp,0.0,1,False,0.9017778038978577,0.015548810746934677,0.921875,0.020097196102142334,2.4030979278789415,,
bank_full,ctrlBpp,0.0,2,False,0.9042222499847412,0.00995242934094535,0.9228515625,0.01862931251525879,2.4970325138739895,,
bank_full,ctrlBpp,0.0,3,False,0.9024444222450256,0.010869494756062826,0.923095703125,0.020651280879974365,1.2363237176360804,,
bank_full,ctrlBpp,0.0,4,False,0.9046666622161865,0.011666252705785961,0.92041015625,0.015743494033813477,2.2835419813336686,,
bank_full,fixed,0.01,0,False,0.887333333492279,0.052808711038695444,0.964111328125,0.07677799463272095,0.01,,
bank_full,fixed,0.01,1,False,0.8960000276565552,0.05121852694617377,0.9599609375,0.06396090984344482,0.01,,
bank_full,fixed,0.01,2,False,0.8955555558204651,0.04948468307654063,0.95751953125,0.06196397542953491,0.01,,
bank_full,fixed,0.01,3,False,0.8937777876853943,0.04273450715012021,0.95947265625,0.06569486856460571,0.01,,
bank_full,fixed,0.01,4,False,0.891777753829956,0.04942035616106457,0.9580078125,0.06623005867004395,0.01,,
bank_full,fixed,0.0,0,False,0.8935555815696716,0.04826575142807431,0.966064453125,0.07250887155532837,0.0,,
bank_full,fixed,0.0,1,False,0.8957777619361877,0.052619406779607136,0.958984375,0.06320661306381226,0.0,,
bank_full,fixed,0.0,2,False,0.8946666717529297,0.05073226630687713,0.95556640625,0.06089973449707031,0.0,,
bank_full,fixed,0.0,3,False,0.8946666717529297,0.04279027391804589,0.958984375,0.06431770324707031,0.0,,
bank_full,fixed,0.0,4,False,0.8946666717529297,0.04398882553312514,0.953369140625,0.05870246887207031,0.0,,
bank_full,fixed,0.1,0,False,0.8942221999168396,0.040481941024462384,0.9560546875,0.0618324875831604,0.1,,
bank_full,fixed,0.1,1,False,0.894444465637207,0.04710183647606109,0.95263671875,0.05819225311279297,0.1,,
bank_full,fixed,0.1,2,False,0.8962222337722778,0.04174974842866262,0.949951171875,0.05372893810272217,0.1,,
bank_full,fixed,0.1,3,False,0.8984444737434387,0.04136240661144257,0.955810546875,0.05736607313156128,0.1,,
bank_full,fixed,0.1,4,False,0.8926666378974915,0.040326924184958146,0.94921875,0.056552112102508545,0.1,,
bank_full,fixed,10.0,0,False,0.8831111192703247,0.0495416028632058,0.8896484375,0.006537318229675293,10.0,,
bank_full,fixed,10.0,1,False,0.8980000019073486,0.03509307128853268,0.908935546875,0.010935544967651367,10.0,,
bank_full,fixed,10.0,2,False,0.8831111192703247,0.04369972061448627,0.8896484375,0.006537318229675293,10.0,,
bank_full,fixed,10.0,3,False,0.8831111192703247,0.05516941004329258,0.8896484375,0.006537318229675293,10.0,,
bank_full,fixed,10.0,4,False,0.8831111192703247,0.04231604215833876,0.8896484375,0.006537318229675293,10.0,,
bank_full,fixed,1.0,0,False,0.9002222418785095,0.013564164770974052,0.9326171875,0.03239494562149048,1.0,,
bank_full,fixed,1.0,1,False,0.8993333578109741,0.021135180168681676,0.9287109375,0.02937757968902588,1.0,,
bank_full,fixed,1.0,2,False,0.903333306312561,0.018276663329866195,0.931396484375,0.028063178062438965,1.0,,
bank_full,fixed,1.0,3,False,0.9024444222450256,0.011784646140204537,0.9296875,0.027243077754974365,1.0,,
bank_full,fixed,1.0,4,False,0.9031111001968384,0.01981333063708411,0.927001953125,0.02389085292816162,1.0,,
bank_full,fixed,30.0,0,False,0.8831111192703247,0.36410874128341675,0.8896484375,0.006537318229675293,30.0,,
bank_full,fixed,30.0,1,False,0.8831111192703247,0.36377882957458496,0.8896484375,0.006537318229675293,30.0,,
bank_full,fixed,30.0,2,False,0.8831111192703247,0.27601057158576114,0.8896484375,0.006537318229675293,30.0,,
bank_full,fixed,30.0,3,False,0.8831111192703247,0.3643961548805237,0.8896484375,0.006537318229675293,30.0,,
bank_full,fixed,30.0,4,False,0.8831111192703247,0.27197510683536535,0.8896484375,0.006537318229675293,30.0,,
bank_full,fixed,3.0,0,False,0.9037777781486511,0.013519581437110902,0.919921875,0.016144096851348877,3.0,,
bank_full,fixed,3.0,1,False,0.9004444479942322,0.01255222617255317,0.920166015625,0.019721567630767822,3.0,,
bank_full,fixed,3.0,2,False,0.9051111340522766,0.012902991003460354,0.91943359375,0.014322459697723389,3.0,,
bank_full,fixed,3.0,3,False,0.9031111001968384,0.015858346051639983,0.917724609375,0.014613509178161621,3.0,,
bank_full,fixed,3.0,4,False,0.9046666622161865,0.018162989179293314,0.91650390625,0.011837244033813477,3.0,,
bank_full,valtuned,0.0,0,False,0.9037777781486511,,,,,3.0,8.0
bank_full,valtuned,0.0,1,False,0.8993333578109741,,,,,1.0,8.0
bank_full,valtuned,0.0,2,False,0.9051111340522766,,,,,3.0,8.0
bank_full,valtuned,0.0,3,False,0.9031111001968384,,,,,3.0,8.0
bank_full,valtuned,0.0,4,False,0.9046666622161865,,,,,3.0,8.0
bank_n20,adadecay_regime,0.0,0,False,0.7837777733802795,0.03786126560635037,0.906000018119812,0.12222224473953247,0.0,,
bank_n20,adadecay_regime,0.0,1,False,0.8293333053588867,0.05369751314984428,0.887499988079071,0.058166682720184326,0.0,,
bank_n20,adadecay_regime,0.0,2,False,0.8091111183166504,0.04788869586255816,0.8865000009536743,0.07738888263702393,0.0,,
bank_n20,adadecay_regime,0.0,3,False,0.8188889026641846,0.04869516799185011,0.871999979019165,0.05311107635498047,0.0,,
bank_n20,adadecay_regime,0.0,4,False,0.8246666789054871,0.05034061452415255,0.8834999799728394,0.058833301067352295,0.0,,
bank_n20,ctrlA,0.0,0,False,0.7835555672645569,0.03626045921113756,0.8960000276565552,0.11244446039199829,1.0804581221096483,,
bank_n20,ctrlA,0.0,1,False,0.81977778673172,0.03980554257498847,0.8705000281333923,0.05072224140167236,1.1810842420384582,,
bank_n20,ctrlA,0.0,2,False,0.8266666531562805,0.03661181559827593,0.8684999942779541,0.041833341121673584,1.1146512621851925,,
bank_n20,ctrlA,0.0,3,False,0.8111110925674438,0.039545093284712896,0.8650000095367432,0.053888916969299316,0.8702797391912731,,
bank_n20,ctrlA,0.0,4,False,0.8224444389343262,0.03758403295940823,0.8740000128746033,0.0515555739402771,1.1489043087055233,,
bank_n20,ctrlB,0.0,0,False,0.8657777905464172,0.1079693475961685,0.8349999785423279,-0.030777812004089355,2.780177306168266,,
bank_n20,ctrlB,0.0,1,False,0.86644446849823,0.10192196337381998,0.8224999904632568,-0.043944478034973145,2.936954145092074,,
bank_n20,ctrlB,0.0,2,False,0.8624444603919983,0.09916347981823814,0.8295000195503235,-0.032944440841674805,3.0909407917339786,,
bank_n20,ctrlB,0.0,3,False,0.8826666474342346,0.11304145325554743,0.8015000224113464,-0.08116662502288818,2.944027650197243,,
bank_n20,ctrlB,0.0,4,False,0.862666666507721,0.10736086010270648,0.8195000290870667,-0.0431666374206543,2.9125652969765343,,
bank_n20,ctrlBpp,0.0,0,False,0.8657777905464172,0.1079693475961685,0.8349999785423279,-0.030777812004089355,2.780177306168266,,
bank_n20,ctrlBpp,0.0,1,False,0.86644446849823,0.10192196337381998,0.8224999904632568,-0.043944478034973145,2.936954145092074,,
bank_n20,ctrlBpp,0.0,2,False,0.8624444603919983,0.09916347981823814,0.8295000195503235,-0.032944440841674805,3.0909407917339786,,
bank_n20,ctrlBpp,0.0,3,False,0.8826666474342346,0.11304145325554743,0.8015000224113464,-0.08116662502288818,2.944027650197243,,
bank_n20,ctrlBpp,0.0,4,False,0.862666666507721,0.10736086010270648,0.8195000290870667,-0.0431666374206543,2.9125652969765343,,
bank_n20,fixed,0.01,0,False,0.7477777600288391,0.13793905896610684,0.9409999847412109,0.19322222471237183,0.01,,
bank_n20,fixed,0.01,1,False,0.7886666655540466,0.12137175656027263,0.940500020980835,0.15183335542678833,0.01,,
bank_n20,fixed,0.01,2,False,0.7699999809265137,0.1282126091718674,0.9539999961853027,0.18400001525878906,0.01,,
bank_n20,fixed,0.01,3,False,0.7646666765213013,0.11581086301803589,0.9365000128746033,0.171833336353302,0.01,,
bank_n20,fixed,0.01,4,False,0.7699999809265137,0.13431565243668026,0.9574999809265137,0.1875,0.01,,
bank_n20,fixed,0.0,0,False,0.7437777519226074,0.14904612889554766,0.9539999961853027,0.2102222442626953,0.0,,
bank_n20,fixed,0.0,1,False,0.7968888878822327,0.11514031417502298,0.9334999918937683,0.13661110401153564,0.0,,
bank_n20,fixed,0.0,2,False,0.7620000243186951,0.13218172683980728,0.9574999809265137,0.1954999566078186,0.0,,
bank_n20,fixed,0.0,3,False,0.7675555348396301,0.11821390792396333,0.9375,0.16994446516036987,0.0,,
bank_n20,fixed,0.0,4,False,0.7717777490615845,0.13400869387388228,0.9635000228881836,0.19172227382659912,0.0,,
bank_n20,fixed,0.1,0,False,0.7657777667045593,0.12221684345934125,0.9465000033378601,0.18072223663330078,0.1,,
bank_n20,fixed,0.1,1,False,0.7962222099304199,0.10866711020469665,0.9334999918937683,0.1372777819633484,0.1,,
bank_n20,fixed,0.1,2,False,0.7946666479110718,0.09744621789455413,0.9434999823570251,0.14883333444595337,0.1,,
bank_n20,fixed,0.1,3,False,0.7695555686950684,0.10651022084554038,0.9279999732971191,0.15844440460205078,0.1,,
bank_n20,fixed,0.1,4,False,0.7760000228881836,0.11550107712878122,0.9524999856948853,0.17649996280670166,0.1,,
bank_n20,fixed,10.0,0,False,0.8842222094535828,0.17942310926649305,0.7369999885559082,-0.14722222089767456,10.0,,
bank_n20,fixed,10.0,1,False,0.8911111354827881,0.18810970293151008,0.7595000267028809,-0.13161110877990723,10.0,,
bank_n20,fixed,10.0,2,False,0.88355553150177,0.1890306772126092,0.7369999885559082,-0.14655554294586182,10.0,,
bank_n20,fixed,10.0,3,False,0.8831111192703247,0.18321510857343676,0.7350000143051147,-0.14811110496520996,10.0,,
bank_n20,fixed,10.0,4,False,0.8857777714729309,0.1801242683264944,0.7534999847412109,-0.13227778673171997,10.0,,
bank_n20,fixed,1.0,0,False,0.7724444270133972,0.037353734559483,0.9020000100135803,0.1295555830001831,1.0,,
bank_n20,fixed,1.0,1,False,0.8255555629730225,0.040875408689181006,0.8840000033378601,0.058444440364837646,1.0,,
bank_n20,fixed,1.0,2,False,0.8046666383743286,0.05150008218818241,0.8845000267028809,0.07983338832855225,1.0,,
bank_n20,fixed,1.0,3,False,0.8251110911369324,0.038297052648332386,0.8640000224113464,0.03888893127441406,1.0,,
bank_n20,fixed,1.0,4,False,0.8073333501815796,0.03937915037737952,0.8784999847412109,0.07116663455963135,1.0,,
bank_n20,fixed,30.0,0,False,0.8831111192703247,0.30431200959947374,0.7350000143051147,-0.14811110496520996,30.0,,
bank_n20,fixed,30.0,1,False,0.8831111192703247,0.3016244551075829,0.7350000143051147,-0.14811110496520996,30.0,,
bank_n20,fixed,30.0,2,False,0.8831111192703247,0.3044992563856973,0.7350000143051147,-0.14811110496520996,30.0,,
bank_n20,fixed,30.0,3,False,0.8831111192703247,0.3035210040675269,0.7350000143051147,-0.14811110496520996,30.0,,
bank_n20,fixed,30.0,4,False,0.8831111192703247,0.30447155221303307,0.7350000143051147,-0.14811110496520996,30.0,,
bank_n20,fixed,3.0,0,False,0.8715555667877197,0.10415451353126103,0.8264999985694885,-0.0450555682182312,3.0,,
bank_n20,fixed,3.0,1,False,0.871999979019165,0.10991370647483402,0.8190000057220459,-0.05299997329711914,3.0,,
bank_n20,fixed,3.0,2,False,0.8526666760444641,0.09484748176733653,0.8230000138282776,-0.029666662216186523,3.0,,
bank_n20,fixed,3.0,3,False,0.8773333430290222,0.11157302722665999,0.8029999732971191,-0.07433336973190308,3.0,,
bank_n20,fixed,3.0,4,False,0.863111138343811,0.10751877280076345,0.8199999928474426,-0.04311114549636841,3.0,,
bank_n20,valtuned,0.0,0,False,0.8842222094535828,,,,,10.0,8.0
bank_n20,valtuned,0.0,1,False,0.8831111192703247,,,,,30.0,8.0
bank_n20,valtuned,0.0,2,False,0.88355553150177,,,,,10.0,8.0
bank_n20,valtuned,0.0,3,False,0.8831111192703247,,,,,10.0,8.0
bank_n20,valtuned,0.0,4,False,0.8857777714729309,,,,,10.0,8.0
digits_full,adadecay_regime,0.0,0,False,0.9721707105636597,0.038068634293738454,0.998410165309906,0.026239454746246338,0.0,,
digits_full,adadecay_regime,0.0,1,False,0.9758812785148621,0.04765720811978342,0.998410165309906,0.022528886795043945,0.0,,
digits_full,adadecay_regime,0.0,2,False,0.9684600830078125,0.031787941042257815,0.998410165309906,0.029950082302093506,0.0,,
digits_full,adadecay_regime,0.0,3,False,0.9684600830078125,0.03210273799737,0.998410165309906,0.029950082302093506,0.0,,
digits_full,adadecay_regime,0.0,4,False,0.9703153967857361,0.036258873393230404,0.998410165309906,0.028094768524169922,0.0,,
digits_full,ctrlA,0.0,0,False,0.9628942608833313,0.15504404150488646,0.9761525988578796,0.01325833797454834,5.381793253819845,,
digits_full,ctrlA,0.0,1,False,0.9536178112030029,0.15635770786007616,0.9777424335479736,0.024124622344970703,5.494076424506218,,
digits_full,ctrlA,0.0,2,False,0.9554731249809265,0.1446004868493673,0.976947546005249,0.02147442102432251,5.228621539379945,,
digits_full,ctrlA,0.0,3,False,0.9610389471054077,0.14851260563991064,0.9793322682380676,0.018293321132659912,5.406368152116904,,
digits_full,ctrlA,0.0,4,False,0.9610389471054077,0.1681298821445741,0.975357711315155,0.014318764209747314,5.8103294469222035,,
digits_full,ctrlB,0.0,0,False,0.9350649118423462,0.2679447364995121,0.9562798142433167,0.02121490240097046,8.839845950761402,,
digits_full,ctrlB,0.0,1,False,0.9276437759399414,0.27625675601729216,0.9515103101730347,0.02386653423309326,8.991150766395558,,
digits_full,ctrlB,0.0,2,False,0.9276437759399414,0.264098476556325,0.9554848670959473,0.02784109115600586,8.995995172289936,,
digits_full,ctrlB,0.0,3,False,0.9387755393981934,0.27562424767216415,0.9562798142433167,0.01750427484512329,8.99824065132658,,
digits_full,ctrlB,0.0,4,False,0.9313543438911438,0.3010047109372541,0.9499205350875854,0.01856619119644165,9.623946627143393,,
digits_full,ctrlBpp,0.0,0,False,0.9350649118423462,0.2679447364995121,0.9562798142433167,0.02121490240097046,8.839845950761402,,
digits_full,ctrlBpp,0.0,1,False,0.9276437759399414,0.27625675601729216,0.9515103101730347,0.02386653423309326,8.991150766395558,,
digits_full,ctrlBpp,0.0,2,False,0.9276437759399414,0.264098476556325,0.9554848670959473,0.02784109115600586,8.995995172289936,,
digits_full,ctrlBpp,0.0,3,False,0.9387755393981934,0.27562424767216415,0.9562798142433167,0.01750427484512329,8.99824065132658,,
digits_full,ctrlBpp,0.0,4,False,0.9313543438911438,0.3010047109372541,0.9499205350875854,0.01856619119644165,9.623946627143393,,
digits_full,fixed,0.01,0,False,0.9721707105636597,0.020276247625669434,1.0,0.027829289436340332,0.01,,
digits_full,fixed,0.01,1,False,0.9721707105636597,0.010889770369803972,1.0,0.027829289436340332,0.01,,
digits_full,fixed,0.01,2,False,0.9610389471054077,0.015176637108560397,1.0,0.038961052894592285,0.01,,
digits_full,fixed,0.01,3,False,0.9647495150566101,0.01090944438122199,1.0,0.03525048494338989,0.01,,
digits_full,fixed,0.01,4,False,0.9721707105636597,0.008164885092754754,1.0,0.027829289436340332,0.01,,
digits_full,fixed,0.0,0,False,0.9703153967857361,0.019723033916087675,1.0,0.029684603214263916,0.0,,
digits_full,fixed,0.0,1,False,0.9721707105636597,0.013037588468066836,1.0,0.027829289436340332,0.0,,
digits_full,fixed,0.0,2,False,0.9610389471054077,0.019741957727301317,1.0,0.038961052894592285,0.0,,
digits_full,fixed,0.0,3,False,0.9628942608833313,0.013009595074768633,1.0,0.0371057391166687,0.0,,
digits_full,fixed,0.0,4,False,0.9721707105636597,0.006911388907671417,1.0,0.027829289436340332,0.0,,
digits_full,fixed,0.1,0,False,0.9721707105636597,0.016665377289554403,1.0,0.027829289436340332,0.1,,
digits_full,fixed,0.1,1,False,0.9721707105636597,0.013767360313925097,1.0,0.027829289436340332,0.1,,
digits_full,fixed,0.1,2,False,0.9610389471054077,0.016556935208626715,1.0,0.038961052894592285,0.1,,
digits_full,fixed,0.1,3,False,0.9647495150566101,0.009020235410205508,1.0,0.03525048494338989,0.1,,
digits_full,fixed,0.1,4,False,0.9721707105636597,0.011017332382237536,1.0,0.027829289436340332,0.1,,
digits_full,fixed,10.0,0,False,0.8942486047744751,0.3150055566336095,0.9300476908683777,0.03579908609390259,10.0,,
digits_full,fixed,10.0,1,False,0.8738404512405396,0.30709993988551987,0.9038155674934387,0.02997511625289917,10.0,,
digits_full,fixed,10.0,2,False,0.8868274688720703,0.31076615893995607,0.9276629686355591,0.04083549976348877,10.0,,
digits_full,fixed,10.0,3,False,0.9053803086280823,0.3315712562960906,0.9340222477912903,0.028641939163208008,10.0,,
digits_full,fixed,10.0,4,False,0.8868274688720703,0.3142850958018223,0.9189189076423645,0.03209143877029419,10.0,,
digits_full,fixed,1.0,0,False,0.9740259647369385,0.03341022150414773,0.998410165309906,0.02438420057296753,1.0,,
digits_full,fixed,1.0,1,False,0.9777365326881409,0.04147867877762039,0.9992051124572754,0.02146857976913452,1.0,,
digits_full,fixed,1.0,2,False,0.9703153967857361,0.03602282915796552,0.998410165309906,0.028094768524169922,1.0,,
digits_full,fixed,1.0,3,False,0.9666048288345337,0.03353082907000809,0.998410165309906,0.031805336475372314,1.0,,
digits_full,fixed,1.0,4,False,0.9777365326881409,0.034476609420245566,0.998410165309906,0.020673632621765137,1.0,,
digits_full,fixed,30.0,0,False,0.27087199687957764,0.12059823648938443,0.29014307260513306,0.01927107572555542,30.0,,
digits_full,fixed,30.0,1,False,0.23933209478855133,0.07838897020011754,0.2750397324562073,0.035707637667655945,30.0,,
digits_full,fixed,30.0,2,False,0.23191094398498535,0.08131640029860339,0.2488076239824295,0.016896679997444153,30.0,,
digits_full,fixed,30.0,3,False,0.3209647536277771,0.16912146095110445,0.36406993865966797,0.04310518503189087,30.0,,
digits_full,fixed,30.0,4,False,0.24304267764091492,0.08734266119896812,0.2575516700744629,0.014508992433547974,30.0,,
digits_full,fixed,3.0,0,False,0.9684600830078125,0.08797963806782229,0.9936407208442688,0.0251806378364563,3.0,,
digits_full,fixed,3.0,1,False,0.9666048288345337,0.08352556028481095,0.9912559390068054,0.02465111017227173,3.0,,
digits_full,fixed,3.0,2,False,0.9647495150566101,0.08333278470888651,0.9896661639213562,0.024916648864746094,3.0,,
digits_full,fixed,3.0,3,False,0.9647495150566101,0.07724769930450284,0.9928457736968994,0.028096258640289307,3.0,,
digits_full,fixed,3.0,4,False,0.9703153967857361,0.0794187355129971,0.9928457736968994,0.02253037691116333,3.0,,
digits_full,valtuned,0.0,0,False,0.9740259647369385,,,,,1.0,8.0
digits_full,valtuned,0.0,1,False,0.9721707105636597,,,,,0.1,8.0
digits_full,valtuned,0.0,2,False,0.9703153967857361,,,,,1.0,8.0
digits_full,valtuned,0.0,3,False,0.9666048288345337,,,,,1.0,8.0
digits_full,valtuned,0.0,4,False,0.9721707105636597,,,,,0.0,8.0
digits_n20,adadecay_regime,0.0,0,False,0.8775510191917419,0.13063123285880998,0.8799999952316284,0.0024489760398864746,0.0,,
digits_n20,adadecay_regime,0.0,1,False,0.847866415977478,0.10983165363212684,0.8740000128746033,0.026133596897125244,0.0,,
digits_n20,adadecay_regime,0.0,2,False,0.8701298832893372,0.12920228033870845,0.8840000033378601,0.01387012004852295,0.0,,
digits_n20,adadecay_regime,0.0,3,False,0.8831169009208679,0.13072052089314293,0.8759999871253967,-0.007116913795471191,0.0,,
digits_n20,adadecay_regime,0.0,4,False,0.8794063329696655,0.1365751895590483,0.8759999871253967,-0.003406345844268799,0.0,,
digits_n20,ctrlA,0.0,0,False,0.8998144865036011,0.33164048667630813,0.8180000185966492,-0.0818144679069519,5.740761466862653,,
digits_n20,ctrlA,0.0,1,False,0.8886827230453491,0.3243292220116546,0.8240000009536743,-0.0646827220916748,5.76119391306573,,
digits_n20,ctrlA,0.0,2,False,0.9090909361839294,0.3390187921904456,0.8080000281333923,-0.10109090805053711,5.333056616970057,,
digits_n20,ctrlA,0.0,3,False,0.8979591727256775,0.3229275393906241,0.8199999928474426,-0.07795917987823486,5.530255645431507,,
digits_n20,ctrlA,0.0,4,False,0.8979591727256775,0.33860751328530253,0.8159999847412109,-0.08195918798446655,5.774962963994392,,
digits_n20,ctrlB,0.0,0,False,0.8794063329696655,0.38487035691295796,0.7940000295639038,-0.08540630340576172,7.628483233804026,,
digits_n20,ctrlB,0.0,1,False,0.8701298832893372,0.38132371071981813,0.7960000038146973,-0.07412987947463989,7.663549374830158,,
digits_n20,ctrlB,0.0,2,False,0.8831169009208679,0.3917554986277848,0.7860000133514404,-0.09711688756942749,7.448308978496117,,
digits_n20,ctrlB,0.0,3,False,0.8775510191917419,0.3808326206976938,0.7940000295639038,-0.08355098962783813,7.57895738891811,,
digits_n20,ctrlB,0.0,4,False,0.8812615871429443,0.3924906702784749,0.7900000214576721,-0.09126156568527222,7.5475876962060555,,
digits_n20,ctrlBpp,0.0,0,False,0.8794063329696655,0.38487035691295796,0.7940000295639038,-0.08540630340576172,7.628483233804026,,
digits_n20,ctrlBpp,0.0,1,False,0.8701298832893372,0.38132371071981813,0.7960000038146973,-0.07412987947463989,7.663549374830158,,
digits_n20,ctrlBpp,0.0,2,False,0.8831169009208679,0.3917554986277848,0.7860000133514404,-0.09711688756942749,7.448308978496117,,
digits_n20,ctrlBpp,0.0,3,False,0.8775510191917419,0.3808326206976938,0.7940000295639038,-0.08355098962783813,7.57895738891811,,
digits_n20,ctrlBpp,0.0,4,False,0.8812615871429443,0.3924906702784749,0.7900000214576721,-0.09126156568527222,7.5475876962060555,,
digits_n20,fixed,0.01,0,False,0.8608534336090088,0.07995651977513407,0.9279999732971191,0.06714653968811035,0.01,,
digits_n20,fixed,0.01,1,False,0.8293135166168213,0.05234377774546452,0.921999990940094,0.0926864743232727,0.01,,
digits_n20,fixed,0.01,2,False,0.8293135166168213,0.04816366115616071,0.9279999732971191,0.09868645668029785,0.01,,
digits_n20,fixed,0.01,3,False,0.8497217297554016,0.06380507286382296,0.9279999732971191,0.07827824354171753,0.01,,
digits_n20,fixed,0.01,4,False,0.8589981198310852,0.06750206464075643,0.9200000166893005,0.06100189685821533,0.01,,
digits_n20,fixed,0.0,0,False,0.8589981198310852,0.07836296302931649,0.921999990940094,0.06300187110900879,0.0,,
digits_n20,fixed,0.0,1,False,0.8274582624435425,0.05587330497870418,0.9200000166893005,0.09254175424575806,0.0,,
digits_n20,fixed,0.0,2,False,0.8293135166168213,0.04989755181301945,0.9279999732971191,0.09868645668029785,0.0,,
digits_n20,fixed,0.0,3,False,0.8497217297554016,0.06478975317916091,0.9279999732971191,0.07827824354171753,0.0,,
digits_n20,fixed,0.0,4,False,0.8589981198310852,0.07417902461009476,0.921999990940094,0.06300187110900879,0.0,,
digits_n20,fixed,0.1,0,False,0.8682745695114136,0.09211237233733423,0.9160000085830688,0.04772543907165527,0.1,,
digits_n20,fixed,0.1,1,False,0.8274582624435425,0.053093603623820144,0.9179999828338623,0.09054172039031982,0.1,,
digits_n20,fixed,0.1,2,False,0.8311688303947449,0.05067058385856076,0.9200000166893005,0.08883118629455566,0.1,,
digits_n20,fixed,0.1,3,False,0.8552875518798828,0.07088043727326261,0.9139999747276306,0.0587124228477478,0.1,,
digits_n20,fixed,0.1,4,False,0.8627087473869324,0.07181763458229838,0.9120000004768372,0.049291253089904785,0.1,,
digits_n20,fixed,10.0,0,False,0.7866419553756714,0.37237959605311644,0.7319999933242798,-0.0546419620513916,10.0,,
digits_n20,fixed,10.0,1,False,0.7922077775001526,0.39035260377379205,0.7260000109672546,-0.06620776653289795,10.0,,
digits_n20,fixed,10.0,2,False,0.7884972095489502,0.3866080796010862,0.7160000205039978,-0.07249718904495239,10.0,,
digits_n20,fixed,10.0,3,False,0.7866419553756714,0.3891873118192898,0.7200000286102295,-0.0666419267654419,10.0,,
digits_n20,fixed,10.0,4,False,0.7922077775001526,0.39138214995113507,0.7179999947547913,-0.07420778274536133,10.0,,
digits_n20,fixed,1.0,0,False,0.8905380368232727,0.1431723260536707,0.8759999871253967,-0.014538049697875977,1.0,,
digits_n20,fixed,1.0,1,False,0.8441558480262756,0.10308838266609771,0.8759999871253967,0.031844139099121094,1.0,,
digits_n20,fixed,1.0,2,False,0.8775510191917419,0.13739357078672562,0.8799999952316284,0.0024489760398864746,1.0,,
digits_n20,fixed,1.0,3,False,0.8812615871429443,0.1328898936454794,0.878000020980835,-0.003261566162109375,1.0,,
digits_n20,fixed,1.0,4,False,0.8775510191917419,0.13010985372460177,0.878000020980835,0.0004490017890930176,1.0,,
digits_n20,fixed,30.0,0,False,0.19480518996715546,0.0955564621594045,0.20999999344348907,0.015194803476333618,30.0,,
digits_n20,fixed,30.0,1,False,0.20779220759868622,0.09098968343854172,0.2460000067949295,0.038207799196243286,30.0,,
digits_n20,fixed,30.0,2,False,0.18923933804035187,0.10824747290289469,0.22200000286102295,0.03276066482067108,30.0,,
digits_n20,fixed,30.0,3,False,0.18923933804035187,0.08700984569891929,0.2199999988079071,0.030760660767555237,30.0,,
digits_n20,fixed,30.0,4,False,0.18923933804035187,0.11128551754858586,0.20399999618530273,0.014760658144950867,30.0,,
digits_n20,fixed,3.0,0,False,0.8923933506011963,0.22462460608783147,0.8360000252723694,-0.056393325328826904,3.0,,
digits_n20,fixed,3.0,1,False,0.8794063329696655,0.21361221619130066,0.8379999995231628,-0.041406333446502686,3.0,,
digits_n20,fixed,3.0,2,False,0.9035250544548035,0.2522891788900673,0.8379999995231628,-0.06552505493164062,3.0,,
digits_n20,fixed,3.0,3,False,0.8905380368232727,0.22367416474283958,0.8379999995231628,-0.05253803730010986,3.0,,
digits_n20,fixed,3.0,4,False,0.8868274688720703,0.22448731270482233,0.8339999914169312,-0.05282747745513916,3.0,,
digits_n20,valtuned,0.0,0,False,0.8905380368232727,,,,,1.0,8.0
digits_n20,valtuned,0.0,1,False,0.8274582624435425,,,,,0.0,8.0
digits_n20,valtuned,0.0,2,False,0.9035250544548035,,,,,3.0,8.0
digits_n20,valtuned,0.0,3,False,0.8812615871429443,,,,,1.0,8.0
digits_n20,valtuned,0.0,4,False,0.8775510191917419,,,,,1.0,8.0
fashion_full,adadecay_regime,0.0,0,False,0.8529999852180481,0.01970997793227434,0.8876953125,0.034695327281951904,0.0,,
fashion_full,adadecay_regime,0.0,1,False,0.8472499847412109,0.013532326567918062,0.88818359375,0.04093360900878906,0.0,,
fashion_full,adadecay_regime,0.0,2,False,0.8510000109672546,0.012119667679071426,0.888671875,0.03767186403274536,0.0,,
fashion_full,ctrlA,0.0,0,False,0.8500000238418579,0.019760921996086835,0.87744140625,0.02744138240814209,1.3782045037117456,,
fashion_full,ctrlA,0.0,1,False,0.8454999923706055,0.021090029180049895,0.8837890625,0.03828907012939453,1.396265172586654,,
fashion_full,ctrlA,0.0,2,False,0.8352500200271606,0.010291542187333106,0.861083984375,0.025833964347839355,1.4626844442437117,,
fashion_full,ctrlB,0.0,0,False,0.8397499918937683,0.03362345049530268,0.859375,0.01962500810623169,2.4677868674143197,,
fashion_full,ctrlB,0.0,1,False,0.8212500214576721,0.0219951341599226,0.84521484375,0.02396482229232788,2.1727945289817683,,
fashion_full,ctrlB,0.0,2,False,0.8320000171661377,0.0266683687157929,0.8583984375,0.026398420333862305,2.2539227530347152,,
fashion_full,fixed,0.01,0,False,0.8727499842643738,0.0760106501504779,0.97998046875,0.10723048448562622,0.01,,
fashion_full,fixed,0.01,1,False,0.8667500019073486,0.07645653422176837,0.97021484375,0.10346484184265137,0.01,,
fashion_full,fixed,0.01,2,False,0.8665000200271606,0.08591432692110539,0.969482421875,0.10298240184783936,0.01,,
fashion_full,fixed,0.0,0,False,0.8669999837875366,0.0823963441066444,0.987060546875,0.12006056308746338,0.0,,
fashion_full,fixed,0.0,1,False,0.8677499890327454,0.07627714638970792,0.974365234375,0.10661524534225464,0.0,,
fashion_full,fixed,0.0,2,False,0.8787500262260437,0.07905618742853403,0.98876953125,0.1100195050239563,0.0,,
fashion_full,fixed,0.1,0,False,0.8712499737739563,0.07080323579907417,0.973876953125,0.1026269793510437,0.1,,
fashion_full,fixed,0.1,1,False,0.8675000071525574,0.06710155196860432,0.962890625,0.09539061784744263,0.1,,
fashion_full,fixed,0.1,2,False,0.8730000257492065,0.07110779025405645,0.969970703125,0.09697067737579346,0.1,,
fashion_full,fixed,10.0,0,False,0.6812499761581421,0.04959559936076403,0.681640625,0.00039064884185791016,10.0,,
fashion_full,fixed,10.0,1,False,0.6367499828338623,0.06729654779285192,0.653564453125,0.016814470291137695,10.0,,
fashion_full,fixed,10.0,2,False,0.6777499914169312,0.09287967844679951,0.693359375,0.015609383583068848,10.0,,
fashion_full,fixed,1.0,0,False,0.8554999828338623,0.016575061261653902,0.896728515625,0.041228532791137695,1.0,,
fashion_full,fixed,1.0,1,False,0.8662499785423279,0.019952355608344078,0.90576171875,0.03951174020767212,1.0,,
fashion_full,fixed,1.0,2,False,0.8429999947547913,0.01844159245491028,0.8798828125,0.03688281774520874,1.0,,
fashion_n20,adadecay_regime,0.0,0,False,0.8009999990463257,0.059396613128483294,0.8546666502952576,0.053666651248931885,0.0,,
fashion_n20,adadecay_regime,0.0,1,False,0.7542499899864197,0.057537593100219955,0.8416666388511658,0.0874166488647461,0.0,,
fashion_n20,adadecay_regime,0.0,2,False,0.7792500257492065,0.04314762709662319,0.8286666870117188,0.04941666126251221,0.0,,
fashion_n20,ctrlA,0.0,0,False,0.8237500190734863,0.1783474774323404,0.7136666774749756,-0.11008334159851074,2.385111642178033,,
fashion_n20,ctrlA,0.0,1,False,0.8125,0.18041483026742935,0.7116666436195374,-0.10083335638046265,2.23039573319361,,
fashion_n20,ctrlA,0.0,2,False,0.8192499876022339,0.19012406143546107,0.7059999704360962,-0.1132500171661377,2.280025037396884,,
fashion_n20,ctrlB,0.0,0,False,0.7997499704360962,0.1731135859340429,0.6863333582878113,-0.11341661214828491,2.8151788242456783,,
fashion_n20,ctrlB,0.0,1,False,0.8162500262260437,0.2090832366645336,0.6970000267028809,-0.11924999952316284,2.916556686552019,,
fashion_n20,ctrlB,0.0,2,False,0.8100000023841858,0.1963519487679005,0.6863333582878113,-0.12366664409637451,2.64265887120635,,
fashion_n20,fixed,0.01,0,False,0.7505000233650208,0.1646566721275449,0.999666690826416,0.24916666746139526,0.01,,
fashion_n20,fixed,0.01,1,False,0.7384999990463257,0.1672738489434123,1.0,0.2615000009536743,0.01,,
fashion_n20,fixed,0.01,2,False,0.7254999876022339,0.17691504031047223,0.9983333349227905,0.27283334732055664,0.01,,
fashion_n20,fixed,0.0,0,False,0.7310000061988831,0.17326971455663442,0.9896666407585144,0.25866663455963135,0.0,,
fashion_n20,fixed,0.0,1,False,0.7477499842643738,0.16511960654333235,0.9986666440963745,0.25091665983200073,0.0,,
fashion_n20,fixed,0.0,2,False,0.7170000076293945,0.1722177502065897,0.9940000176429749,0.2770000100135803,0.0,,
fashion_n20,fixed,0.1,0,False,0.7492499947547913,0.14540961502492428,0.9946666955947876,0.24541670083999634,0.1,,
fashion_n20,fixed,0.1,1,False,0.746999979019165,0.13770652189850807,0.9936666488647461,0.24666666984558105,0.1,,
fashion_n20,fixed,0.1,2,False,0.7282500267028809,0.1564551048204303,0.9933333396911621,0.26508331298828125,0.1,,
fashion_n20,fixed,10.0,0,False,0.6902499794960022,0.21019649663195014,0.562666654586792,-0.1275833249092102,10.0,,
fashion_n20,fixed,10.0,1,False,0.6962500214576721,0.2745653641819954,0.5690000057220459,-0.12725001573562622,10.0,,
fashion_n20,fixed,10.0,2,False,0.6977499723434448,0.24388718511536717,0.565666675567627,-0.13208329677581787,10.0,,
fashion_n20,fixed,1.0,0,False,0.7925000190734863,0.06035133457183837,0.8610000014305115,0.06849998235702515,1.0,,
fashion_n20,fixed,1.0,1,False,0.7634999752044678,0.036622304391115905,0.8333333134651184,0.06983333826065063,1.0,,
fashion_n20,fixed,1.0,2,False,0.7919999957084656,0.038379926986992365,0.8303333520889282,0.038333356380462646,1.0,,
mfeat_full,adadecay_regime,0.0,0,False,0.9649999737739563,0.03623464432855447,0.9985714554786682,0.033571481704711914,0.0,,
mfeat_full,adadecay_regime,0.0,1,False,0.9666666388511658,0.031003031035264333,0.9992856979370117,0.03261905908584595,0.0,,
mfeat_full,adadecay_regime,0.0,2,False,0.9633333086967468,0.02823310072223345,0.9992856979370117,0.03595238924026489,0.0,,
mfeat_full,adadecay_regime,0.0,3,False,0.9700000286102295,0.0342104168732961,0.9992856979370117,0.029285669326782227,0.0,,
mfeat_full,adadecay_regime,0.0,4,False,0.9649999737739563,0.029852763265371327,0.9992856979370117,0.03428572416305542,0.0,,
mfeat_full,ctrlA,0.0,0,False,0.9549999833106995,0.12755513911445937,0.9807142615318298,0.02571427822113037,4.699375804368947,,
mfeat_full,ctrlA,0.0,1,False,0.9549999833106995,0.1261418430507183,0.9800000190734863,0.025000035762786865,4.518816804847421,,
mfeat_full,ctrlA,0.0,2,False,0.9616666436195374,0.1256829363107681,0.9835714101791382,0.02190476655960083,4.485985439044254,,
mfeat_full,ctrlA,0.0,3,False,0.9633333086967468,0.12573554784059524,0.9828571677207947,0.01952385902404785,4.322572015685888,,
mfeat_full,ctrlA,0.0,4,False,0.9599999785423279,0.1406827254096667,0.979285717010498,0.019285738468170166,4.820794242498309,,
mfeat_full,ctrlB,0.0,0,False,0.9399999976158142,0.24716372619072594,0.9635714292526245,0.023571431636810303,8.25377391519532,,
mfeat_full,ctrlB,0.0,1,False,0.9433333277702332,0.24785598193605746,0.9592857360839844,0.01595240831375122,8.191549423090557,,
mfeat_full,ctrlB,0.0,2,False,0.9483333230018616,0.25862669178595143,0.9649999737739563,0.016666650772094727,8.062095449606321,,
mfeat_full,ctrlB,0.0,3,False,0.9466666579246521,0.250537389566501,0.9628571271896362,0.01619046926498413,7.8811016464678,,
mfeat_full,ctrlB,0.0,4,False,0.9483333230018616,0.27248300708830353,0.9621428847312927,0.013809561729431152,8.231677554813642,,
mfeat_full,ctrlBpp,0.0,0,False,0.9399999976158142,0.24716372619072594,0.9635714292526245,0.023571431636810303,8.25377391519532,,
mfeat_full,ctrlBpp,0.0,1,False,0.9433333277702332,0.24785598193605746,0.9592857360839844,0.01595240831375122,8.191549423090557,,
mfeat_full,ctrlBpp,0.0,2,False,0.9483333230018616,0.25862669178595143,0.9649999737739563,0.016666650772094727,8.062095449606321,,
mfeat_full,ctrlBpp,0.0,3,False,0.9466666579246521,0.250537389566501,0.9628571271896362,0.01619046926498413,7.8811016464678,,
mfeat_full,ctrlBpp,0.0,4,False,0.9483333230018616,0.27248300708830353,0.9621428847312927,0.013809561729431152,8.231677554813642,,
mfeat_full,fixed,0.01,0,False,0.9649999737739563,0.013666714330514272,1.0,0.0350000262260437,0.01,,
mfeat_full,fixed,0.01,1,False,0.9649999737739563,0.010388511866331102,1.0,0.0350000262260437,0.01,,
mfeat_full,fixed,0.01,2,False,0.9599999785423279,0.014604493329922358,1.0,0.04000002145767212,0.01,,
mfeat_full,fixed,0.01,3,False,0.9666666388511658,0.01669030765692393,1.0,0.03333336114883423,0.01,,
mfeat_full,fixed,0.01,4,False,0.9633333086967468,0.016173469175895055,1.0,0.036666691303253174,0.01,,
mfeat_full,fixed,0.0,0,False,0.9666666388511658,0.015796935632824898,1.0,0.03333336114883423,0.0,,
mfeat_full,fixed,0.0,1,False,0.9649999737739563,0.011951206078131993,1.0,0.0350000262260437,0.0,,
mfeat_full,fixed,0.0,2,False,0.9599999785423279,0.016108816315730412,1.0,0.04000002145767212,0.0,,
mfeat_full,fixed,0.0,3,False,0.9666666388511658,0.01742287039756775,1.0,0.03333336114883423,0.0,,
mfeat_full,fixed,0.0,4,False,0.9616666436195374,0.020226221879323325,1.0,0.038333356380462646,0.0,,
mfeat_full,fixed,0.1,0,False,0.9683333039283752,0.008832215368747714,1.0,0.031666696071624756,0.1,,
mfeat_full,fixed,0.1,1,False,0.9649999737739563,0.013518130481243134,1.0,0.0350000262260437,0.1,,
mfeat_full,fixed,0.1,2,False,0.9599999785423279,0.016851504718263945,1.0,0.04000002145767212,0.1,,
mfeat_full,fixed,0.1,3,False,0.9666666388511658,0.014040151958664258,1.0,0.03333336114883423,0.1,,
mfeat_full,fixed,0.1,4,False,0.9649999737739563,0.022960354834795,1.0,0.0350000262260437,0.1,,
mfeat_full,fixed,10.0,0,False,0.9383333325386047,0.36658752967913943,0.9371428489685059,-0.001190483570098877,10.0,,
mfeat_full,fixed,10.0,1,False,0.92166668176651,0.3609904648860296,0.9364285469055176,0.014761865139007568,10.0,,
mfeat_full,fixed,10.0,2,False,0.9233333468437195,0.3648304165403048,0.9378571510314941,0.014523804187774658,10.0,,
mfeat_full,fixed,10.0,3,False,0.9283333420753479,0.3760377433896065,0.941428542137146,0.013095200061798096,10.0,,
mfeat_full,fixed,10.0,4,False,0.9333333373069763,0.3802410871287187,0.9428571462631226,0.00952380895614624,10.0,,
mfeat_full,fixed,1.0,0,False,0.9666666388511658,0.0369073519607385,0.9992856979370117,0.03261905908584595,1.0,,
mfeat_full,fixed,1.0,1,False,0.971666693687439,0.03747568503022194,0.9992856979370117,0.027619004249572754,1.0,,
mfeat_full,fixed,1.0,2,False,0.9633333086967468,0.034759070326884585,0.9992856979370117,0.03595238924026489,1.0,,
mfeat_full,fixed,1.0,3,False,0.9700000286102295,0.03189254244168599,1.0,0.029999971389770508,1.0,,
mfeat_full,fixed,1.0,4,False,0.9649999737739563,0.02897172838449478,1.0,0.0350000262260437,1.0,,
mfeat_full,fixed,30.0,0,False,0.3383333384990692,0.20244464295605819,0.3514285683631897,0.013095229864120483,30.0,,
mfeat_full,fixed,30.0,1,False,0.2666666805744171,0.13369140855967998,0.27714285254478455,0.010476171970367432,30.0,,
mfeat_full,fixed,30.0,2,False,0.2199999988079071,0.07893254593014717,0.22285714745521545,0.0028571486473083496,30.0,,
mfeat_full,fixed,30.0,3,False,0.3449999988079071,0.20818986573566994,0.36142855882644653,0.01642856001853943,30.0,,
mfeat_full,fixed,30.0,4,False,0.31166666746139526,0.16979506390790144,0.3199999928474426,0.008333325386047363,30.0,,
mfeat_full,fixed,3.0,0,False,0.9616666436195374,0.0820923957725366,0.9921428561210632,0.03047621250152588,3.0,,
mfeat_full,fixed,3.0,1,False,0.9599999785423279,0.0803953422109286,0.993571400642395,0.03357142210006714,3.0,,
mfeat_full,fixed,3.0,2,False,0.9616666436195374,0.07949827293554942,0.993571400642395,0.031904757022857666,3.0,,
mfeat_full,fixed,3.0,3,False,0.9616666436195374,0.08792602407435575,0.993571400642395,0.031904757022857666,3.0,,
mfeat_full,fixed,3.0,4,False,0.9666666388511658,0.08218070675929387,0.9921428561210632,0.02547621726989746,3.0,,
mfeat_full,valtuned,0.0,0,False,0.9616666436195374,,,,,3.0,8.0
mfeat_full,valtuned,0.0,1,False,0.971666693687439,,,,,1.0,8.0
mfeat_full,valtuned,0.0,2,False,0.9599999785423279,,,,,0.1,8.0
mfeat_full,valtuned,0.0,3,False,0.9616666436195374,,,,,3.0,8.0
mfeat_full,valtuned,0.0,4,False,0.9649999737739563,,,,,0.1,8.0
mfeat_n20,adadecay_regime,0.0,0,False,0.8600000143051147,0.11676474052170913,0.9057142734527588,0.04571425914764404,0.0,,
mfeat_n20,adadecay_regime,0.0,1,False,0.8766666650772095,0.1330081124107043,0.9014285802841187,0.02476191520690918,0.0,,
mfeat_n20,adadecay_regime,0.0,2,False,0.8733333349227905,0.11749777694543204,0.9021428823471069,0.028809547424316406,0.0,,
mfeat_n20,adadecay_regime,0.0,3,False,0.8816666603088379,0.12065206470588843,0.9150000214576721,0.03333336114883423,0.0,,
mfeat_n20,adadecay_regime,0.0,4,False,0.8600000143051147,0.10293561309576035,0.8985714316368103,0.03857141733169556,0.0,,
mfeat_n20,ctrlA,0.0,0,False,0.9383333325386047,0.2891445847352346,0.800000011920929,-0.13833332061767578,2.9531596015149923,,
mfeat_n20,ctrlA,0.0,1,False,0.9350000023841858,0.28089119173586374,0.7992857098579407,-0.13571429252624512,2.9165099702180832,,
mfeat_n20,ctrlA,0.0,2,False,0.9266666769981384,0.2713808846473694,0.7992857098579407,-0.12738096714019775,2.8919517472238985,,
mfeat_n20,ctrlA,0.0,3,False,0.92166668176651,0.2626331954697768,0.800000011920929,-0.12166666984558105,2.867523661610009,,
mfeat_n20,ctrlA,0.0,4,False,0.9333333373069763,0.2793781906366348,0.800000011920929,-0.13333332538604736,2.9850625627678364,,
mfeat_n20,ctrlB,0.0,0,False,0.9383333325386047,0.355728726113836,0.7778571248054504,-0.1604762077331543,4.713177933356576,,
mfeat_n20,ctrlB,0.0,1,False,0.9350000023841858,0.3535993434488774,0.7785714268684387,-0.15642857551574707,4.777343979136905,,
mfeat_n20,ctrlB,0.0,2,False,0.9383333325386047,0.356747063845396,0.7821428775787354,-0.15619045495986938,4.7479559955336565,,
mfeat_n20,ctrlB,0.0,3,False,0.9300000071525574,0.3392666104684274,0.7785714268684387,-0.15142858028411865,4.673864701538107,,
mfeat_n20,ctrlB,0.0,4,False,0.9399999976158142,0.35804225400090217,0.7785714268684387,-0.1614285707473755,4.902936147461215,,
mfeat_n20,ctrlBpp,0.0,0,False,0.9383333325386047,0.355728726113836,0.7778571248054504,-0.1604762077331543,4.713177933356576,,
mfeat_n20,ctrlBpp,0.0,1,False,0.9350000023841858,0.3535993434488774,0.7785714268684387,-0.15642857551574707,4.777343979136905,,
mfeat_n20,ctrlBpp,0.0,2,False,0.9383333325386047,0.356747063845396,0.7821428775787354,-0.15619045495986938,4.7479559955336565,,
mfeat_n20,ctrlBpp,0.0,3,False,0.9300000071525574,0.3392666104684274,0.7785714268684387,-0.15142858028411865,4.673864701538107,,
mfeat_n20,ctrlBpp,0.0,4,False,0.9399999976158142,0.35804225400090217,0.7785714268684387,-0.1614285707473755,4.902936147461215,,
mfeat_n20,fixed,0.01,0,False,0.7900000214576721,0.053215480695168176,0.9921428561210632,0.2021428346633911,0.01,,
mfeat_n20,fixed,0.01,1,False,0.7883333563804626,0.05688914336264134,0.991428554058075,0.2030951976776123,0.01,,
mfeat_n20,fixed,0.01,2,False,0.79666668176651,0.048799946308135986,0.9835714101791382,0.18690472841262817,0.01,,
mfeat_n20,fixed,0.01,3,False,0.8083333373069763,0.05228572006026905,0.9892857074737549,0.18095237016677856,0.01,,
mfeat_n20,fixed,0.01,4,False,0.8116666674613953,0.05529329637686413,0.9892857074737549,0.17761904001235962,0.01,,
mfeat_n20,fixed,0.0,0,False,0.7883333563804626,0.06167514202495415,0.991428554058075,0.2030951976776123,0.0,,
mfeat_n20,fixed,0.0,1,False,0.7816666960716248,0.056653908491134636,0.9921428561210632,0.21047616004943848,0.0,,
mfeat_n20,fixed,0.0,2,False,0.8050000071525574,0.05035044401884079,0.9835714101791382,0.1785714030265808,0.0,,
mfeat_n20,fixed,0.0,3,False,0.7983333468437195,0.049754618555307384,0.9892857074737549,0.1909523606300354,0.0,,
mfeat_n20,fixed,0.0,4,False,0.8083333373069763,0.0640552810827891,0.9878571629524231,0.17952382564544678,0.0,,
mfeat_n20,fixed,0.1,0,False,0.79666668176651,0.04620580395062765,0.9864285588264465,0.18976187705993652,0.1,,
mfeat_n20,fixed,0.1,1,False,0.79666668176651,0.030777681072553,0.9842857122421265,0.18761903047561646,0.1,,
mfeat_n20,fixed,0.1,2,False,0.8166666626930237,0.044412407080332436,0.9785714149475098,0.16190475225448608,0.1,,
mfeat_n20,fixed,0.1,3,False,0.8199999928474426,0.04459546024600664,0.9871428608894348,0.1671428680419922,0.1,,
mfeat_n20,fixed,0.1,4,False,0.8133333325386047,0.04622447068492572,0.9850000143051147,0.17166668176651,0.1,,
mfeat_n20,fixed,10.0,0,False,0.8999999761581421,0.5348945642759402,0.7342857122421265,-0.16571426391601562,10.0,,
mfeat_n20,fixed,10.0,1,False,0.8683333396911621,0.5078309111048778,0.7071428298950195,-0.16119050979614258,10.0,,
mfeat_n20,fixed,10.0,2,False,0.9049999713897705,0.5305972102036078,0.7407143115997314,-0.16428565979003906,10.0,,
mfeat_n20,fixed,10.0,3,False,0.8949999809265137,0.5232176604370277,0.7278571724891663,-0.1671428084373474,10.0,,
mfeat_n20,fixed,10.0,4,False,0.8999999761581421,0.5341990292569001,0.729285717010498,-0.17071425914764404,10.0,,
mfeat_n20,fixed,1.0,0,False,0.8799999952316284,0.14310243785381316,0.8899999856948853,0.009999990463256836,1.0,,
mfeat_n20,fixed,1.0,1,False,0.8833333253860474,0.1474394111831983,0.8828571438789368,-0.0004761815071105957,1.0,,
mfeat_n20,fixed,1.0,2,False,0.8849999904632568,0.14663626273473102,0.8842856884002686,-0.0007143020629882812,1.0,,
mfeat_n20,fixed,1.0,3,False,0.8883333206176758,0.13722370356321334,0.8871428370475769,-0.001190483570098877,1.0,,
mfeat_n20,fixed,1.0,4,False,0.8799999952316284,0.12613580976923305,0.8842856884002686,0.004285693168640137,1.0,,
mfeat_n20,fixed,30.0,0,False,0.1850000023841858,0.0652257994438211,0.167142853140831,-0.017857149243354797,30.0,,
mfeat_n20,fixed,30.0,1,False,0.1899999976158142,0.07206004969775676,0.18071427941322327,-0.009285718202590942,30.0,,
mfeat_n20,fixed,30.0,2,False,0.16833333671092987,0.05254598726828893,0.16500000655651093,-0.0033333301544189453,30.0,,
mfeat_n20,fixed,30.0,3,False,0.18166667222976685,0.07663712756087383,0.1614285707473755,-0.020238101482391357,30.0,,
mfeat_n20,fixed,30.0,4,False,0.2750000059604645,0.12899271694322428,0.22499999403953552,-0.050000011920928955,30.0,,
mfeat_n20,fixed,3.0,0,False,0.9383333325386047,0.29076775791744386,0.7942857146263123,-0.14404761791229248,3.0,,
mfeat_n20,fixed,3.0,1,False,0.9333333373069763,0.2825433727105458,0.7964285612106323,-0.136904776096344,3.0,,
mfeat_n20,fixed,3.0,2,False,0.925000011920929,0.2752035063008467,0.793571412563324,-0.13142859935760498,3.0,,
mfeat_n20,fixed,3.0,3,False,0.9316666722297668,0.2731241805851459,0.7950000166893005,-0.1366666555404663,3.0,,
mfeat_n20,fixed,3.0,4,False,0.9266666769981384,0.2750493555516004,0.7978571653366089,-0.12880951166152954,3.0,,
mfeat_n20,valtuned,0.0,0,False,0.8999999761581421,,,,,10.0,8.0
mfeat_n20,valtuned,0.0,1,False,0.9333333373069763,,,,,3.0,8.0
mfeat_n20,valtuned,0.0,2,False,0.925000011920929,,,,,3.0,8.0
mfeat_n20,valtuned,0.0,3,False,0.9316666722297668,,,,,3.0,8.0
mfeat_n20,valtuned,0.0,4,False,0.9266666769981384,,,,,3.0,8.0
phoneme_full,adadecay_regime,0.0,0,False,0.8396051526069641,0.02098634366559659,0.8588421940803528,0.019237041473388672,0.0,,
phoneme_full,adadecay_regime,0.0,1,False,0.8050585985183716,0.04524400354093567,0.8443034887313843,0.039244890213012695,0.0,,
phoneme_full,adadecay_regime,0.0,2,False,0.8383713960647583,0.02275454064050918,0.8554057478904724,0.01703435182571411,0.0,,
phoneme_full,adadecay_regime,0.0,3,False,0.8180135488510132,0.026248614226205346,0.847475528717041,0.029461979866027832,0.0,,
phoneme_full,adadecay_regime,0.0,4,False,0.8223319053649902,0.04364583394470074,0.8440391421318054,0.021707236766815186,0.0,,
phoneme_full,ctrlA,0.0,0,False,0.84145587682724,0.02500089846739866,0.8654506802558899,0.023994803428649902,0.815992403103454,,
phoneme_full,ctrlA,0.0,1,False,0.8136952519416809,0.033253013609663186,0.8477398753166199,0.034044623374938965,0.8235885815047443,,
phoneme_full,ctrlA,0.0,2,False,0.8396051526069641,0.01572535756485908,0.8577848076820374,0.018179655075073242,0.8973840299696393,,
phoneme_full,ctrlA,0.0,3,False,0.8254163861274719,0.022832875153225633,0.851705014705658,0.026288628578186035,0.9376972062591912,,
phoneme_full,ctrlA,0.0,4,False,0.8223319053649902,0.03195464383077651,0.8435104489326477,0.02117854356765747,0.8289851348045156,,
phoneme_full,ctrlB,0.0,0,False,0.800123393535614,0.036459647123641546,0.8170763850212097,0.016952991485595703,2.948322427666382,,
phoneme_full,ctrlB,0.0,1,False,0.7982726693153381,0.05181312163915992,0.8231562376022339,0.024883568286895752,2.6378211077752747,,
phoneme_full,ctrlB,0.0,2,False,0.7945712804794312,0.036342649934911056,0.8115252256393433,0.01695394515991211,2.9465382631766603,,
phoneme_full,ctrlB,0.0,3,False,0.79210364818573,0.03280947568385709,0.8189267516136169,0.026823103427886963,2.974845479689531,,
phoneme_full,ctrlB,0.0,4,False,0.8056755065917969,0.04835504352274241,0.8223631978034973,0.01668769121170044,3.0274677453106285,,
phoneme_full,ctrlBpp,0.0,0,False,0.800123393535614,0.036459647123641546,0.8170763850212097,0.016952991485595703,2.948322427666382,,
phoneme_full,ctrlBpp,0.0,1,False,0.7982726693153381,0.05181312163915992,0.8231562376022339,0.024883568286895752,2.6378211077752747,,
phoneme_full,ctrlBpp,0.0,2,False,0.7945712804794312,0.036342649934911056,0.8115252256393433,0.01695394515991211,2.9465382631766603,,
phoneme_full,ctrlBpp,0.0,3,False,0.79210364818573,0.03280947568385709,0.8189267516136169,0.026823103427886963,2.974845479689531,,
phoneme_full,ctrlBpp,0.0,4,False,0.8056755065917969,0.04835504352274241,0.8223631978034973,0.01668769121170044,3.0274677453106285,,
phoneme_full,fixed,0.01,0,False,0.8599629998207092,0.02893551244623936,0.8757599592208862,0.015796959400177002,0.01,,
phoneme_full,fixed,0.01,1,False,0.8433066010475159,0.01475249134339645,0.8704731464385986,0.027166545391082764,0.01,,
phoneme_full,fixed,0.01,2,False,0.8550277352333069,0.01398966137381853,0.8768173456192017,0.021789610385894775,0.01,,
phoneme_full,fixed,0.01,3,False,0.849475622177124,0.02462646694259832,0.8717948794364929,0.022319257259368896,0.01,,
phoneme_full,fixed,0.01,4,False,0.8599629998207092,0.02253958514853071,0.8725879192352295,0.012624919414520264,0.01,,
phoneme_full,fixed,0.0,0,False,0.8574953675270081,0.033054357910509244,0.8728522062301636,0.015356838703155518,0.0,,
phoneme_full,fixed,0.0,1,False,0.8426896929740906,0.02256082984711343,0.869415819644928,0.026726126670837402,0.0,,
phoneme_full,fixed,0.0,2,False,0.8562615513801575,0.019865196108597435,0.876288652420044,0.020027101039886475,0.0,,
phoneme_full,fixed,0.0,3,False,0.8476248979568481,0.026096325020669497,0.8720592260360718,0.024434328079223633,0.0,,
phoneme_full,fixed,0.0,4,False,0.8599629998207092,0.0207096631699032,0.8733808994293213,0.01341789960861206,0.0,,
phoneme_full,fixed,0.1,0,False,0.8531770706176758,0.020417964399633108,0.873909592628479,0.020732522010803223,0.1,,
phoneme_full,fixed,0.1,1,False,0.8352868556976318,0.021938245617115222,0.867036759853363,0.0317499041557312,0.1,,
phoneme_full,fixed,0.1,2,False,0.8562615513801575,0.01191583880666301,0.8747026324272156,0.018441081047058105,0.1,,
phoneme_full,fixed,0.1,3,False,0.8451573252677917,0.019022006410496388,0.8696801662445068,0.024522840976715088,0.1,,
phoneme_full,fixed,0.1,4,False,0.8581122756004333,0.027565757923843984,0.8744382858276367,0.01632601022720337,0.1,,
phoneme_full,fixed,10.0,0,False,0.7569401860237122,0.03824073285838838,0.7893206477165222,0.03238046169281006,10.0,,
phoneme_full,fixed,10.0,1,False,0.7594077587127686,0.041718195372345564,0.7922284007072449,0.03282064199447632,10.0,,
phoneme_full,fixed,10.0,2,False,0.758173942565918,0.04225989494111934,0.7924927473068237,0.03431880474090576,10.0,,
phoneme_full,fixed,10.0,3,False,0.7557063698768616,0.045134154386832194,0.794343113899231,0.038636744022369385,10.0,,
phoneme_full,fixed,10.0,4,False,0.754472553730011,0.037743456454868304,0.7890563011169434,0.03458374738693237,10.0,,
phoneme_full,fixed,1.0,0,False,0.8346699476242065,0.025628936761400715,0.8604282140731812,0.02575826644897461,1.0,,
phoneme_full,fixed,1.0,1,False,0.8062924146652222,0.042216544291768666,0.8440391421318054,0.03774672746658325,1.0,,
phoneme_full,fixed,1.0,2,False,0.8359037637710571,0.02129513723919378,0.8514406681060791,0.015536904335021973,1.0,,
phoneme_full,fixed,1.0,3,False,0.8217149972915649,0.022612371741070714,0.8456251621246338,0.023910164833068848,1.0,,
phoneme_full,fixed,1.0,4,False,0.8204811811447144,0.03777325476929407,0.8440391421318054,0.023557960987091064,1.0,,
phoneme_full,fixed,30.0,0,False,0.7119062542915344,0.19375890493392944,0.7042030096054077,-0.007703244686126709,30.0,,
phoneme_full,fixed,30.0,1,False,0.7119062542915344,0.19361531734466553,0.7042030096054077,-0.007703244686126709,30.0,,
phoneme_full,fixed,30.0,2,False,0.7119062542915344,0.1942550539970398,0.7042030096054077,-0.007703244686126709,30.0,,
phoneme_full,fixed,30.0,3,False,0.7119062542915344,0.1942647099494934,0.7042030096054077,-0.007703244686126709,30.0,,
phoneme_full,fixed,30.0,4,False,0.7119062542915344,0.1940997838973999,0.7042030096054077,-0.007703244686126709,30.0,,
phoneme_full,fixed,3.0,0,False,0.7908698320388794,0.03840024428261717,0.8189267516136169,0.02805691957473755,3.0,,
phoneme_full,fixed,3.0,1,False,0.7908698320388794,0.05934174133626713,0.8197197914123535,0.02884995937347412,3.0,,
phoneme_full,fixed,3.0,2,False,0.7933374643325806,0.03578560775919213,0.8181337714195251,0.02479630708694458,3.0,,
phoneme_full,fixed,3.0,3,False,0.7859346270561218,0.04086155923776315,0.8149616718292236,0.029027044773101807,3.0,,
phoneme_full,fixed,3.0,4,False,0.8013572096824646,0.05176837605359303,0.8162833452224731,0.014926135540008545,3.0,,
phoneme_full,valtuned,0.0,0,False,0.8574953675270081,,,,,0.0,8.0
phoneme_full,valtuned,0.0,1,False,0.8426896929740906,,,,,0.0,8.0
phoneme_full,valtuned,0.0,2,False,0.8562615513801575,,,,,0.0,8.0
phoneme_full,valtuned,0.0,3,False,0.8476248979568481,,,,,0.0,8.0
phoneme_full,valtuned,0.0,4,False,0.8599629998207092,,,,,0.01,8.0
phoneme_n20,adadecay_regime,0.0,0,False,0.8112276196479797,0.12435311067994181,0.7225000262260437,-0.08872759342193604,0.0,,
phoneme_n20,adadecay_regime,0.0,1,False,0.8013572096824646,0.13514333816312996,0.7129999995231628,-0.08835721015930176,0.0,,
phoneme_n20,adadecay_regime,0.0,2,False,0.8124614357948303,0.13998916537433698,0.7160000205039978,-0.09646141529083252,0.0,,
phoneme_n20,adadecay_regime,0.0,3,False,0.8050585985183716,0.1275223767147029,0.7179999947547913,-0.08705860376358032,0.0,,
phoneme_n20,adadecay_regime,0.0,4,False,0.8093769550323486,0.1450047400687522,0.7114999890327454,-0.09787696599960327,0.0,,
phoneme_n20,ctrlA,0.0,0,False,0.8130783438682556,0.11606060594485763,0.7269999980926514,-0.08607834577560425,0.452157334120485,,
phoneme_n20,ctrlA,0.0,1,False,0.8112276196479797,0.1307861781980725,0.7310000061988831,-0.08022761344909668,0.4829987340197819,,
phoneme_n20,ctrlA,0.0,2,False,0.8099938035011292,0.12080007151716067,0.7195000052452087,-0.09049379825592041,0.43058841650949686,,
phoneme_n20,ctrlA,0.0,3,False,0.8056755065917969,0.12710927495759333,0.7245000004768372,-0.08117550611495972,0.547184213951113,,
phoneme_n20,ctrlA,0.0,4,False,0.811844527721405,0.1306626474614646,0.7235000133514404,-0.0883445143699646,0.4036270283999093,,
phoneme_n20,ctrlB,0.0,0,False,0.7970388531684875,0.132805288444692,0.718500018119812,-0.07853883504867554,1.1704036186363502,,
phoneme_n20,ctrlB,0.0,1,False,0.8056755065917969,0.13166883365376947,0.7174999713897705,-0.08817553520202637,0.9496865859926226,,
phoneme_n20,ctrlB,0.0,2,False,0.8099938035011292,0.1407600916660104,0.7179999947547913,-0.09199380874633789,1.028332913898524,,
phoneme_n20,ctrlB,0.0,3,False,0.8025909662246704,0.12749727352543572,0.7200000286102295,-0.08259093761444092,0.8700045334860663,,
phoneme_n20,ctrlB,0.0,4,False,0.8155459761619568,0.15064584263896294,0.7145000100135803,-0.10104596614837646,1.2142520471832172,,
phoneme_n20,ctrlBpp,0.0,0,False,0.7970388531684875,0.132805288444692,0.718500018119812,-0.07853883504867554,1.1704036186363502,,
phoneme_n20,ctrlBpp,0.0,1,False,0.8056755065917969,0.13166883365376947,0.7174999713897705,-0.08817553520202637,0.9496865859926226,,
phoneme_n20,ctrlBpp,0.0,2,False,0.8099938035011292,0.1407600916660104,0.7179999947547913,-0.09199380874633789,1.028332913898524,,
phoneme_n20,ctrlBpp,0.0,3,False,0.8025909662246704,0.12749727352543572,0.7200000286102295,-0.08259093761444092,0.8700045334860663,,
phoneme_n20,ctrlBpp,0.0,4,False,0.8155459761619568,0.15064584263896294,0.7145000100135803,-0.10104596614837646,1.2142520471832172,,
phoneme_n20,fixed,0.01,0,False,0.8143121600151062,0.10877255888576495,0.7379999756813049,-0.07631218433380127,0.01,,
phoneme_n20,fixed,0.01,1,False,0.8093769550323486,0.11688982289489003,0.7354999780654907,-0.07387697696685791,0.01,,
phoneme_n20,fixed,0.01,2,False,0.8075262308120728,0.10332848671260697,0.7285000085830688,-0.0790262222290039,0.01,,
phoneme_n20,fixed,0.01,3,False,0.8161628842353821,0.09665986985648437,0.7294999957084656,-0.0866628885269165,0.01,,
phoneme_n20,fixed,0.01,4,False,0.8093769550323486,0.11100634121733047,0.7289999723434448,-0.08037698268890381,0.01,,
phoneme_n20,fixed,0.0,0,False,0.8180135488510132,0.10819991406358959,0.7404999732971191,-0.07751357555389404,0.0,,
phoneme_n20,fixed,0.0,1,False,0.8050585985183716,0.11459968565864961,0.7365000247955322,-0.06855857372283936,0.0,,
phoneme_n20,fixed,0.0,2,False,0.8087600469589233,0.10398424782185257,0.7319999933242798,-0.07676005363464355,0.0,,
phoneme_n20,fixed,0.0,3,False,0.8167797923088074,0.09660547806259145,0.7319999933242798,-0.08477979898452759,0.0,,
phoneme_n20,fixed,0.0,4,False,0.8044416904449463,0.10903656519466827,0.7300000190734863,-0.07444167137145996,0.0,,
phoneme_n20,fixed,0.1,0,False,0.8167797923088074,0.11057395710024401,0.7365000247955322,-0.08027976751327515,0.1,,
phoneme_n20,fixed,0.1,1,False,0.8050585985183716,0.11940668421274052,0.7379999756813049,-0.06705862283706665,0.1,,
phoneme_n20,fixed,0.1,2,False,0.811844527721405,0.10165703506252048,0.718999981880188,-0.09284454584121704,0.1,,
phoneme_n20,fixed,0.1,3,False,0.8167797923088074,0.10194137764153546,0.7325000166893005,-0.08427977561950684,0.1,,
phoneme_n20,fixed,0.1,4,False,0.8124614357948303,0.11862329400519692,0.7354999780654907,-0.0769614577293396,0.1,,
phoneme_n20,fixed,10.0,0,False,0.7470697164535522,0.12709664313018065,0.671500027179718,-0.07556968927383423,10.0,,
phoneme_n20,fixed,10.0,1,False,0.7476866245269775,0.13410858689525257,0.6740000247955322,-0.07368659973144531,10.0,,
phoneme_n20,fixed,10.0,2,False,0.7575570344924927,0.13771574920816676,0.6784999966621399,-0.07905703783035278,10.0,,
phoneme_n20,fixed,10.0,3,False,0.7563232779502869,0.13152678578375004,0.675000011920929,-0.08132326602935791,10.0,,
phoneme_n20,fixed,10.0,4,False,0.7489204406738281,0.13559492376393406,0.6740000247955322,-0.0749204158782959,10.0,,
phoneme_n20,fixed,1.0,0,False,0.8013572096824646,0.1255964783516142,0.7170000076293945,-0.08435720205307007,1.0,,
phoneme_n20,fixed,1.0,1,False,0.8025909662246704,0.13721234738863522,0.7099999785423279,-0.09259098768234253,1.0,,
phoneme_n20,fixed,1.0,2,False,0.8087600469589233,0.14280477666251823,0.7129999995231628,-0.0957600474357605,1.0,,
phoneme_n20,fixed,1.0,3,False,0.8019741177558899,0.12393256393131982,0.7135000228881836,-0.0884740948677063,1.0,,
phoneme_n20,fixed,1.0,4,False,0.8149290680885315,0.14663335031965938,0.7160000205039978,-0.09892904758453369,1.0,,
phoneme_n20,fixed,30.0,0,False,0.7119062542915344,0.19262724357354355,0.6215000152587891,-0.09040623903274536,30.0,,
phoneme_n20,fixed,30.0,1,False,0.716841459274292,0.18790708005170922,0.6225000023841858,-0.0943414568901062,30.0,,
phoneme_n20,fixed,30.0,2,False,0.7119062542915344,0.19565749168395996,0.6215000152587891,-0.09040623903274536,30.0,,
phoneme_n20,fixed,30.0,3,False,0.7119062542915344,0.1952926516532898,0.6215000152587891,-0.09040623903274536,30.0,,
phoneme_n20,fixed,30.0,4,False,0.7119062542915344,0.1950330138206482,0.6215000152587891,-0.09040623903274536,30.0,,
phoneme_n20,fixed,3.0,0,False,0.7890191078186035,0.12968877717199917,0.6930000185966492,-0.09601908922195435,3.0,,
phoneme_n20,fixed,3.0,1,False,0.7847008109092712,0.12894134294243964,0.6930000185966492,-0.09170079231262207,3.0,,
phoneme_n20,fixed,3.0,2,False,0.7834669947624207,0.1400850167581875,0.6924999952316284,-0.09096699953079224,3.0,,
phoneme_n20,fixed,3.0,3,False,0.7871684432029724,0.12450274407753308,0.7005000114440918,-0.08666843175888062,3.0,,
phoneme_n20,fixed,3.0,4,False,0.7865515351295471,0.1430529041984506,0.6945000290870667,-0.09205150604248047,3.0,,
phoneme_n20,valtuned,0.0,0,False,0.8180135488510132,,,,,0.0,8.0
phoneme_n20,valtuned,0.0,1,False,0.8050585985183716,,,,,0.1,8.0
phoneme_n20,valtuned,0.0,2,False,0.8087600469589233,,,,,1.0,8.0
phoneme_n20,valtuned,0.0,3,False,0.7871684432029724,,,,,3.0,8.0
phoneme_n20,valtuned,0.0,4,False,0.8044416904449463,,,,,0.0,8.0
qsar_full,adadecay_regime,0.0,0,False,0.8702531456947327,0.06012274419205098,0.9309878349304199,0.060734689235687256,0.0,,
qsar_full,adadecay_regime,0.0,1,False,0.8734177350997925,0.06675994113276276,0.9282814860343933,0.05486375093460083,0.0,,
qsar_full,adadecay_regime,0.0,2,False,0.8670886158943176,0.06592832769774183,0.9255750775337219,0.0584864616394043,0.0,,
qsar_full,adadecay_regime,0.0,3,False,0.8607594966888428,0.053193738000302374,0.9309878349304199,0.07022833824157715,0.0,,
qsar_full,adadecay_regime,0.0,4,False,0.8702531456947327,0.06291946184031572,0.9269282817840576,0.05667513608932495,0.0,,
qsar_full,ctrlA,0.0,0,False,0.8702531456947327,0.061315625811679444,0.9255750775337219,0.05532193183898926,1.6986859569506307,,
qsar_full,ctrlA,0.0,1,False,0.8765822649002075,0.06433876783032962,0.9269282817840576,0.0503460168838501,1.598898664095612,,
qsar_full,ctrlA,0.0,2,False,0.8702531456947327,0.06102748309509664,0.9215155839920044,0.05126243829727173,1.455285752834208,,
qsar_full,ctrlA,0.0,3,False,0.8607594966888428,0.06039155453820773,0.9282814860343933,0.06752198934555054,1.869071056923635,,
qsar_full,ctrlA,0.0,4,False,0.8670886158943176,0.059695268922214266,0.9269282817840576,0.05983966588973999,1.67395781162784,,
qsar_full,ctrlB,0.0,0,False,0.8544303774833679,0.04181789748276337,0.9147496819496155,0.06031930446624756,9.036464050629217,,
qsar_full,ctrlB,0.0,1,False,0.8512658476829529,0.04439203808956508,0.9161028265953064,0.06483697891235352,8.39590066026581,,
qsar_full,ctrlB,0.0,2,False,0.8544303774833679,0.029503105184699913,0.9161028265953064,0.06167244911193848,8.2890295438899,,
qsar_full,ctrlB,0.0,3,False,0.8544303774833679,0.025053978626486624,0.9120432734489441,0.05761289596557617,8.926041470588613,,
qsar_full,ctrlB,0.0,4,False,0.8607594966888428,0.035967365095887,0.9147496819496155,0.053990185260772705,8.745601235669028,,
qsar_full,ctrlBpp,0.0,0,False,0.8544303774833679,0.04181789748276337,0.9147496819496155,0.06031930446624756,9.036464050629217,,
qsar_full,ctrlBpp,0.0,1,False,0.8512658476829529,0.04439203808956508,0.9161028265953064,0.06483697891235352,8.39590066026581,,
qsar_full,ctrlBpp,0.0,2,False,0.8544303774833679,0.029503105184699913,0.9161028265953064,0.06167244911193848,8.2890295438899,,
qsar_full,ctrlBpp,0.0,3,False,0.8544303774833679,0.025053978626486624,0.9120432734489441,0.05761289596557617,8.926041470588613,,
qsar_full,ctrlBpp,0.0,4,False,0.8607594966888428,0.035967365095887,0.9147496819496155,0.053990185260772705,8.745601235669028,,
qsar_full,fixed,0.01,0,False,0.8670886158943176,0.06618326261073729,0.9336941838264465,0.0666055679321289,0.01,,
qsar_full,fixed,0.01,1,False,0.8734177350997925,0.07987678069857101,0.9336941838264465,0.06027644872665405,0.01,,
qsar_full,fixed,0.01,2,False,0.8639240264892578,0.07707873656402661,0.9309878349304199,0.06706380844116211,0.01,,
qsar_full,fixed,0.01,3,False,0.8639240264892578,0.055931176188625864,0.9336941838264465,0.06977015733718872,0.01,,
qsar_full,fixed,0.01,4,False,0.8670886158943176,0.06612803004210507,0.9296346306800842,0.0625460147857666,0.01,,
qsar_full,fixed,0.0,0,False,0.8670886158943176,0.06249560132811341,0.9296346306800842,0.0625460147857666,0.0,,
qsar_full,fixed,0.0,1,False,0.8702531456947327,0.08132847313639485,0.9336941838264465,0.06344103813171387,0.0,,
qsar_full,fixed,0.0,2,False,0.8639240264892578,0.07894244818370552,0.9323409795761108,0.06841695308685303,0.0,,
qsar_full,fixed,0.0,3,False,0.8639240264892578,0.06424580967124505,0.9336941838264465,0.06977015733718872,0.0,,
qsar_full,fixed,0.0,4,False,0.8639240264892578,0.06525608991520314,0.9309878349304199,0.06706380844116211,0.0,,
qsar_full,fixed,0.1,0,False,0.8702531456947327,0.06239753735216358,0.9336941838264465,0.06344103813171387,0.1,,
qsar_full,fixed,0.1,1,False,0.8734177350997925,0.07823637316498576,0.9336941838264465,0.06027644872665405,0.1,,
qsar_full,fixed,0.1,2,False,0.8639240264892578,0.07383270476815065,0.9309878349304199,0.06706380844116211,0.1,,
qsar_full,fixed,0.1,3,False,0.8607594966888428,0.05785641508011879,0.9323409795761108,0.07158148288726807,0.1,,
qsar_full,fixed,0.1,4,False,0.8670886158943176,0.06288404140291334,0.9309878349304199,0.0638992190361023,0.1,,
qsar_full,fixed,10.0,0,False,0.844936728477478,0.03863708420267588,0.9066305756568909,0.06169384717941284,10.0,,
qsar_full,fixed,10.0,1,False,0.8417721390724182,0.048606158151656774,0.9079837799072266,0.06621164083480835,10.0,,
qsar_full,fixed,10.0,2,False,0.8481012582778931,0.038946229823027985,0.9093369245529175,0.061235666275024414,10.0,,
qsar_full,fixed,10.0,3,False,0.8481012582778931,0.03326506233668025,0.9093369245529175,0.061235666275024414,10.0,,
qsar_full,fixed,10.0,4,False,0.8386076092720032,0.04826713155342054,0.9052774310112,0.06666982173919678,10.0,,
qsar_full,fixed,1.0,0,False,0.8702531456947327,0.0569074566039858,0.9309878349304199,0.060734689235687256,1.0,,
qsar_full,fixed,1.0,1,False,0.8765822649002075,0.06963094144682341,0.9282814860343933,0.05169922113418579,1.0,,
qsar_full,fixed,1.0,2,False,0.8670886158943176,0.07125492337383801,0.9255750775337219,0.0584864616394043,1.0,,
qsar_full,fixed,1.0,3,False,0.8639240264892578,0.05914148273347299,0.9309878349304199,0.06706380844116211,1.0,,
qsar_full,fixed,1.0,4,False,0.8702531456947327,0.06201404219941248,0.9282814860343933,0.058028340339660645,1.0,,
qsar_full,fixed,30.0,0,False,0.8227847814559937,0.220978511096556,0.8619756698608398,0.03919088840484619,30.0,,
qsar_full,fixed,30.0,1,False,0.8227847814559937,0.2181247284140768,0.848443865776062,0.02565908432006836,30.0,,
qsar_full,fixed,30.0,2,False,0.8101266026496887,0.19478896675230584,0.8497970104217529,0.03967040777206421,30.0,,
qsar_full,fixed,30.0,3,False,0.8196202516555786,0.2092508594446544,0.848443865776062,0.0288236141204834,30.0,,
qsar_full,fixed,30.0,4,False,0.8259493708610535,0.21186869091625454,0.848443865776062,0.022494494915008545,30.0,,
qsar_full,fixed,3.0,0,False,0.8639240264892578,0.05038154323267032,0.9228687286376953,0.0589447021484375,3.0,,
qsar_full,fixed,3.0,1,False,0.8702531456947327,0.05218793432923812,0.9215155839920044,0.05126243829727173,3.0,,
qsar_full,fixed,3.0,2,False,0.8639240264892578,0.05140575908030135,0.9201623797416687,0.05623835325241089,3.0,,
qsar_full,fixed,3.0,3,False,0.8639240264892578,0.05536180527149877,0.9228687286376953,0.0589447021484375,3.0,,
qsar_full,fixed,3.0,4,False,0.8702531456947327,0.05297872631610195,0.9255750775337219,0.05532193183898926,3.0,,
qsar_full,valtuned,0.0,0,False,0.8639240264892578,,,,,3.0,8.0
qsar_full,valtuned,0.0,1,False,0.8734177350997925,,,,,0.1,8.0
qsar_full,valtuned,0.0,2,False,0.8639240264892578,,,,,3.0,8.0
qsar_full,valtuned,0.0,3,False,0.8639240264892578,,,,,3.0,8.0
qsar_full,valtuned,0.0,4,False,0.8386076092720032,,,,,10.0,8.0
qsar_n20,adadecay_regime,0.0,0,False,0.7848101258277893,0.07508654534062252,0.8917456269264221,0.10693550109863281,0.0,,
qsar_n20,adadecay_regime,0.0,1,False,0.753164529800415,0.06671984776665893,0.8782138228416443,0.12504929304122925,0.0,,
qsar_n20,adadecay_regime,0.0,2,False,0.7816455960273743,0.06342066711262812,0.874154269695282,0.09250867366790771,0.0,,
qsar_n20,adadecay_regime,0.0,3,False,0.7563291192054749,0.08158048100863831,0.8768606185913086,0.12053149938583374,0.0,,
qsar_n20,adadecay_regime,0.0,4,False,0.800632894039154,0.049641338141658636,0.8728010654449463,0.07216817140579224,0.0,,
qsar_n20,ctrlA,0.0,0,False,0.7879746556282043,0.06402501397872273,0.8863328695297241,0.09835821390151978,1.2910151040886177,,
qsar_n20,ctrlA,0.0,1,False,0.7436708807945251,0.062442951470236235,0.8714479207992554,0.12777704000473022,1.2808726121753102,,
qsar_n20,ctrlA,0.0,2,False,0.7816455960273743,0.045503472697131245,0.8728010654449463,0.09115546941757202,1.3559946785838262,,
qsar_n20,ctrlA,0.0,3,False,0.75,0.06260516390770296,0.8646820187568665,0.11468201875686646,1.3029925902969515,,
qsar_n20,ctrlA,0.0,4,False,0.8164557218551636,0.06386122748821596,0.8660351634025574,0.0495794415473938,1.3614661019733356,,
qsar_n20,ctrlB,0.0,0,False,0.8132911324501038,0.07601224725382237,0.8227334022521973,0.009442269802093506,4.099008706824675,,
qsar_n20,ctrlB,0.0,1,False,0.8069620132446289,0.08065303405628929,0.8186739087104797,0.01171189546585083,4.104962047437342,,
qsar_n20,ctrlB,0.0,2,False,0.800632894039154,0.049946239854716044,0.8308525085449219,0.030219614505767822,4.155258612218233,,
qsar_n20,ctrlB,0.0,3,False,0.7943037748336792,0.09352340351177167,0.8322057127952576,0.03790193796157837,4.129075306942295,,
qsar_n20,ctrlB,0.0,4,False,0.800632894039154,0.05850379451920715,0.8281461596488953,0.02751326560974121,4.138744271044253,,
qsar_n20,ctrlBpp,0.0,0,False,0.8132911324501038,0.07601224725382237,0.8227334022521973,0.009442269802093506,4.099008706824675,,
qsar_n20,ctrlBpp,0.0,1,False,0.8069620132446289,0.08065303405628929,0.8186739087104797,0.01171189546585083,4.104962047437342,,
qsar_n20,ctrlBpp,0.0,2,False,0.800632894039154,0.049946239854716044,0.8308525085449219,0.030219614505767822,4.155258612218233,,
qsar_n20,ctrlBpp,0.0,3,False,0.7943037748336792,0.09352340351177167,0.8322057127952576,0.03790193796157837,4.129075306942295,,
qsar_n20,ctrlBpp,0.0,4,False,0.800632894039154,0.05850379451920715,0.8281461596488953,0.02751326560974121,4.138744271044253,,
qsar_n20,fixed,0.01,0,False,0.7626582384109497,0.10388037062521221,0.9174560308456421,0.15479779243469238,0.01,,
qsar_n20,fixed,0.01,1,False,0.7341772317886353,0.1210998885239227,0.8958051204681396,0.1616278886795044,0.01,,
qsar_n20,fixed,0.01,2,False,0.7626582384109497,0.10821168501920336,0.9012178778648376,0.13855963945388794,0.01,,
qsar_n20,fixed,0.01,3,False,0.75,0.12716850006504904,0.893098771572113,0.14309877157211304,0.01,,
qsar_n20,fixed,0.01,4,False,0.7689873576164246,0.101047880381723,0.9039242267608643,0.1349368691444397,0.01,,
qsar_n20,fixed,0.0,0,False,0.753164529800415,0.10891489401648316,0.9106901288032532,0.15752559900283813,0.0,,
qsar_n20,fixed,0.0,1,False,0.7405063509941101,0.11854334194448929,0.9012178778648376,0.16071152687072754,0.0,,
qsar_n20,fixed,0.0,2,False,0.7721518874168396,0.11987804404542415,0.899864673614502,0.12771278619766235,0.0,,
qsar_n20,fixed,0.0,3,False,0.746835470199585,0.11327381347176393,0.893098771572113,0.14626330137252808,0.0,,
qsar_n20,fixed,0.0,4,False,0.7784810066223145,0.09226483276373224,0.9039242267608643,0.1254432201385498,0.0,,
qsar_n20,fixed,0.1,0,False,0.7626582384109497,0.10822797010216532,0.9106901288032532,0.14803189039230347,0.1,,
qsar_n20,fixed,0.1,1,False,0.7310126423835754,0.11607826699184465,0.8958051204681396,0.1647924780845642,0.1,,
qsar_n20,fixed,0.1,2,False,0.7594936490058899,0.11629652260225032,0.8958051204681396,0.13631147146224976,0.1,,
qsar_n20,fixed,0.1,3,False,0.7436708807945251,0.11867968492870089,0.8917456269264221,0.14807474613189697,0.1,,
qsar_n20,fixed,0.1,4,False,0.7784810066223145,0.08443275452414645,0.9052774310112,0.1267964243888855,0.1,,
qsar_n20,fixed,10.0,0,False,0.8291139006614685,0.14360152015203162,0.7686062455177307,-0.06050765514373779,10.0,,
qsar_n20,fixed,10.0,1,False,0.8227847814559937,0.13221214673941648,0.7807848453521729,-0.0419999361038208,10.0,,
qsar_n20,fixed,10.0,2,False,0.8227847814559937,0.1318488241750983,0.7713125944137573,-0.05147218704223633,10.0,,
qsar_n20,fixed,10.0,3,False,0.8291139006614685,0.14355751211884654,0.7658998370170593,-0.06321406364440918,10.0,,
qsar_n20,fixed,10.0,4,False,0.8227847814559937,0.13338369753541826,0.7726657390594482,-0.05011904239654541,10.0,,
qsar_n20,fixed,1.0,0,False,0.7816455960273743,0.05964844570129733,0.8890392184257507,0.10739362239837646,1.0,,
qsar_n20,fixed,1.0,1,False,0.753164529800415,0.07538610394996934,0.8782138228416443,0.12504929304122925,1.0,,
qsar_n20,fixed,1.0,2,False,0.8037974834442139,0.08114561721493925,0.8782138228416443,0.07441633939743042,1.0,,
qsar_n20,fixed,1.0,3,False,0.746835470199585,0.09170595273564133,0.8728010654449463,0.12596559524536133,1.0,,
qsar_n20,fixed,1.0,4,False,0.8037974834442139,0.056396696197835695,0.8768606185913086,0.07306313514709473,1.0,,
qsar_n20,fixed,30.0,0,False,0.7056962251663208,0.1828786915616144,0.5899864435195923,-0.11570978164672852,30.0,,
qsar_n20,fixed,30.0,1,False,0.7056962251663208,0.1867949132677875,0.5899864435195923,-0.11570978164672852,30.0,,
qsar_n20,fixed,30.0,2,False,0.8291139006614685,0.27818875674959975,0.7198917269706726,-0.1092221736907959,30.0,,
qsar_n20,fixed,30.0,3,False,0.8227847814559937,0.260908131546612,0.7117726802825928,-0.11101210117340088,30.0,,
qsar_n20,fixed,30.0,4,False,0.7056962251663208,0.2087687729280206,0.5899864435195923,-0.11570978164672852,30.0,,
qsar_n20,fixed,3.0,0,False,0.8037974834442139,0.06731558015829399,0.843031108379364,0.039233624935150146,3.0,,
qsar_n20,fixed,3.0,1,False,0.8069620132446289,0.048748309382154964,0.8308525085449219,0.02389049530029297,3.0,,
qsar_n20,fixed,3.0,2,False,0.8101266026496887,0.049772329345534126,0.8362652063369751,0.026138603687286377,3.0,,
qsar_n20,fixed,3.0,3,False,0.7721518874168396,0.04524471752251251,0.8389715552330017,0.06681966781616211,3.0,,
qsar_n20,fixed,3.0,4,False,0.8101266026496887,0.04895169674595701,0.843031108379364,0.03290450572967529,3.0,,
qsar_n20,valtuned,0.0,0,False,0.8291139006614685,,,,,10.0,8.0
qsar_n20,valtuned,0.0,1,False,0.8227847814559937,,,,,10.0,8.0
qsar_n20,valtuned,0.0,2,False,0.8227847814559937,,,,,10.0,8.0
qsar_n20,valtuned,0.0,3,False,0.8291139006614685,,,,,10.0,8.0
qsar_n20,valtuned,0.0,4,False,0.8227847814559937,,,,,10.0,8.0
satimage_full,adadecay_regime,0.0,0,False,0.8859512805938721,0.02131459299241279,0.903564453125,0.01761317253112793,0.0,,
satimage_full,adadecay_regime,0.0,1,False,0.8849144577980042,0.026641384887225644,0.896728515625,0.01181405782699585,0.0,,
satimage_full,adadecay_regime,0.0,2,False,0.8854328393936157,0.01848786154703009,0.903564453125,0.018131613731384277,0.0,,
satimage_full,adadecay_regime,0.0,3,False,0.8895800709724426,0.01976752458859627,0.90380859375,0.014228522777557373,0.0,,
satimage_full,adadecay_regime,0.0,4,False,0.88698810338974,0.027642874048125748,0.906005859375,0.01901775598526001,0.0,,
satimage_full,ctrlA,0.0,0,False,0.8786936402320862,0.01866098940217971,0.890380859375,0.011687219142913818,1.599253981962976,,
satimage_full,ctrlA,0.0,1,False,0.8761016130447388,0.03202413065004621,0.886962890625,0.01086127758026123,1.5426722773577128,,
satimage_full,ctrlA,0.0,2,False,0.8750647902488708,0.029523733228893095,0.88525390625,0.01018911600112915,1.450042281578778,,
satimage_full,ctrlA,0.0,3,False,0.8781751990318298,0.025860663613486996,0.88916015625,0.010984957218170166,1.5797150939880344,,
satimage_full,ctrlA,0.0,4,False,0.8797304034233093,0.034664565530263314,0.89599609375,0.016265690326690674,1.6495565676762314,,
satimage_full,ctrlB,0.0,0,False,0.8496630191802979,0.04032690258394442,0.86181640625,0.012153387069702148,3.503098946602404,,
satimage_full,ctrlB,0.0,1,False,0.8610678911209106,0.042903513952263155,0.865478515625,0.0044106245040893555,3.1317885314905243,,
satimage_full,ctrlB,0.0,2,False,0.8543286919593811,0.032159211785141945,0.8671875,0.012858808040618896,3.184128268675785,,
satimage_full,ctrlB,0.0,3,False,0.8512182235717773,0.029967055373577457,0.86474609375,0.013527870178222656,3.4575754801340555,,
satimage_full,ctrlB,0.0,4,False,0.8439605832099915,0.03335857619625599,0.866943359375,0.022982776165008545,3.190533910826977,,
satimage_full,ctrlBpp,0.0,0,False,0.8496630191802979,0.04032690258394442,0.86181640625,0.012153387069702148,3.503098946602404,,
satimage_full,ctrlBpp,0.0,1,False,0.8610678911209106,0.042903513952263155,0.865478515625,0.0044106245040893555,3.1317885314905243,,
satimage_full,ctrlBpp,0.0,2,False,0.8543286919593811,0.032159211785141945,0.8671875,0.012858808040618896,3.184128268675785,,
satimage_full,ctrlBpp,0.0,3,False,0.8512182235717773,0.029967055373577457,0.86474609375,0.013527870178222656,3.4575754801340555,,
satimage_full,ctrlBpp,0.0,4,False,0.8439605832099915,0.03335857619625599,0.866943359375,0.022982776165008545,3.190533910826977,,
satimage_full,fixed,0.01,0,False,0.8983929753303528,0.018687323685938242,0.925537109375,0.027144134044647217,0.01,,
satimage_full,fixed,0.01,1,False,0.8947641253471375,0.019716536422477848,0.921630859375,0.02686673402786255,0.01,,
satimage_full,fixed,0.01,2,False,0.9004665613174438,0.013757441839818325,0.924072265625,0.023605704307556152,0.01,,
satimage_full,fixed,0.01,3,False,0.8994297385215759,0.01873071070716071,0.919677734375,0.020247995853424072,0.01,,
satimage_full,fixed,0.01,4,False,0.8989113569259644,0.01665986795509461,0.931884765625,0.032973408699035645,0.01,,
satimage_full,fixed,0.0,0,False,0.8978745341300964,0.020369545119670217,0.92626953125,0.028394997119903564,0.0,,
satimage_full,fixed,0.0,1,False,0.8947641253471375,0.017316055288581787,0.921875,0.02711087465286255,0.0,,
satimage_full,fixed,0.0,2,False,0.9020217657089233,0.015046538421068248,0.92578125,0.02375948429107666,0.0,,
satimage_full,fixed,0.0,3,False,0.9009849429130554,0.018685898535482744,0.919921875,0.01893693208694458,0.0,,
satimage_full,fixed,0.0,4,False,0.8989113569259644,0.01841064324306045,0.93408203125,0.035170674324035645,0.0,,
satimage_full,fixed,0.1,0,False,0.8994297385215759,0.01742143328400583,0.922119140625,0.022689402103424072,0.1,,
satimage_full,fixed,0.1,1,False,0.893208920955658,0.020103245077508915,0.919921875,0.02671295404434204,0.1,,
satimage_full,fixed,0.1,2,False,0.9015033841133118,0.015515483216710384,0.9228515625,0.021348178386688232,0.1,,
satimage_full,fixed,0.1,3,False,0.9009849429130554,0.024223527832931035,0.918701171875,0.01771622896194458,0.1,,
satimage_full,fixed,0.1,4,False,0.8978745341300964,0.012599003027608942,0.930908203125,0.033033668994903564,0.1,,
satimage_full,fixed,10.0,0,False,0.8237428665161133,0.11788022468719166,0.82958984375,0.005846977233886719,10.0,,
satimage_full,fixed,10.0,1,False,0.836184561252594,0.13345049629871436,0.833251953125,-0.002932608127593994,10.0,,
satimage_full,fixed,10.0,2,False,0.8263348937034607,0.1116949255878039,0.83154296875,0.005208075046539307,10.0,,
satimage_full,fixed,10.0,3,False,0.8237428665161133,0.08617875737004356,0.828125,0.004382133483886719,10.0,,
satimage_full,fixed,10.0,4,False,0.8320373296737671,0.10964875024424246,0.83544921875,0.00341188907623291,10.0,,
satimage_full,fixed,1.0,0,False,0.8833592534065247,0.019026717446269367,0.8994140625,0.016054809093475342,1.0,,
satimage_full,fixed,1.0,1,False,0.8802488446235657,0.027983024276063008,0.893798828125,0.013549983501434326,1.0,,
satimage_full,fixed,1.0,2,False,0.8843960762023926,0.021566310398253585,0.896484375,0.012088298797607422,1.0,,
satimage_full,fixed,1.0,3,False,0.8864696621894836,0.012224938088961374,0.897705078125,0.011235415935516357,1.0,,
satimage_full,fixed,1.0,4,False,0.8880248665809631,0.022350153569547296,0.9033203125,0.015295445919036865,1.0,,
satimage_full,fixed,30.0,0,False,0.4660445749759674,0.305002098251279,0.47509765625,0.009053081274032593,30.0,,
satimage_full,fixed,30.0,1,False,0.7397615313529968,0.5044152729556992,0.750244140625,0.010482609272003174,30.0,,
satimage_full,fixed,30.0,2,False,0.729393482208252,0.4755000485664455,0.7431640625,0.013770580291748047,30.0,,
satimage_full,fixed,30.0,3,False,0.6132711172103882,0.3203259122346954,0.6259765625,0.012705445289611816,30.0,,
satimage_full,fixed,30.0,4,False,0.5578019618988037,0.28431258716380553,0.5537109375,-0.004091024398803711,30.0,,
satimage_full,fixed,3.0,0,False,0.8496630191802979,0.03387889996781258,0.86474609375,0.015083074569702148,3.0,,
satimage_full,fixed,3.0,1,False,0.8605495095252991,0.039347562156791444,0.864013671875,0.0034641623497009277,3.0,,
satimage_full,fixed,3.0,2,False,0.8543286919593811,0.027585017288701406,0.864013671875,0.009684979915618896,3.0,,
satimage_full,fixed,3.0,3,False,0.8512182235717773,0.023822242250215085,0.8623046875,0.011086463928222656,3.0,,
satimage_full,fixed,3.0,4,False,0.8449974060058594,0.03329675271914004,0.867919921875,0.022922515869140625,3.0,,
satimage_full,valtuned,0.0,0,False,0.8978745341300964,,,,,0.0,8.0
satimage_full,valtuned,0.0,1,False,0.8947641253471375,,,,,0.01,8.0
satimage_full,valtuned,0.0,2,False,0.9020217657089233,,,,,0.0,8.0
satimage_full,valtuned,0.0,3,False,0.9009849429130554,,,,,0.0,8.0
satimage_full,valtuned,0.0,4,False,0.8978745341300964,,,,,0.1,8.0
satimage_n20,adadecay_regime,0.0,0,False,0.8610678911209106,0.1765778546369774,0.7139999866485596,-0.14706790447235107,0.0,,
satimage_n20,adadecay_regime,0.0,1,False,0.8621047139167786,0.19725420318655917,0.7225000262260437,-0.13960468769073486,0.0,,
satimage_n20,adadecay_regime,0.0,2,False,0.8662519454956055,0.1836407297692069,0.7235000133514404,-0.14275193214416504,0.0,,
satimage_n20,adadecay_regime,0.0,3,False,0.8683255314826965,0.18765374700630064,0.7214999794960022,-0.14682555198669434,0.0,,
satimage_n20,adadecay_regime,0.0,4,False,0.8631415367126465,0.18990668655986798,0.7214999794960022,-0.1416415572166443,0.0,,
satimage_n20,ctrlA,0.0,0,False,0.8641783595085144,0.17373635644984403,0.7200000286102295,-0.1441783308982849,0.9615914632269091,,
satimage_n20,ctrlA,0.0,1,False,0.8621047139167786,0.1948840359352363,0.7245000004768372,-0.1376047134399414,0.9400065216601025,,
satimage_n20,ctrlA,0.0,2,False,0.8683255314826965,0.18748065445353912,0.7214999794960022,-0.14682555198669434,0.9870919734821069,,
satimage_n20,ctrlA,0.0,3,False,0.8719543814659119,0.19294141541187354,0.7225000262260437,-0.14945435523986816,0.9337668278261356,,
satimage_n20,ctrlA,0.0,4,False,0.8600311279296875,0.19627575235641206,0.715499997138977,-0.14453113079071045,1.0250770422183584,,
satimage_n20,ctrlB,0.0,0,False,0.839294970035553,0.19423121522905418,0.6949999928474426,-0.14429497718811035,2.4039661730487802,,
satimage_n20,ctrlB,0.0,1,False,0.8382581472396851,0.2064914655011821,0.6980000138282776,-0.14025813341140747,2.1075717890506627,,
satimage_n20,ctrlB,0.0,2,False,0.841368556022644,0.19770606956746434,0.6974999904632568,-0.1438685655593872,2.326549556567672,,
satimage_n20,ctrlB,0.0,3,False,0.8367029428482056,0.19327983266334572,0.690500020980835,-0.1462029218673706,2.372800024809009,,
satimage_n20,ctrlB,0.0,4,False,0.8377397656440735,0.1942494709513977,0.6940000057220459,-0.1437397599220276,2.2157049452716833,,
satimage_n20,ctrlBpp,0.0,0,False,0.839294970035553,0.19423121522905418,0.6949999928474426,-0.14429497718811035,2.4039661730487802,,
satimage_n20,ctrlBpp,0.0,1,False,0.8382581472396851,0.2064914655011821,0.6980000138282776,-0.14025813341140747,2.1075717890506627,,
satimage_n20,ctrlBpp,0.0,2,False,0.841368556022644,0.19770606956746434,0.6974999904632568,-0.1438685655593872,2.326549556567672,,
satimage_n20,ctrlBpp,0.0,3,False,0.8367029428482056,0.19327983266334572,0.690500020980835,-0.1462029218673706,2.372800024809009,,
satimage_n20,ctrlBpp,0.0,4,False,0.8377397656440735,0.1942494709513977,0.6940000057220459,-0.1437397599220276,2.2157049452716833,,
satimage_n20,fixed,0.01,0,False,0.8812856674194336,0.14907284180632277,0.7515000104904175,-0.1297856569290161,0.01,,
satimage_n20,fixed,0.01,1,False,0.8792120218276978,0.17011881197530904,0.7515000104904175,-0.12771201133728027,0.01,,
satimage_n20,fixed,0.01,2,False,0.8833592534065247,0.16686368983542135,0.75,-0.13335925340652466,0.01,,
satimage_n20,fixed,0.01,3,False,0.8802488446235657,0.16062266388478336,0.7505000233650208,-0.12974882125854492,0.01,,
satimage_n20,fixed,0.01,4,False,0.8755832314491272,0.14205209413391745,0.7490000128746033,-0.12658321857452393,0.01,,
satimage_n20,fixed,0.0,0,False,0.8807672262191772,0.14972481028041176,0.7515000104904175,-0.12926721572875977,0.0,,
satimage_n20,fixed,0.0,1,False,0.8776568174362183,0.17219911372803728,0.7505000233650208,-0.1271567940711975,0.0,,
satimage_n20,fixed,0.0,2,False,0.8792120218276978,0.16321757173155058,0.75,-0.12921202182769775,0.0,,
satimage_n20,fixed,0.0,3,False,0.8786936402320862,0.15784941484669812,0.7524999976158142,-0.12619364261627197,0.0,,
satimage_n20,fixed,0.0,4,False,0.8812856674194336,0.15048773759013323,0.75,-0.1312856674194336,0.0,,
satimage_n20,fixed,0.1,0,False,0.8812856674194336,0.15350526256101502,0.7475000023841858,-0.1337856650352478,0.1,,
satimage_n20,fixed,0.1,1,False,0.8776568174362183,0.17814256248540863,0.7480000257492065,-0.12965679168701172,0.1,,
satimage_n20,fixed,0.1,2,False,0.8833592534065247,0.16979163452527138,0.7484999895095825,-0.13485926389694214,0.1,,
satimage_n20,fixed,0.1,3,False,0.8797304034233093,0.16244529561560161,0.7484999895095825,-0.1312304139137268,0.1,,
satimage_n20,fixed,0.1,4,False,0.8812856674194336,0.15609851229246446,0.7480000257492065,-0.13328564167022705,0.1,,
satimage_n20,fixed,10.0,0,False,0.7947123050689697,0.27655635811214685,0.6620000004768372,-0.13271230459213257,10.0,,
satimage_n20,fixed,10.0,1,False,0.810782790184021,0.2873469219886311,0.6725000143051147,-0.13828277587890625,10.0,,
satimage_n20,fixed,10.0,2,False,0.817003607749939,0.29844742679670105,0.6744999885559082,-0.14250361919403076,10.0,,
satimage_n20,fixed,10.0,3,False,0.8019699454307556,0.27731654071140444,0.6690000295639038,-0.1329699158668518,10.0,,
satimage_n20,fixed,10.0,4,False,0.8061171770095825,0.2790287067662749,0.6710000038146973,-0.13511717319488525,10.0,,
satimage_n20,fixed,1.0,0,False,0.8579574823379517,0.17339917131351523,0.7114999890327454,-0.1464574933052063,1.0,,
satimage_n20,fixed,1.0,1,False,0.8621047139167786,0.20061638667028517,0.718500018119812,-0.14360469579696655,1.0,,
satimage_n20,fixed,1.0,2,False,0.861586332321167,0.18201559249788693,0.7179999947547913,-0.14358633756637573,1.0,,
satimage_n20,fixed,1.0,3,False,0.8605495095252991,0.18929336647980569,0.7200000286102295,-0.14054948091506958,1.0,,
satimage_n20,fixed,1.0,4,False,0.8621047139167786,0.197588403432588,0.7174999713897705,-0.14460474252700806,1.0,,
satimage_n20,fixed,30.0,0,False,0.7356142997741699,0.5234243180264828,0.6225000023841858,-0.11311429738998413,30.0,,
satimage_n20,fixed,30.0,1,False,0.485743910074234,0.2783051302715433,0.42100000381469727,-0.06474390625953674,30.0,,
satimage_n20,fixed,30.0,2,False,0.6905131936073303,0.47969471400979274,0.5920000076293945,-0.09851318597793579,30.0,,
satimage_n20,fixed,30.0,3,False,0.6713322997093201,0.43864504755810174,0.5755000114440918,-0.09583228826522827,30.0,,
satimage_n20,fixed,30.0,4,False,0.4691550135612488,0.23875256743284012,0.4129999876022339,-0.05615502595901489,30.0,,
satimage_n20,fixed,3.0,0,False,0.8299636840820312,0.19388917772154413,0.6869999766349792,-0.142963707447052,3.0,,
satimage_n20,fixed,3.0,1,False,0.8398133516311646,0.21911935486621717,0.6955000162124634,-0.14431333541870117,3.0,,
satimage_n20,fixed,3.0,2,False,0.836184561252594,0.1998158169880378,0.6899999976158142,-0.14618456363677979,3.0,,
satimage_n20,fixed,3.0,3,False,0.8268532752990723,0.19346856125405937,0.6834999918937683,-0.14335328340530396,3.0,,
satimage_n20,fixed,3.0,4,False,0.8289269208908081,0.1988878576031863,0.6890000104904175,-0.13992691040039062,3.0,,
satimage_n20,valtuned,0.0,0,False,0.8812856674194336,,,,,0.1,8.0
satimage_n20,valtuned,0.0,1,False,0.8792120218276978,,,,,0.01,8.0
satimage_n20,valtuned,0.0,2,False,0.8792120218276978,,,,,0.0,8.0
satimage_n20,valtuned,0.0,3,False,0.8786936402320862,,,,,0.0,8.0
satimage_n20,valtuned,0.0,4,False,0.8755832314491272,,,,,0.01,8.0
spambase_full,adadecay_regime,0.0,0,False,0.9420289993286133,0.022757412903550742,0.9757839441299438,0.033754944801330566,0.0,,
spambase_full,adadecay_regime,0.0,1,False,0.9376811385154724,0.021659357133119003,0.9779571294784546,0.04027599096298218,0.0,,
spambase_full,adadecay_regime,0.0,2,False,0.936956524848938,0.025830340990121815,0.9816827178001404,0.04472619295120239,0.0,,
spambase_full,adadecay_regime,0.0,3,False,0.9384058117866516,0.025810760032871496,0.9773362278938293,0.038930416107177734,0.0,,
spambase_full,adadecay_regime,0.0,4,False,0.9420289993286133,0.02276546752107316,0.9779571294784546,0.03592813014984131,0.0,,
spambase_full,ctrlA,0.0,0,False,0.9398550987243652,0.019055281903432766,0.9770257472991943,0.0371706485748291,1.4241093500127802,,
spambase_full,ctrlA,0.0,1,False,0.939130425453186,0.01596335313026456,0.9736106991767883,0.034480273723602295,1.2207361178817584,,
spambase_full,ctrlA,0.0,2,False,0.9376811385154724,0.022619431217511497,0.9798199534416199,0.04213881492614746,1.3583365674981378,,
spambase_full,ctrlA,0.0,3,False,0.939130425453186,0.0231672455219255,0.9770257472991943,0.0378953218460083,1.3682934355609642,,
spambase_full,ctrlA,0.0,4,False,0.939130425453186,0.020779976378316464,0.9764048457145691,0.03727442026138306,1.3312796710783708,,
spambase_full,ctrlB,0.0,0,False,0.9275362491607666,0.014029790914576987,0.9509469270706177,0.023410677909851074,4.876528035144198,,
spambase_full,ctrlB,0.0,1,False,0.9333333373069763,0.021636515898980958,0.9506364464759827,0.017303109169006348,5.5609785838526555,,
spambase_full,ctrlB,0.0,2,False,0.9297101497650146,0.023223349840744683,0.9500155448913574,0.020305395126342773,5.041770411019101,,
spambase_full,ctrlB,0.0,3,False,0.9289855360984802,0.021500732371772545,0.9531201720237732,0.02413463592529297,5.432104906330155,,
spambase_full,ctrlB,0.0,4,False,0.9347826242446899,0.020021650281505307,0.9524992108345032,0.017716586589813232,5.089891672987824,,
spambase_full,ctrlBpp,0.0,0,False,0.9275362491607666,0.014029790914576987,0.9509469270706177,0.023410677909851074,4.876528035144198,,
spambase_full,ctrlBpp,0.0,1,False,0.9333333373069763,0.021636515898980958,0.9506364464759827,0.017303109169006348,5.5609785838526555,,
spambase_full,ctrlBpp,0.0,2,False,0.9297101497650146,0.023223349840744683,0.9500155448913574,0.020305395126342773,5.041770411019101,,
spambase_full,ctrlBpp,0.0,3,False,0.9289855360984802,0.021500732371772545,0.9531201720237732,0.02413463592529297,5.432104906330155,,
spambase_full,ctrlBpp,0.0,4,False,0.9347826242446899,0.020021650281505307,0.9524992108345032,0.017716586589813232,5.089891672987824,,
spambase_full,fixed,0.01,0,False,0.9442028999328613,0.03737997663193855,0.9847873449325562,0.040584444999694824,0.01,,
spambase_full,fixed,0.01,1,False,0.9347826242446899,0.035953489399474604,0.9869605898857117,0.05217796564102173,0.01,,
spambase_full,fixed,0.01,2,False,0.9376811385154724,0.04252561140751493,0.9891338348388672,0.051452696323394775,0.01,,
spambase_full,fixed,0.01,3,False,0.939130425453186,0.03676958509545396,0.9863396286964417,0.047209203243255615,0.01,,
spambase_full,fixed,0.01,4,False,0.9384058117866516,0.03944552298905193,0.9869605898857117,0.04855477809906006,0.01,,
spambase_full,fixed,0.0,0,False,0.945652186870575,0.03951209304125412,0.9850977659225464,0.039445579051971436,0.0,,
spambase_full,fixed,0.0,1,False,0.936956524848938,0.03243744135766789,0.9860292077064514,0.04907268285751343,0.0,,
spambase_full,fixed,0.0,2,False,0.9376811385154724,0.04314602326223815,0.9894442558288574,0.05176311731338501,0.0,,
spambase_full,fixed,0.0,3,False,0.9398550987243652,0.037975889163604684,0.9878919720649719,0.04803687334060669,0.0,,
spambase_full,fixed,0.0,4,False,0.9413043260574341,0.03871136713719023,0.9878919720649719,0.04658764600753784,0.0,,
spambase_full,fixed,0.1,0,False,0.9434782862663269,0.03436780796534773,0.9841663837432861,0.04068809747695923,0.1,,
spambase_full,fixed,0.1,1,False,0.936956524848938,0.03580651719501053,0.9854082465171814,0.04845172166824341,0.1,,
spambase_full,fixed,0.1,2,False,0.9376811385154724,0.0404121627194294,0.9900652170181274,0.05238407850265503,0.1,,
spambase_full,fixed,0.1,3,False,0.9427536129951477,0.037503082467162094,0.9860292077064514,0.04327559471130371,0.1,,
spambase_full,fixed,0.1,4,False,0.9420289993286133,0.035895705007124634,0.9850977659225464,0.043068766593933105,0.1,,
spambase_full,fixed,10.0,0,False,0.9181159138679504,0.04496447703112726,0.9338714480400085,0.015755534172058105,10.0,,
spambase_full,fixed,10.0,1,False,0.9188405871391296,0.05674470045428346,0.9379074573516846,0.01906687021255493,10.0,,
spambase_full,fixed,10.0,2,False,0.9195652008056641,0.04300928210866624,0.9385284185409546,0.018963217735290527,10.0,,
spambase_full,fixed,10.0,3,False,0.9181159138679504,0.047919916178005326,0.9363551735877991,0.018239259719848633,10.0,,
spambase_full,fixed,10.0,4,False,0.9159420132637024,0.04122167573026989,0.9397702813148499,0.02382826805114746,10.0,,
spambase_full,fixed,1.0,0,False,0.9398550987243652,0.021547470922055452,0.9779571294784546,0.038102030754089355,1.0,,
spambase_full,fixed,1.0,1,False,0.9376811385154724,0.022176026131795798,0.9779571294784546,0.04027599096298218,1.0,,
spambase_full,fixed,1.0,2,False,0.9362319111824036,0.026505074250525323,0.9823036193847656,0.04607170820236206,1.0,,
spambase_full,fixed,1.0,3,False,0.9405797123908997,0.02477300374404244,0.9782676100730896,0.03768789768218994,1.0,,
spambase_full,fixed,1.0,4,False,0.9398550987243652,0.02622769623994827,0.9779571294784546,0.038102030754089355,1.0,,
spambase_full,fixed,30.0,0,False,0.5949275493621826,0.31710436372221373,0.6106799244880676,0.01575237512588501,30.0,,
spambase_full,fixed,30.0,1,False,0.5949275493621826,0.2928264717692914,0.6106799244880676,0.01575237512588501,30.0,,
spambase_full,fixed,30.0,2,False,0.5949275493621826,0.3085704609211804,0.6106799244880676,0.01575237512588501,30.0,,
spambase_full,fixed,30.0,3,False,0.5949275493621826,0.3150193924921147,0.6106799244880676,0.01575237512588501,30.0,,
spambase_full,fixed,30.0,4,False,0.5949275493621826,0.31143902203311086,0.6106799244880676,0.01575237512588501,30.0,,
spambase_full,fixed,3.0,0,False,0.9333333373069763,0.013214195530483688,0.9593294262886047,0.025996088981628418,3.0,,
spambase_full,fixed,3.0,1,False,0.9362319111824036,0.012297748655512714,0.959639847278595,0.023407936096191406,3.0,,
spambase_full,fixed,3.0,2,False,0.936956524848938,0.018017462889353436,0.9624340534210205,0.02547752857208252,3.0,,
spambase_full,fixed,3.0,3,False,0.9340579509735107,0.009161860830541971,0.9655386805534363,0.03148072957992554,3.0,,
spambase_full,fixed,3.0,4,False,0.9384058117866516,0.01230137976615325,0.9630549550056458,0.02464914321899414,3.0,,
spambase_full,valtuned,0.0,0,False,0.9434782862663269,,,,,0.1,8.0
spambase_full,valtuned,0.0,1,False,0.9362319111824036,,,,,3.0,8.0
spambase_full,valtuned,0.0,2,False,0.936956524848938,,,,,3.0,8.0
spambase_full,valtuned,0.0,3,False,0.9427536129951477,,,,,0.1,8.0
spambase_full,valtuned,0.0,4,False,0.9398550987243652,,,,,1.0,8.0
spambase_n20,adadecay_regime,0.0,0,False,0.8152173757553101,0.04606787035430687,0.8694999814033508,0.05428260564804077,0.0,,
spambase_n20,adadecay_regime,0.0,1,False,0.8311594128608704,0.06505059561003809,0.8730000257492065,0.04184061288833618,0.0,,
spambase_n20,adadecay_regime,0.0,2,False,0.8355072736740112,0.048626518983771835,0.8544999957084656,0.018992722034454346,0.0,,
spambase_n20,adadecay_regime,0.0,3,False,0.8449275493621826,0.04679668277933978,0.8565000295639038,0.011572480201721191,0.0,,
spambase_n20,adadecay_regime,0.0,4,False,0.8304347991943359,0.07031508476837822,0.8794999718666077,0.04906517267227173,0.0,,
spambase_n20,ctrlA,0.0,0,False,0.823913037776947,0.06350681699704433,0.8629999756813049,0.03908693790435791,1.0907224509033513,,
spambase_n20,ctrlA,0.0,1,False,0.834782600402832,0.06340603888898656,0.8659999966621399,0.03121739625930786,1.0262997427151495,,
spambase_n20,ctrlA,0.0,2,False,0.8500000238418579,0.05765267468017081,0.8544999957084656,0.004499971866607666,1.1416714391458833,,
spambase_n20,ctrlA,0.0,3,False,0.8463768362998962,0.06475516276946966,0.8550000190734863,0.008623182773590088,1.1480474020652114,,
spambase_n20,ctrlA,0.0,4,False,0.8557971119880676,0.07731924471647844,0.8600000143051147,0.004202902317047119,1.3021181920395506,,
spambase_n20,ctrlB,0.0,0,False,0.8840579986572266,0.1488775327153828,0.8230000138282776,-0.061057984828948975,3.048975774608629,,
spambase_n20,ctrlB,0.0,1,False,0.8731883764266968,0.1541334437287372,0.8134999871253967,-0.05968838930130005,3.138535684834804,,
spambase_n20,ctrlB,0.0,2,False,0.8811594247817993,0.1535551585149074,0.8190000057220459,-0.06215941905975342,3.1300321712914947,,
spambase_n20,ctrlB,0.0,3,False,0.8855072259902954,0.14347438471040866,0.8109999895095825,-0.07450723648071289,3.0987309386705952,,
spambase_n20,ctrlB,0.0,4,False,0.9036231637001038,0.1537475952203723,0.8105000257492065,-0.09312313795089722,2.988366646467729,,
spambase_n20,ctrlBpp,0.0,0,False,0.8840579986572266,0.1488775327153828,0.8230000138282776,-0.061057984828948975,3.048975774608629,,
spambase_n20,ctrlBpp,0.0,1,False,0.8731883764266968,0.1541334437287372,0.8134999871253967,-0.05968838930130005,3.138535684834804,,
spambase_n20,ctrlBpp,0.0,2,False,0.8811594247817993,0.1535551585149074,0.8190000057220459,-0.06215941905975342,3.1300321712914947,,
spambase_n20,ctrlBpp,0.0,3,False,0.8855072259902954,0.14347438471040866,0.8109999895095825,-0.07450723648071289,3.0987309386705952,,
spambase_n20,ctrlBpp,0.0,4,False,0.9036231637001038,0.1537475952203723,0.8105000257492065,-0.09312313795089722,2.988366646467729,,
spambase_n20,fixed,0.01,0,False,0.7869565486907959,0.09352688530217046,0.9279999732971191,0.14104342460632324,0.01,,
spambase_n20,fixed,0.01,1,False,0.7760869860649109,0.09201241887134054,0.9204999804496765,0.14441299438476562,0.01,,
spambase_n20,fixed,0.01,2,False,0.7869565486907959,0.08630580573842145,0.9120000004768372,0.12504345178604126,0.01,,
spambase_n20,fixed,0.01,3,False,0.789130449295044,0.08980602833671845,0.9200000166893005,0.1308695673942566,0.01,,
spambase_n20,fixed,0.01,4,False,0.7630434632301331,0.1049283641404,0.906000018119812,0.14295655488967896,0.01,,
spambase_n20,fixed,0.0,0,False,0.7855072617530823,0.090105613115905,0.9284999966621399,0.14299273490905762,0.0,,
spambase_n20,fixed,0.0,1,False,0.7818840742111206,0.0976248451549074,0.9254999756813049,0.14361590147018433,0.0,,
spambase_n20,fixed,0.0,2,False,0.7978261113166809,0.0719992188439853,0.906499981880188,0.10867387056350708,0.0,,
spambase_n20,fixed,0.0,3,False,0.8079710006713867,0.08423055449257727,0.9110000133514404,0.10302901268005371,0.0,,
spambase_n20,fixed,0.0,4,False,0.7623188495635986,0.09974196039248204,0.9120000004768372,0.14968115091323853,0.0,,
spambase_n20,fixed,0.1,0,False,0.7760869860649109,0.0873636622791705,0.921500027179718,0.14541304111480713,0.1,,
spambase_n20,fixed,0.1,1,False,0.7942029237747192,0.08176638790662738,0.9204999804496765,0.12629705667495728,0.1,,
spambase_n20,fixed,0.1,2,False,0.7978261113166809,0.07288669827191727,0.9020000100135803,0.10417389869689941,0.1,,
spambase_n20,fixed,0.1,3,False,0.7978261113166809,0.08359077235926753,0.9175000190734863,0.11967390775680542,0.1,,
spambase_n20,fixed,0.1,4,False,0.7956521511077881,0.09501684597436932,0.921500027179718,0.12584787607192993,0.1,,
spambase_n20,fixed,10.0,0,False,0.8999999761581421,0.21159467809442156,0.7584999799728394,-0.14149999618530273,10.0,,
spambase_n20,fixed,10.0,1,False,0.9057971239089966,0.2238565713599108,0.7620000243186951,-0.1437970995903015,10.0,,
spambase_n20,fixed,10.0,2,False,0.9079710245132446,0.2037649586148884,0.7639999985694885,-0.1439710259437561,10.0,,
spambase_n20,fixed,10.0,3,False,0.908695638179779,0.2064360093379366,0.7639999985694885,-0.14469563961029053,10.0,,
spambase_n20,fixed,10.0,4,False,0.9050724506378174,0.2112017227039821,0.7649999856948853,-0.14007246494293213,10.0,,
spambase_n20,fixed,1.0,0,False,0.8246376514434814,0.059758189666098444,0.8705000281333923,0.04586237668991089,1.0,,
spambase_n20,fixed,1.0,1,False,0.8333333134651184,0.059819358284922616,0.8755000233650208,0.042166709899902344,1.0,,
spambase_n20,fixed,1.0,2,False,0.8500000238418579,0.05698595513468203,0.8644999861717224,0.014499962329864502,1.0,,
spambase_n20,fixed,1.0,3,False,0.8362318873405457,0.04415599094784778,0.8585000038146973,0.02226811647415161,1.0,,
spambase_n20,fixed,1.0,4,False,0.845652163028717,0.07656390429406926,0.8694999814033508,0.02384781837463379,1.0,,
spambase_n20,fixed,30.0,0,False,0.5949275493621826,0.33078613052333616,0.5659999847412109,-0.02892756462097168,30.0,,
spambase_n20,fixed,30.0,1,False,0.832608699798584,0.2705381532078204,0.7049999833106995,-0.12760871648788452,30.0,,
spambase_n20,fixed,30.0,2,False,0.5949275493621826,0.3296958484943362,0.5659999847412109,-0.02892756462097168,30.0,,
spambase_n20,fixed,30.0,3,False,0.8942028880119324,0.3372155711270762,0.7384999990463257,-0.1557028889656067,30.0,,
spambase_n20,fixed,30.0,4,False,0.8949275612831116,0.3355061238226683,0.7409999966621399,-0.15392756462097168,30.0,,
spambase_n20,fixed,3.0,0,False,0.8855072259902954,0.15167435399000195,0.8240000009536743,-0.061507225036621094,3.0,,
spambase_n20,fixed,3.0,1,False,0.8898550868034363,0.15338959305182745,0.8025000095367432,-0.08735507726669312,3.0,,
spambase_n20,fixed,3.0,2,False,0.876086950302124,0.146035623744778,0.8205000162124634,-0.055586934089660645,3.0,,
spambase_n20,fixed,3.0,3,False,0.8898550868034363,0.14415496622306712,0.8105000257492065,-0.07935506105422974,3.0,,
spambase_n20,fixed,3.0,4,False,0.8920289874076843,0.14406520365804865,0.8115000128746033,-0.08052897453308105,3.0,,
spambase_n20,valtuned,0.0,0,False,0.8855072259902954,,,,,3.0,8.0
spambase_n20,valtuned,0.0,1,False,0.9057971239089966,,,,,10.0,8.0
spambase_n20,valtuned,0.0,2,False,0.9079710245132446,,,,,10.0,8.0
spambase_n20,valtuned,0.0,3,False,0.8942028880119324,,,,,30.0,8.0
spambase_n20,valtuned,0.0,4,False,0.9050724506378174,,,,,10.0,8.0
waveform_full,adadecay_regime,0.0,0,False,0.8479999899864197,0.05453673352797826,0.9485714435577393,0.10057145357131958,0.0,,
waveform_full,adadecay_regime,0.0,1,False,0.8493333458900452,0.05465055692195892,0.949999988079071,0.10066664218902588,0.0,,
waveform_full,adadecay_regime,0.0,2,False,0.8533333539962769,0.053059286276499425,0.9354285597801208,0.082095205783844,0.0,,
waveform_full,adadecay_regime,0.0,3,False,0.8479999899864197,0.050118304371833795,0.9402857422828674,0.09228575229644775,0.0,,
waveform_full,adadecay_regime,0.0,4,False,0.8493333458900452,0.05460754992564519,0.952571451663971,0.10323810577392578,0.0,,
waveform_full,ctrlA,0.0,0,False,0.8486666679382324,0.024972095966339113,0.9294285774230957,0.08076190948486328,1.7126924235446668,,
waveform_full,ctrlA,0.0,1,False,0.8673333525657654,0.01961421666542689,0.930571436882019,0.06323808431625366,1.6300153473670274,,
waveform_full,ctrlA,0.0,2,False,0.8606666922569275,0.020275692860285438,0.9240000247955322,0.06333333253860474,1.5745015250849974,,
waveform_full,ctrlA,0.0,3,False,0.8579999804496765,0.020545159121354423,0.9242857098579407,0.06628572940826416,1.4811037045000999,,
waveform_full,ctrlA,0.0,4,False,0.8546666502952576,0.022594661096731822,0.9222857356071472,0.06761908531188965,1.6434245945978665,,
waveform_full,ctrlB,0.0,0,False,0.8659999966621399,0.036495800216992696,0.8925714492797852,0.026571452617645264,3.4399142837117442,,
waveform_full,ctrlB,0.0,1,False,0.8679999709129333,0.03829331312576929,0.8920000195503235,0.024000048637390137,3.7378962485027043,,
waveform_full,ctrlB,0.0,2,False,0.8700000047683716,0.03552792624632518,0.8937143087387085,0.023714303970336914,3.2312900670159865,,
waveform_full,ctrlB,0.0,3,False,0.878000020980835,0.04190874628225963,0.8871428370475769,0.009142816066741943,3.3665791522353374,,
waveform_full,ctrlB,0.0,4,False,0.859333336353302,0.02882320266962051,0.8865714073181152,0.027238070964813232,3.660234618427264,,
waveform_full,ctrlBpp,0.0,0,False,0.8659999966621399,0.036495800216992696,0.8925714492797852,0.026571452617645264,3.4399142837117442,,
waveform_full,ctrlBpp,0.0,1,False,0.8679999709129333,0.03829331312576929,0.8920000195503235,0.024000048637390137,3.7378962485027043,,
waveform_full,ctrlBpp,0.0,2,False,0.8700000047683716,0.03552792624632518,0.8937143087387085,0.023714303970336914,3.2312900670159865,,
waveform_full,ctrlBpp,0.0,3,False,0.878000020980835,0.04190874628225963,0.8871428370475769,0.009142816066741943,3.3665791522353374,,
waveform_full,ctrlBpp,0.0,4,False,0.859333336353302,0.02882320266962051,0.8865714073181152,0.027238070964813232,3.660234618427264,,
waveform_full,fixed,0.01,0,False,0.8539999723434448,0.08237460581461589,0.9739999771118164,0.12000000476837158,0.01,,
waveform_full,fixed,0.01,1,False,0.8513333201408386,0.07673710022370021,0.9691428542137146,0.11780953407287598,0.01,,
waveform_full,fixed,0.01,2,False,0.8546666502952576,0.0873442029953003,0.9599999785423279,0.10533332824707031,0.01,,
waveform_full,fixed,0.01,3,False,0.8386666774749756,0.09083910552660623,0.9685714244842529,0.12990474700927734,0.01,,
waveform_full,fixed,0.01,4,False,0.8446666598320007,0.09021544740597406,0.9777143001556396,0.13304764032363892,0.01,,
waveform_full,fixed,0.0,0,False,0.8539999723434448,0.08242542966206869,0.973714292049408,0.11971431970596313,0.0,,
waveform_full,fixed,0.0,1,False,0.8506666421890259,0.07710753387212753,0.9705714583396912,0.11990481615066528,0.0,,
waveform_full,fixed,0.0,2,False,0.8500000238418579,0.08432053951422373,0.9602857232093811,0.1102856993675232,0.0,,
waveform_full,fixed,0.0,3,False,0.843999981880188,0.08621390714248021,0.9697142839431763,0.12571430206298828,0.0,,
waveform_full,fixed,0.0,4,False,0.846666693687439,0.09052649774154028,0.9760000109672546,0.12933331727981567,0.0,,
waveform_full,fixed,0.1,0,False,0.8493333458900452,0.07765322824319203,0.9682857394218445,0.11895239353179932,0.1,,
waveform_full,fixed,0.1,1,False,0.8553333282470703,0.07317422389984131,0.9697142839431763,0.11438095569610596,0.1,,
waveform_full,fixed,0.1,2,False,0.8533333539962769,0.0832793920636177,0.9557142853736877,0.10238093137741089,0.1,,
waveform_full,fixed,0.1,3,False,0.8446666598320007,0.08200673830509186,0.9642857313156128,0.11961907148361206,0.1,,
waveform_full,fixed,0.1,4,False,0.8413333296775818,0.08792319627602896,0.9734285473823547,0.13209521770477295,0.1,,
waveform_full,fixed,10.0,0,False,0.8726666569709778,0.13581085316340127,0.8705714344978333,-0.0020952224731445312,10.0,,
waveform_full,fixed,10.0,1,False,0.8673333525657654,0.13258488043149314,0.8677142858505249,0.0003809332847595215,10.0,,
waveform_full,fixed,10.0,2,False,0.8740000128746033,0.1402452682455381,0.8682857155799866,-0.005714297294616699,10.0,,
waveform_full,fixed,10.0,3,False,0.8653333187103271,0.13007101829846698,0.8691428303718567,0.003809511661529541,10.0,,
waveform_full,fixed,10.0,4,False,0.8713333606719971,0.1341656230688095,0.8668571710586548,-0.004476189613342285,10.0,,
waveform_full,fixed,1.0,0,False,0.846666693687439,0.045832326173782356,0.9391428828239441,0.09247618913650513,1.0,,
waveform_full,fixed,1.0,1,False,0.862666666507721,0.03460866677761078,0.9397143125534058,0.07704764604568481,1.0,,
waveform_full,fixed,1.0,2,False,0.8613333106040955,0.036407086630662285,0.9334285855293274,0.07209527492523193,1.0,,
waveform_full,fixed,1.0,3,False,0.8539999723434448,0.03236584017674128,0.9302856922149658,0.076285719871521,1.0,,
waveform_full,fixed,1.0,4,False,0.8500000238418579,0.045755882064501444,0.9348571300506592,0.08485710620880127,1.0,,
waveform_full,fixed,30.0,0,False,0.5860000252723694,0.18265990559260048,0.6014285683631897,0.015428543090820312,30.0,,
waveform_full,fixed,30.0,1,False,0.5886666774749756,0.2042980705698331,0.6014285683631897,0.012761890888214111,30.0,,
waveform_full,fixed,30.0,2,False,0.3453333377838135,0.01140633225440979,0.3354285657405853,-0.00990477204322815,30.0,,
waveform_full,fixed,30.0,3,False,0.5559999942779541,0.17161586880683902,0.5428571701049805,-0.013142824172973633,30.0,,
waveform_full,fixed,30.0,4,False,0.5226666927337646,0.172698691368103,0.5362856984138489,0.013619005680084229,30.0,,
waveform_full,fixed,3.0,0,False,0.8686666488647461,0.03239447466532389,0.8920000195503235,0.023333370685577393,3.0,,
waveform_full,fixed,3.0,1,False,0.8713333606719971,0.02957600537935893,0.8934285640716553,0.022095203399658203,3.0,,
waveform_full,fixed,3.0,2,False,0.8686666488647461,0.0273604363600413,0.8971428275108337,0.028476178646087646,3.0,,
waveform_full,fixed,3.0,3,False,0.8773333430290222,0.03622779711087544,0.8894285559654236,0.012095212936401367,3.0,,
waveform_full,fixed,3.0,4,False,0.8619999885559082,0.01897566545009613,0.8902857303619385,0.028285741806030273,3.0,,
waveform_full,valtuned,0.0,0,False,0.8686666488647461,,,,,3.0,8.0
waveform_full,valtuned,0.0,1,False,0.8673333525657654,,,,,10.0,8.0
waveform_full,valtuned,0.0,2,False,0.8686666488647461,,,,,3.0,8.0
waveform_full,valtuned,0.0,3,False,0.8773333430290222,,,,,3.0,8.0
waveform_full,valtuned,0.0,4,False,0.8713333606719971,,,,,10.0,8.0
waveform_n20,adadecay_regime,0.0,0,False,0.7706666588783264,0.04088923048973084,0.8744999766349792,0.10383331775665283,0.0,,
waveform_n20,adadecay_regime,0.0,1,False,0.7526666522026062,0.0443310307264328,0.8690000176429749,0.11633336544036865,0.0,,
waveform_n20,adadecay_regime,0.0,2,False,0.7580000162124634,0.0299514092206955,0.8709999918937683,0.11299997568130493,0.0,,
waveform_n20,adadecay_regime,0.0,3,False,0.7853333353996277,0.03860712595780691,0.8504999876022339,0.0651666522026062,0.0,,
waveform_n20,adadecay_regime,0.0,4,False,0.7559999823570251,0.04434144230683644,0.8880000114440918,0.13200002908706665,0.0,,
waveform_n20,ctrlA,0.0,0,False,0.7979999780654907,0.07293697836001714,0.8295000195503235,0.031500041484832764,1.595048582556632,,
waveform_n20,ctrlA,0.0,1,False,0.7853333353996277,0.06202815598249436,0.8389999866485596,0.053666651248931885,1.6285523448825743,,
waveform_n20,ctrlA,0.0,2,False,0.7699999809265137,0.049222125828266156,0.828000009059906,0.058000028133392334,1.395401049802525,,
waveform_n20,ctrlA,0.0,3,False,0.8006666898727417,0.07312936472892761,0.8264999985694885,0.025833308696746826,1.5229158519176305,,
waveform_n20,ctrlA,0.0,4,False,0.809333324432373,0.09494289626677829,0.8220000267028809,0.012666702270507812,1.7261361053301811,,
waveform_n20,ctrlB,0.0,0,False,0.8333333134651184,0.1553518300652504,0.7584999799728394,-0.07483333349227905,2.934312811837492,,
waveform_n20,ctrlB,0.0,1,False,0.8259999752044678,0.1575274543762207,0.765999972820282,-0.06000000238418579,2.964887985793392,,
waveform_n20,ctrlB,0.0,2,False,0.8433333039283752,0.16846257881323493,0.7544999718666077,-0.08883333206176758,2.949479804318678,,
waveform_n20,ctrlB,0.0,3,False,0.8353333473205566,0.16097578499714535,0.7615000009536743,-0.07383334636688232,2.8967877679423815,,
waveform_n20,ctrlB,0.0,4,False,0.8413333296775818,0.16853995825846993,0.7674999833106995,-0.07383334636688232,3.0505000907195705,,
waveform_n20,ctrlBpp,0.0,0,False,0.8333333134651184,0.1553518300652504,0.7584999799728394,-0.07483333349227905,2.934312811837492,,
waveform_n20,ctrlBpp,0.0,1,False,0.8259999752044678,0.1575274543762207,0.765999972820282,-0.06000000238418579,2.964887985793392,,
waveform_n20,ctrlBpp,0.0,2,False,0.8433333039283752,0.16846257881323493,0.7544999718666077,-0.08883333206176758,2.949479804318678,,
waveform_n20,ctrlBpp,0.0,3,False,0.8353333473205566,0.16097578499714535,0.7615000009536743,-0.07383334636688232,2.8967877679423815,,
waveform_n20,ctrlBpp,0.0,4,False,0.8413333296775818,0.16853995825846993,0.7674999833106995,-0.07383334636688232,3.0505000907195705,,
waveform_n20,fixed,0.01,0,False,0.7226666808128357,0.1486977359453837,0.9649999737739563,0.2423332929611206,0.01,,
waveform_n20,fixed,0.01,1,False,0.6886666417121887,0.17385286563634872,0.9704999923706055,0.28183335065841675,0.01,,
waveform_n20,fixed,0.01,2,False,0.671999990940094,0.19372500613331795,0.968999981880188,0.296999990940094,0.01,,
waveform_n20,fixed,0.01,3,False,0.731333315372467,0.13267156620820364,0.9710000157356262,0.23966670036315918,0.01,,
waveform_n20,fixed,0.01,4,False,0.7086666822433472,0.16375291146834692,0.9725000262260437,0.26383334398269653,0.01,,
waveform_n20,fixed,0.0,0,False,0.718666672706604,0.16180659397443137,0.9585000276565552,0.23983335494995117,0.0,,
waveform_n20,fixed,0.0,1,False,0.6926666498184204,0.17516834207375848,0.9710000157356262,0.2783333659172058,0.0,,
waveform_n20,fixed,0.0,2,False,0.6826666593551636,0.1830686273276806,0.9645000100135803,0.28183335065841675,0.0,,
waveform_n20,fixed,0.0,3,False,0.7293333411216736,0.131855362534523,0.9739999771118164,0.24466663599014282,0.0,,
waveform_n20,fixed,0.0,4,False,0.6919999718666077,0.1863088795344035,0.9750000238418579,0.28300005197525024,0.0,,
waveform_n20,fixed,0.1,0,False,0.718666672706604,0.14195401042699812,0.9509999752044678,0.23233330249786377,0.1,,
waveform_n20,fixed,0.1,1,False,0.7013333439826965,0.1558960888783137,0.9570000171661377,0.25566667318344116,0.1,,
waveform_n20,fixed,0.1,2,False,0.6993333101272583,0.15082567709684372,0.9570000171661377,0.2576667070388794,0.1,,
waveform_n20,fixed,0.1,3,False,0.7406666874885559,0.11191769320766132,0.9574999809265137,0.21683329343795776,0.1,,
waveform_n20,fixed,0.1,4,False,0.699999988079071,0.16413710940877596,0.9660000205039978,0.26600003242492676,0.1,,
waveform_n20,fixed,10.0,0,False,0.8506666421890259,0.2677212253808975,0.6995000243186951,-0.1511666178703308,10.0,,
waveform_n20,fixed,10.0,1,False,0.8546666502952576,0.28303536808490753,0.699999988079071,-0.15466666221618652,10.0,,
waveform_n20,fixed,10.0,2,False,0.8546666502952576,0.27821124609311426,0.7055000066757202,-0.14916664361953735,10.0,,
waveform_n20,fixed,10.0,3,False,0.8426666855812073,0.27090595509608584,0.699999988079071,-0.14266669750213623,10.0,,
waveform_n20,fixed,10.0,4,False,0.8493333458900452,0.27360257293780643,0.7059999704360962,-0.14333337545394897,10.0,,
waveform_n20,fixed,1.0,0,False,0.7799999713897705,0.0365329878727595,0.8665000200271606,0.08650004863739014,1.0,,
waveform_n20,fixed,1.0,1,False,0.7593333125114441,0.025862098892529804,0.8665000200271606,0.10716670751571655,1.0,,
waveform_n20,fixed,1.0,2,False,0.7553333044052124,0.03477850043773651,0.8554999828338623,0.1001666784286499,1.0,,
waveform_n20,fixed,1.0,3,False,0.7799999713897705,0.028692458490530648,0.8399999737739563,0.06000000238418579,1.0,,
waveform_n20,fixed,1.0,4,False,0.7613333463668823,0.041694414913654325,0.8774999976158142,0.11616665124893188,1.0,,
waveform_n20,fixed,30.0,0,False,0.5953333377838135,0.21482880028088888,0.534500002861023,-0.06083333492279053,30.0,,
waveform_n20,fixed,30.0,1,False,0.6546666622161865,0.24628884015480676,0.5745000243186951,-0.08016663789749146,30.0,,
waveform_n20,fixed,30.0,2,False,0.5146666765213013,0.1501088534593582,0.46650001406669617,-0.0481666624546051,30.0,,
waveform_n20,fixed,30.0,3,False,0.5266666412353516,0.15581585772832235,0.47450000047683716,-0.052166640758514404,30.0,,
waveform_n20,fixed,30.0,4,False,0.6606666445732117,0.29033410410086313,0.5634999871253967,-0.09716665744781494,30.0,,
waveform_n20,fixed,3.0,0,False,0.8393333554267883,0.16573803182442987,0.7384999990463257,-0.10083335638046265,3.0,,
waveform_n20,fixed,3.0,1,False,0.8246666789054871,0.15614019097884496,0.7450000047683716,-0.07966667413711548,3.0,,
waveform_n20,fixed,3.0,2,False,0.8433333039283752,0.16787301737070087,0.7365000247955322,-0.10683327913284302,3.0,,
waveform_n20,fixed,3.0,3,False,0.8366666436195374,0.16682908509174985,0.7484999895095825,-0.08816665410995483,3.0,,
waveform_n20,fixed,3.0,4,False,0.8486666679382324,0.1726970450282097,0.7570000290870667,-0.09166663885116577,3.0,,
waveform_n20,valtuned,0.0,0,False,0.8506666421890259,,,,,10.0,8.0
waveform_n20,valtuned,0.0,1,False,0.8246666789054871,,,,,3.0,8.0
waveform_n20,valtuned,0.0,2,False,0.8433333039283752,,,,,3.0,8.0
waveform_n20,valtuned,0.0,3,False,0.8426666855812073,,,,,10.0,8.0
waveform_n20,valtuned,0.0,4,False,0.8493333458900452,,,,,10.0,8.0
