dataset,size,noise,seed,windows,smoke,arm,control,donor,clean_train_acc,runtime_seconds,test_acc,test_ece,test_loss,train_acc,train_loss,negative_log_total_shrinkage
adult,full,0.0,10,30,False,none,online,,0.9157142639160156,1.9329478909930913,0.8311111330986023,0.07735852940877279,0.522619903087616,0.9157142639160156,0.18723377585411072,0.0
adult,full,0.0,10,30,False,fixed1,online,,0.8677142858505249,1.9683900639938656,0.8457777500152588,0.02906994366645813,0.3369391858577728,0.8677142858505249,0.28531646728515625,7.481227460543817
adult,full,0.0,10,30,False,ctrlA,online,,0.881428599357605,1.4765230609918945,0.8391110897064209,0.04748347488376829,0.35785919427871704,0.881428599357605,0.25903546810150146,3.360596429022178
adult,full,0.0,10,30,False,ctrlB,online,,0.8620952367782593,1.4650509640050586,0.8462222218513489,0.018125274313820734,0.3285023272037506,0.8620952367782593,0.2997148633003235,11.51281405960232
adult,full,0.0,10,30,False,adadecay,online,,0.868571400642395,2.243405964007252,0.8435555696487427,0.03125559361775716,0.3378613591194153,0.868571400642395,0.2853025794029236,
adult,full,0.0,10,30,False,awd,online,,0.9109523892402649,1.5535656950087287,0.8308888673782349,0.07599081106980642,0.49915409088134766,0.9109523892402649,0.189777210354805,
adult,full,0.0,10,30,False,swd,online,,0.9030476212501526,1.5461590939958114,0.8360000252723694,0.06646162720521291,0.43731316924095154,0.9030476212501526,0.2124119997024536,
adult,full,0.0,10,30,False,cwd,online,,0.8850476145744324,1.6509839789941907,0.8417778015136719,0.05191479586892658,0.3648112714290619,0.8850476145744324,0.25561803579330444,
adult,full,0.0,11,30,False,none,online,,0.9173333048820496,1.3095258770044893,0.832444429397583,0.07567160824934642,0.5491254329681396,0.9173333048820496,0.18472091853618622,0.0
adult,full,0.0,11,30,False,fixed1,online,,0.8691428303718567,1.3512109580042306,0.840666651725769,0.03138090790642632,0.3396822512149811,0.8691428303718567,0.28413379192352295,7.481227460543817
adult,full,0.0,11,30,False,ctrlA,online,,0.8830476403236389,1.3842610610008705,0.8355555534362793,0.04986236672268973,0.365698903799057,0.8830476403236389,0.25861236453056335,3.3389713071016067
adult,full,0.0,11,30,False,ctrlB,online,,0.8668571710586548,1.3513144409953384,0.8399999737739563,0.026242828071117403,0.33588123321533203,0.8668571710586548,0.2940155863761902,10.000835079366528
adult,full,0.0,11,30,False,adadecay,online,,0.8709523677825928,1.9813273459876655,0.8399999737739563,0.033580946670638184,0.3436968922615051,0.8709523677825928,0.28517159819602966,
adult,full,0.0,11,30,False,awd,online,,0.9147619009017944,1.402042731991969,0.8240000009536743,0.08210946729448107,0.558837890625,0.9147619009017944,0.18676580488681793,
adult,full,0.0,11,30,False,swd,online,,0.9039047360420227,1.4172993909887737,0.8297777771949768,0.07232237508561876,0.4578474462032318,0.9039047360420227,0.2087043970823288,
adult,full,0.0,11,30,False,cwd,online,,0.883904755115509,1.6227856960031204,0.8384444713592529,0.04857436686091953,0.3634999692440033,0.883904755115509,0.25684696435928345,
adult,full,0.0,12,30,False,none,online,,0.908380925655365,1.3112764399993466,0.8295555710792542,0.07840491779645284,0.5188292860984802,0.908380925655365,0.19455339014530182,0.0
adult,full,0.0,12,30,False,fixed1,online,,0.8670476078987122,1.3547322710073786,0.8402222394943237,0.02441563711563746,0.33810511231422424,0.8670476078987122,0.2922098636627197,7.481227460543817
adult,full,0.0,12,30,False,ctrlA,online,,0.8823809623718262,1.3286800740024773,0.8402222394943237,0.03772074772251977,0.3556353747844696,0.8823809623718262,0.2644968628883362,3.2551592696884466
adult,full,0.0,12,30,False,ctrlB,online,,0.8613333106040955,1.3465158109902404,0.8431110978126526,0.013024582438998754,0.3325904309749603,0.8613333106040955,0.30067500472068787,10.623475472859358
adult,full,0.0,12,30,False,adadecay,online,,0.8681904673576355,2.0888512679957785,0.8431110978126526,0.018891228119532266,0.33354416489601135,0.8681904673576355,0.2897905707359314,
adult,full,0.0,12,30,False,awd,online,,0.9098095297813416,1.4418662130046869,0.8302222490310669,0.07887623496850331,0.5230798125267029,0.9098095297813416,0.19408324360847473,
adult,full,0.0,12,30,False,swd,online,,0.9002857208251953,1.6678384379920317,0.8351110816001892,0.0650907631052865,0.4489246904850006,0.9002857208251953,0.2151106297969818,
adult,full,0.0,12,30,False,cwd,online,,0.8790476322174072,1.8396635170065565,0.8437777757644653,0.042845974100960624,0.37161505222320557,0.8790476322174072,0.2667166590690613,
adult,full,0.0,13,30,False,none,online,,0.9139999747276306,1.5691142110008514,0.8308888673782349,0.076084482855267,0.517453134059906,0.9139999747276306,0.1859210580587387,0.0
adult,full,0.0,13,30,False,fixed1,online,,0.8669523596763611,1.5966458409966435,0.8422222137451172,0.03443863758775923,0.33888208866119385,0.8669523596763611,0.29225489497184753,7.481227460543817
adult,full,0.0,13,30,False,ctrlA,online,,0.882095217704773,1.6420367969985818,0.8433333039283752,0.044530787732866076,0.3573879599571228,0.882095217704773,0.26030173897743225,3.2843896411376257
adult,full,0.0,13,30,False,ctrlB,online,,0.8617143034934998,1.6059592670062557,0.8426666855812073,0.030223798314730328,0.33692535758018494,0.8617143034934998,0.3024553656578064,10.209436218701642
adult,full,0.0,13,30,False,adadecay,online,,0.8670476078987122,2.351795900001889,0.8453333377838135,0.03519589822822147,0.33966439962387085,0.8670476078987122,0.29330435395240784,
adult,full,0.0,13,30,False,awd,online,,0.916190505027771,1.6361730820062803,0.8304444551467896,0.07782632031043371,0.5304717421531677,0.916190505027771,0.1836092174053192,
adult,full,0.0,13,30,False,swd,online,,0.9010476469993591,1.627770071994746,0.8424444198608398,0.06102861634890239,0.4448193907737732,0.9010476469993591,0.21191979944705963,
adult,full,0.0,13,30,False,cwd,online,,0.8777142763137817,1.852724736003438,0.8404444456100464,0.04528733264075385,0.3698407709598541,0.8777142763137817,0.26072677969932556,
adult,full,0.0,14,30,False,none,online,,0.911809504032135,1.5233679650118575,0.8226666450500488,0.07618379771709442,0.4990377724170685,0.911809504032135,0.18957366049289703,0.0
adult,full,0.0,14,30,False,fixed1,online,,0.8700952529907227,1.6820701260003261,0.8355555534362793,0.01922387033038669,0.337161123752594,0.8700952529907227,0.28712376952171326,7.481227460543817
adult,full,0.0,14,30,False,ctrlA,online,,0.8796190619468689,1.6122235509974416,0.8333333134651184,0.033653517935011125,0.36404192447662354,0.8796190619468689,0.2653037905693054,3.2665848050869677
adult,full,0.0,14,30,False,ctrlB,online,,0.8621904850006104,1.7039755620062351,0.8379999995231628,0.009303038345442879,0.3394535183906555,0.8621904850006104,0.3038835823535919,12.021780735996918
adult,full,0.0,14,30,False,adadecay,online,,0.8677142858505249,2.4126146220078226,0.8348888754844666,0.016486985246340433,0.33874937891960144,0.8677142858505249,0.2910706102848053,
adult,full,0.0,14,30,False,awd,online,,0.91352379322052,1.7964108909945935,0.8246666789054871,0.07574618384573195,0.5213233232498169,0.91352379322052,0.18679380416870117,
adult,full,0.0,14,30,False,swd,online,,0.904285728931427,1.79236277200107,0.8328889012336731,0.05254014873504639,0.4135282635688782,0.904285728931427,0.2147548794746399,
adult,full,0.0,14,30,False,cwd,online,,0.8828571438789368,1.9783312360086711,0.828000009059906,0.03261137186156379,0.36146655678749084,0.8828571438789368,0.259693443775177,
adult,full,0.2,10,30,False,none,online,,0.7934285998344421,1.7580098239996005,0.7613333463668823,0.05186339403523339,0.578691303730011,0.7954285740852356,0.4093555510044098,0.0
adult,full,0.2,10,30,False,fixed1,online,,0.8415238261222839,1.6896475230023498,0.8295555710792542,0.10921433005068036,0.438679963350296,0.7250476479530334,0.5493913888931274,7.481227460543817
adult,full,0.2,10,30,False,ctrlA,online,,0.8324761986732483,1.7011609409964876,0.8106666803359985,0.08164348827468024,0.45812883973121643,0.7428571581840515,0.5175832509994507,3.686841411067207
adult,full,0.2,10,30,False,ctrlB,online,,0.838952362537384,1.7752400049939752,0.8268888592720032,0.10260275403658549,0.44064709544181824,0.7283809781074524,0.5440277457237244,5.931423177093452
adult,full,0.2,10,30,False,adadecay,online,,0.846666693687439,2.466297288003261,0.8297777771949768,0.11700850718551212,0.443996399641037,0.7294285893440247,0.5457362532615662,
adult,full,0.2,10,30,False,awd,online,,0.8044762015342712,1.8014637640008004,0.7515555620193481,0.047883390757772655,0.5830284953117371,0.7996190190315247,0.4038003981113434,
adult,full,0.2,10,30,False,swd,online,,0.80009526014328,1.7856370600056835,0.7795555591583252,0.033114587585131326,0.511229395866394,0.7794285416603088,0.4425153434276581,
adult,full,0.2,10,30,False,cwd,online,,0.826285719871521,1.9985250369936693,0.8077777624130249,0.08257534303930071,0.4805629253387451,0.75,0.5079861879348755,
adult,full,0.2,11,30,False,none,online,,0.8087618947029114,1.6360622889915248,0.765333354473114,0.04667614279852973,0.571229875087738,0.8037142753601074,0.4005284607410431,0.0
adult,full,0.2,11,30,False,fixed1,online,,0.8440952301025391,1.683257145996322,0.8191111087799072,0.10177659677134619,0.43285831809043884,0.7291428446769714,0.547765851020813,7.481227460543817
adult,full,0.2,11,30,False,ctrlA,online,,0.8376190662384033,1.6151591890084092,0.8068888783454895,0.07609206201632816,0.4464277923107147,0.7506666779518127,0.5108156800270081,3.6366893108703717
adult,full,0.2,11,30,False,ctrlB,online,,0.8424761891365051,1.6930918889993336,0.8213333487510681,0.08917271410094367,0.4284973442554474,0.7338095307350159,0.5390700697898865,5.455166431344551
adult,full,0.2,11,30,False,adadecay,online,,0.8461904525756836,2.44775849301368,0.8215555548667908,0.09864603465133244,0.43087881803512573,0.7335237860679626,0.5435043573379517,
adult,full,0.2,11,30,False,awd,online,,0.8135238289833069,1.7865548630070407,0.7648888826370239,0.05581642274061839,0.584175169467926,0.8046666383743286,0.39967429637908936,
adult,full,0.2,11,30,False,swd,online,,0.8234285712242126,1.7805194889951963,0.785111129283905,0.05164538935820262,0.5172502994537354,0.7888571619987488,0.43774911761283875,
adult,full,0.2,11,30,False,cwd,online,,0.8382856845855713,2.0790221489878604,0.8077777624130249,0.0614651584095425,0.4509880244731903,0.7543809413909912,0.4993636906147003,
adult,full,0.2,12,30,False,none,online,,0.8098095059394836,1.7014628850010922,0.7688888907432556,0.05273773131105634,0.5724221467971802,0.8023809790611267,0.41286301612854004,0.0
adult,full,0.2,12,30,False,fixed1,online,,0.83647620677948,1.679230194989941,0.8211110830307007,0.11328412122196622,0.45003849267959595,0.7231428623199463,0.5581716299057007,7.481227460543817
adult,full,0.2,12,30,False,ctrlA,online,,0.8362857103347778,1.662022110001999,0.8224444389343262,0.10403801935248905,0.4600332975387573,0.7368571162223816,0.5281389951705933,3.6149029319003474
adult,full,0.2,12,30,False,ctrlB,online,,0.831428587436676,1.6859235079900827,0.8215555548667908,0.11221555925740137,0.45526719093322754,0.7241904735565186,0.5519422292709351,5.193126074556974
adult,full,0.2,12,30,False,adadecay,online,,0.8386666774749756,2.458081855002092,0.8244444727897644,0.1257892812225554,0.45765382051467896,0.7241904735565186,0.5572497248649597,
adult,full,0.2,12,30,False,awd,online,,0.7902857065200806,1.7786144190031337,0.7559999823570251,0.060158490485615196,0.5998938679695129,0.7996190190315247,0.4145188331604004,
adult,full,0.2,12,30,False,swd,online,,0.7998095154762268,1.8527119309874251,0.7673333287239075,0.05851073288917542,0.5574126243591309,0.7780952453613281,0.45296981930732727,
adult,full,0.2,12,30,False,cwd,online,,0.8284761905670166,2.0157266129972413,0.8106666803359985,0.07914013436105516,0.4626605212688446,0.7412381172180176,0.5231947302818298,
adult,full,0.2,13,30,False,none,online,,0.8171428442001343,1.6470663889922434,0.7846666574478149,0.042893321527375114,0.5876204371452332,0.8064761757850647,0.40197116136550903,0.0
adult,full,0.2,13,30,False,fixed1,online,,0.8440952301025391,1.7106468609999865,0.8337777853012085,0.10204945425192516,0.43446147441864014,0.7248571515083313,0.5526162981987,7.481227460543817
adult,full,0.2,13,30,False,ctrlA,online,,0.8387619256973267,1.6620968360075494,0.8199999928474426,0.062087452756033994,0.443880170583725,0.7419999837875366,0.519088864326477,3.555130240871575
adult,full,0.2,13,30,False,ctrlB,online,,0.8471428751945496,1.7170145779964514,0.8373333215713501,0.10268879645400578,0.426557332277298,0.726190447807312,0.5483731627464294,5.862814781162262
adult,full,0.2,13,30,False,adadecay,online,,0.8412380814552307,2.4536440090014366,0.8308888673782349,0.08834204170438978,0.42309024930000305,0.7197142839431763,0.5558611154556274,
adult,full,0.2,13,30,False,awd,online,,0.8139047622680664,1.7592969149991404,0.7717777490615845,0.039181597802374096,0.5636823177337646,0.8064761757850647,0.4020560383796692,
adult,full,0.2,13,30,False,swd,online,,0.828000009059906,1.8051971590030007,0.7915555834770203,0.048220618102285596,0.49795404076576233,0.7799999713897705,0.4475589990615845,
adult,full,0.2,13,30,False,cwd,online,,0.843238115310669,1.9936734780058032,0.8259999752044678,0.06761377501487732,0.43047770857810974,0.7430475950241089,0.5185733437538147,
adult,full,0.2,14,30,False,none,online,,0.8222857117652893,1.7023880640044808,0.7817777991294861,0.058232431266042925,0.5694612264633179,0.8010476231575012,0.4121711850166321,0.0
adult,full,0.2,14,30,False,fixed1,online,,0.8363809585571289,1.7039208490023157,0.8171111345291138,0.07789201335112256,0.44175055623054504,0.7229523658752441,0.5604638457298279,7.481227460543817
adult,full,0.2,14,30,False,ctrlA,online,,0.8398095369338989,1.6991925740003353,0.8073333501815796,0.05117160468631321,0.4517485797405243,0.7433333396911621,0.5259535908699036,3.5090465673219926
adult,full,0.2,14,30,False,ctrlB,online,,0.8358095288276672,1.7045579210098367,0.8102222084999084,0.06696905541419983,0.4434323310852051,0.7265714406967163,0.5530571937561035,5.600606037739031
adult,full,0.2,14,30,False,adadecay,online,,0.8357142806053162,2.561600371991517,0.8113333582878113,0.07512195869286856,0.4416128695011139,0.7224761843681335,0.5595672726631165,
adult,full,0.2,14,30,False,awd,online,,0.8222857117652893,1.8879953710129485,0.7864444255828857,0.05914163319269816,0.5878428220748901,0.7951428294181824,0.4209263324737549,
adult,full,0.2,14,30,False,swd,online,,0.8235238194465637,1.8368453419971047,0.7868888974189758,0.06610940668318006,0.5649411082267761,0.7799999713897705,0.44563719630241394,
adult,full,0.2,14,30,False,cwd,online,,0.8370476365089417,2.1131061799969757,0.8122222423553467,0.0493675944407781,0.4442666172981262,0.746666669845581,0.5197635889053345,
adult,half,0.0,10,30,False,none,online,,0.9500952363014221,1.7444209929963108,0.8275555372238159,0.11362994119856093,1.160707712173462,0.9500952363014221,0.10838539153337479,0.0
adult,half,0.0,10,30,False,fixed1,online,,0.8843809366226196,1.7663168800063431,0.8435555696487427,0.04233891083134545,0.4276571571826935,0.8843809366226196,0.2502421438694,7.481227460543817
adult,half,0.0,10,30,False,ctrlA,online,,0.9005714058876038,1.8344991230114829,0.8375555276870728,0.06510548668437534,0.5322284698486328,0.9005714058876038,0.2191225290298462,3.9344908654593227
adult,half,0.0,10,30,False,ctrlB,online,,0.867809534072876,1.8222110219940078,0.8455555438995361,0.017632393889957004,0.3320363759994507,0.867809534072876,0.28396809101104736,14.000164599592452
adult,half,0.0,10,30,False,adadecay,online,,0.8836190700531006,2.516701443004422,0.8451111316680908,0.03765691084331937,0.6216015815734863,0.8836190700531006,0.2485266923904419,
adult,half,0.0,10,30,False,awd,online,,0.9495238065719604,1.8825637499976438,0.8259999752044678,0.121530485007498,1.226252794265747,0.9495238065719604,0.11047979444265366,
adult,half,0.0,10,30,False,swd,online,,0.9403809309005737,1.8137719609949272,0.8259999752044678,0.10923500523964563,1.0524250268936157,0.9403809309005737,0.13373112678527832,
adult,half,0.0,10,30,False,cwd,online,,0.9091428518295288,1.9212928070046473,0.8377777934074402,0.07038678987820943,0.6259359121322632,0.9091428518295288,0.19800406694412231,
adult,half,0.0,11,30,False,none,online,,0.9647619128227234,1.5528056149923941,0.8168888688087463,0.1283563229110506,1.5232685804367065,0.9647619128227234,0.07896960526704788,0.0
adult,half,0.0,11,30,False,fixed1,online,,0.9019047617912292,1.5863712159916759,0.8299999833106995,0.06123703464534548,0.44482946395874023,0.9019047617912292,0.22431626915931702,7.481227460543817
adult,half,0.0,11,30,False,ctrlA,online,,0.9137142896652222,1.5402409660018748,0.8288888931274414,0.07147571970356835,0.5327474474906921,0.9137142896652222,0.19314518570899963,3.9739980754083044
adult,half,0.0,11,30,False,ctrlB,online,,0.8849523663520813,1.5357288170052925,0.8366666436195374,0.040688653482331166,0.35012921690940857,0.8849523663520813,0.2530652582645416,13.227370612488544
adult,half,0.0,11,30,False,adadecay,online,,0.8971428275108337,2.271704562997911,0.8282222151756287,0.06582290983200073,0.5673903226852417,0.8971428275108337,0.22923214733600616,
adult,half,0.0,11,30,False,awd,online,,0.9599999785423279,1.6711658259882824,0.8184444308280945,0.1248405599726571,1.4667521715164185,0.9599999785423279,0.08919657766819,
adult,half,0.0,11,30,False,swd,online,,0.94647616147995,1.680948252993403,0.8228889107704163,0.1107542096906238,0.990393340587616,0.94647616147995,0.11495335400104523,
adult,half,0.0,11,30,False,cwd,online,,0.9217143058776855,1.8601385920046596,0.8273333311080933,0.07868805117077299,0.6161303520202637,0.9217143058776855,0.1787077784538269,
adult,half,0.0,12,30,False,none,online,,0.9563809633255005,1.5770192869968014,0.8186666369438171,0.13114358848995633,1.190061092376709,0.9563809633255005,0.10379509627819061,0.0
adult,half,0.0,12,30,False,fixed1,online,,0.894095242023468,1.5850505199923646,0.8433333039283752,0.044140294366412695,0.40320688486099243,0.894095242023468,0.24488550424575806,7.481227460543817
adult,half,0.0,12,30,False,ctrlA,online,,0.9059047698974609,1.6201502590120072,0.8353333473205566,0.06707043843799167,0.4591990113258362,0.9059047698974609,0.21046046912670135,3.9757161841526707
adult,half,0.0,12,30,False,ctrlB,online,,0.8750476241111755,1.6164764019922586,0.846666693687439,0.027648425353897943,0.34239667654037476,0.8750476241111755,0.28404736518859863,14.171676009422725
adult,half,0.0,12,30,False,adadecay,online,,0.8883809447288513,2.347717515003751,0.8435555696487427,0.04153775424427456,0.4766278862953186,0.8883809447288513,0.2485855370759964,
adult,half,0.0,12,30,False,awd,online,,0.9510475993156433,1.7623416960122995,0.8186666369438171,0.12313398497634465,1.088849663734436,0.9510475993156433,0.12221577018499374,
adult,half,0.0,12,30,False,swd,online,,0.9398095011711121,1.871207971998956,0.8288888931274414,0.10874820935726166,0.9039393067359924,0.9398095011711121,0.13409946858882904,
adult,half,0.0,12,30,False,cwd,online,,0.9179047346115112,1.9469723200018052,0.8282222151756287,0.07613776101006402,0.5244708061218262,0.9179047346115112,0.18634465336799622,
adult,half,0.0,13,30,False,none,online,,0.9556190371513367,1.6470214989967644,0.8173333406448364,0.12047707189453971,1.2625423669815063,0.9556190371513367,0.1070694774389267,0.0
adult,half,0.0,13,30,False,fixed1,online,,0.8902857303619385,1.6220399609883316,0.8435555696487427,0.05249806119336022,0.4376746714115143,0.8902857303619385,0.24041788280010223,7.481227460543817
adult,half,0.0,13,30,False,ctrlA,online,,0.9078094959259033,1.6869999669870595,0.8368889093399048,0.06707471603817411,0.5349115133285522,0.9078094959259033,0.20401152968406677,3.8391828027970503
adult,half,0.0,13,30,False,ctrlB,online,,0.8769524097442627,1.6803995610098355,0.8442222476005554,0.03223320515950521,0.3504890203475952,0.8769524097442627,0.2706718146800995,13.800063549661141
adult,half,0.0,13,30,False,adadecay,online,,0.8880000114440918,2.535430511998129,0.8408889174461365,0.04787186041143206,0.5814186334609985,0.8880000114440918,0.24495740234851837,
adult,half,0.0,13,30,False,awd,online,,0.9535238146781921,1.8550900880072732,0.8231111168861389,0.1169568911658393,1.3719815015792847,0.9535238146781921,0.14027239382266998,
adult,half,0.0,13,30,False,swd,online,,0.9487618803977966,1.982801053993171,0.8222222328186035,0.10906852271821764,0.9802334904670715,0.9487618803977966,0.11780375987291336,
adult,half,0.0,13,30,False,cwd,online,,0.9121904969215393,2.1045611320005264,0.8408889174461365,0.07262853823767768,0.6454144716262817,0.9121904969215393,0.20648516714572906,
adult,half,0.0,14,30,False,none,online,,0.9624761939048767,1.8177024519973202,0.8231111168861389,0.12718265811602275,1.4360313415527344,0.9624761939048767,0.09250430762767792,0.0
adult,half,0.0,14,30,False,fixed1,online,,0.8982856869697571,1.79937532999611,0.8333333134651184,0.05053723866409726,0.4216783344745636,0.8982856869697571,0.23241080343723297,7.481227460543817
adult,half,0.0,14,30,False,ctrlA,online,,0.9121904969215393,1.8171601280046161,0.8302222490310669,0.06768963481982548,0.49874138832092285,0.9121904969215393,0.19842775166034698,4.173128845104266
adult,half,0.0,14,30,False,ctrlB,online,,0.8777142763137817,1.812999015004607,0.8415555357933044,0.02660388437906901,0.3354973793029785,0.8777142763137817,0.26989126205444336,14.482272554215145
adult,half,0.0,14,30,False,adadecay,online,,0.897523820400238,2.5784096450079232,0.8333333134651184,0.04946817535824247,0.49001118540763855,0.897523820400238,0.23201143741607666,
adult,half,0.0,14,30,False,awd,online,,0.9630476236343384,1.8858368819928728,0.8213333487510681,0.13095249202516343,1.6063421964645386,0.9630476236343384,0.09026980400085449,
adult,half,0.0,14,30,False,swd,online,,0.9489523768424988,1.9558715960010886,0.8199999928474426,0.11099410100777943,0.9712588787078857,0.9489523768424988,0.11332027614116669,
adult,half,0.0,14,30,False,cwd,online,,0.9177142977714539,2.163013456010958,0.8297777771949768,0.08027721055348713,0.5811352133750916,0.9177142977714539,0.1764262467622757,
adult,half,0.2,10,30,False,none,online,,0.7739047408103943,1.7938843030133285,0.7124444246292114,0.16807820540004306,1.0715391635894775,0.909333348274231,0.20344075560569763,0.0
adult,half,0.2,10,30,False,fixed1,online,,0.8060952425003052,1.875027271991712,0.7835555672645569,0.05207952564292483,0.5452320575714111,0.7628571391105652,0.47818639874458313,7.481227460543817
adult,half,0.2,10,30,False,ctrlA,online,,0.7902857065200806,1.7732538489945,0.7484444379806519,0.03449408169587453,0.6200425624847412,0.7931428551673889,0.4264082610607147,4.810266344943398
adult,half,0.2,10,30,False,ctrlB,online,,0.8321904540061951,1.778589360008482,0.8111110925674438,0.09035006297959222,0.48927071690559387,0.739047646522522,0.5170091986656189,10.143082435311332
adult,half,0.2,10,30,False,adadecay,online,,0.8013333082199097,2.5481317790108733,0.7737777829170227,0.0575574762556288,0.7050663232803345,0.7729523777961731,0.47138452529907227,
adult,half,0.2,10,30,False,awd,online,,0.7769523859024048,1.8925696329970378,0.7164444327354431,0.16581825852394103,1.1083698272705078,0.9104762077331543,0.20320452749729156,
adult,half,0.2,10,30,False,swd,online,,0.777904748916626,1.9732536429946776,0.7088888883590698,0.148291986922423,0.9242369532585144,0.8920000195503235,0.24048684537410736,
adult,half,0.2,10,30,False,cwd,online,,0.7748571634292603,2.107692812991445,0.7415555715560913,0.053269990179273814,0.6334726810455322,0.8295238018035889,0.36480218172073364,
adult,half,0.2,11,30,False,none,online,,0.7980952262878418,1.772589042011532,0.7304444313049316,0.1450703976286782,1.1580661535263062,0.907619059085846,0.21072518825531006,0.0
adult,half,0.2,11,30,False,fixed1,online,,0.8356190323829651,1.7663869719981449,0.79666668176651,0.045110066089365214,0.4718138575553894,0.7725714445114136,0.4626777768135071,7.481227460543817
adult,half,0.2,11,30,False,ctrlA,online,,0.8201904892921448,1.8061564989911858,0.7753333449363708,0.026911911156442432,0.5757974982261658,0.805904746055603,0.4099249839782715,4.454723341522592
adult,half,0.2,11,30,False,ctrlB,online,,0.8453333377838135,1.8846564940031385,0.8148888945579529,0.0708146585755878,0.4533982276916504,0.7559999823570251,0.4939698278903961,8.9641761333641
adult,half,0.2,11,30,False,adadecay,online,,0.8380952477455139,2.5549950420099776,0.8042222261428833,0.044825032684538094,0.4831860363483429,0.7822856903076172,0.45482659339904785,
adult,half,0.2,11,30,False,awd,online,,0.7979047894477844,1.9284254019876244,0.734666645526886,0.13593695077631207,1.1586370468139648,0.9066666960716248,0.21893738210201263,
adult,half,0.2,11,30,False,swd,online,,0.8003809452056885,1.8883954119955888,0.7275555729866028,0.1270321344402101,0.9873269200325012,0.8977142572402954,0.2392520159482956,
adult,half,0.2,11,30,False,cwd,online,,0.8234285712242126,1.9758630940050352,0.765999972820282,0.045705269959237835,0.5792357921600342,0.8407618999481201,0.356796532869339,
adult,half,0.2,12,30,False,none,online,,0.7624762058258057,1.6720812389976345,0.7004444599151611,0.1736153362327152,1.1223963499069214,0.9068571329116821,0.21025291085243225,0.0
adult,half,0.2,12,30,False,fixed1,online,,0.8133333325386047,1.6815429830021458,0.7906666398048401,0.06853826430108811,0.5064932107925415,0.7599999904632568,0.4885866343975067,7.481227460543817
adult,half,0.2,12,30,False,ctrlA,online,,0.798285722732544,1.7485433660040144,0.77311110496521,0.0343353853755527,0.5127415657043457,0.7853333353996277,0.4448077082633972,4.798426756595491
adult,half,0.2,12,30,False,ctrlB,online,,0.8165714144706726,1.7156347290001577,0.7993333339691162,0.08366855841212802,0.4831464886665344,0.7419047355651855,0.5210142135620117,9.411234008647288
adult,half,0.2,12,30,False,adadecay,online,,0.8236190676689148,2.5885766280116513,0.7997778058052063,0.049534999277856616,0.5291270017623901,0.7668571472167969,0.4801768362522125,
adult,half,0.2,12,30,False,awd,online,,0.7647619247436523,1.9003184299945133,0.6997777819633484,0.17590550978978475,1.0763370990753174,0.9060952663421631,0.21014127135276794,
adult,half,0.2,12,30,False,swd,online,,0.7714285850524902,1.9092793169984361,0.7200000286102295,0.1360615137418111,0.8920701146125793,0.8876190185546875,0.24930787086486816,
adult,half,0.2,12,30,False,cwd,online,,0.7944762110710144,2.104840960004367,0.7613333463668823,0.04873251967959934,0.5721976161003113,0.828761875629425,0.36654970049858093,
adult,half,0.2,13,30,False,none,online,,0.7889524102210999,1.8638642600126332,0.7139999866485596,0.17375042119291095,1.1417497396469116,0.9079999923706055,0.20852692425251007,0.0
adult,half,0.2,13,30,False,fixed1,online,,0.8243809342384338,1.8473714239953551,0.7940000295639038,0.0680828700595432,0.4910208284854889,0.7624762058258057,0.4824354946613312,7.481227460543817
adult,half,0.2,13,30,False,ctrlA,online,,0.8055238127708435,1.7783969800075283,0.7713333368301392,0.040556317872471284,0.5299362540245056,0.804190456867218,0.4223586916923523,4.389131477214903
adult,half,0.2,13,30,False,ctrlB,online,,0.8342857360839844,1.7982687640032964,0.808222234249115,0.08413369219832949,0.4749349057674408,0.7487618923187256,0.5146000981330872,9.38563474311541
adult,half,0.2,13,30,False,adadecay,online,,0.8243809342384338,2.6290633140015416,0.7933333516120911,0.0678800202343199,0.5572664141654968,0.7552381157875061,0.4906091094017029,
adult,half,0.2,13,30,False,awd,online,,0.789904773235321,1.9981474430096569,0.7133333086967468,0.16485324145687952,1.0864589214324951,0.9047619104385376,0.20757512748241425,
adult,half,0.2,13,30,False,swd,online,,0.7838095426559448,1.89773872900696,0.7066666483879089,0.15119127433829838,0.984585702419281,0.8952381014823914,0.247334823012352,
adult,half,0.2,13,30,False,cwd,online,,0.7788571715354919,2.154585650001536,0.7237777709960938,0.0610152587890625,0.6432359218597412,0.8304761648178101,0.36821112036705017,
adult,half,0.2,14,30,False,none,online,,0.7765714526176453,1.7702051719970768,0.7048888802528381,0.16405151413546668,1.249281406402588,0.8965714573860168,0.21744170784950256,0.0
adult,half,0.2,14,30,False,fixed1,online,,0.828000009059906,1.8616003619972616,0.7879999876022339,0.0444260381327735,0.513694703578949,0.7662857174873352,0.48176121711730957,7.481227460543817
adult,half,0.2,14,30,False,ctrlA,online,,0.8220952153205872,1.7993597280001268,0.7766666412353516,0.02556679337554508,0.5205215215682983,0.7980952262878418,0.4312842786312103,4.5801974549401425
adult,half,0.2,14,30,False,ctrlB,online,,0.8295238018035889,1.8092942380026216,0.7873333096504211,0.06123121829165352,0.49144694209098816,0.7468571662902832,0.5155867338180542,9.626289447611828
adult,half,0.2,14,30,False,adadecay,online,,0.8192380666732788,2.599542609998025,0.7868888974189758,0.06069905698961682,0.5331831574440002,0.760952353477478,0.4819638729095459,
adult,half,0.2,14,30,False,awd,online,,0.7822856903076172,1.8706909110042034,0.723111093044281,0.1504842946661843,1.1008920669555664,0.9038095474243164,0.22327393293380737,
adult,half,0.2,14,30,False,swd,online,,0.7860952615737915,1.948316951005836,0.7297777533531189,0.13289463596873813,0.8635724782943726,0.8859047889709473,0.2538507878780365,
adult,half,0.2,14,30,False,cwd,online,,0.8026666641235352,2.124974024001858,0.7522222399711609,0.04520860621664259,0.5802585482597351,0.8148571252822876,0.38854268193244934,
bank,full,0.0,10,30,False,none,online,,0.9726666808128357,1.7317821010074113,0.8888888955116272,0.06965516801012886,0.39158380031585693,0.9726666808128357,0.07553447782993317,0.0
bank,full,0.0,10,30,False,fixed1,online,,0.9233333468437195,1.741793894994771,0.9011111259460449,0.015373044808705646,0.2220200002193451,0.9233333468437195,0.18110615015029907,7.481227460543817
bank,full,0.0,10,30,False,ctrlA,online,,0.9369523525238037,1.697174143002485,0.8986666798591614,0.035698641591601896,0.24820418655872345,0.9369523525238037,0.14996615052223206,2.7205841806777067
bank,full,0.0,10,30,False,ctrlB,online,,0.9145714044570923,1.7086594980064547,0.9037777781486511,0.010022867374949986,0.22006236016750336,0.9145714044570923,0.19683273136615753,10.475994056457465
bank,full,0.0,10,30,False,adadecay,online,,0.925428569316864,2.5429603320080787,0.8995555639266968,0.02472331564956241,0.2301885038614273,0.925428569316864,0.1749534159898758,
bank,full,0.0,10,30,False,awd,online,,0.9726666808128357,1.8332685259956634,0.8888888955116272,0.07130585860543781,0.40747591853141785,0.9726666808128357,0.07193559408187866,
bank,full,0.0,10,30,False,swd,online,,0.9633333086967468,1.8310339269955875,0.8857777714729309,0.05917858551608192,0.33941832184791565,0.9633333086967468,0.09885232895612717,
bank,full,0.0,10,30,False,cwd,online,,0.9347618818283081,1.9881034870049916,0.8957777619361877,0.030971023029751247,0.24558953940868378,0.9347618818283081,0.15364234149456024,
bank,full,0.0,11,30,False,none,online,,0.9660000205039978,1.6423490439919988,0.8804444670677185,0.0731226188076867,0.40501874685287476,0.9660000205039978,0.08830461651086807,0.0
bank,full,0.0,11,30,False,fixed1,online,,0.9200952649116516,1.6568165000062436,0.902222216129303,0.013306817650794982,0.21697606146335602,0.9200952649116516,0.18812859058380127,7.481227460543817
bank,full,0.0,11,30,False,ctrlA,online,,0.942476212978363,1.6703363339911448,0.895111083984375,0.03281187359491984,0.23892195522785187,0.942476212978363,0.14654676616191864,2.7775205999243564
bank,full,0.0,11,30,False,ctrlB,online,,0.9182857275009155,1.7945829999953276,0.9017778038978577,0.016098148306210838,0.21628330647945404,0.9182857275009155,0.19743230938911438,10.725890434844965
bank,full,0.0,11,30,False,adadecay,online,,0.927047610282898,2.507477838997147,0.8975555300712585,0.014460452708933088,0.22037416696548462,0.927047610282898,0.1777312159538269,
bank,full,0.0,11,30,False,awd,online,,0.9691428542137146,1.8061015000130283,0.8893333077430725,0.06646194260650211,0.3848741948604584,0.9691428542137146,0.08144214004278183,
bank,full,0.0,11,30,False,swd,online,,0.9612380862236023,1.8760496019967832,0.8886666893959045,0.05617188583479987,0.30543777346611023,0.9612380862236023,0.10859128832817078,
bank,full,0.0,11,30,False,cwd,online,,0.939047634601593,1.9082657700055279,0.8937777876853943,0.023901529841952852,0.23485270142555237,0.939047634601593,0.15144458413124084,
bank,full,0.0,12,30,False,none,online,,0.9708571434020996,1.6350170369987609,0.8882222175598145,0.06786679969893561,0.40705054998397827,0.9708571434020996,0.0800202339887619,0.0
bank,full,0.0,12,30,False,fixed1,online,,0.9208571314811707,1.6608255530009046,0.9013333320617676,0.014537329289648267,0.2208542674779892,0.9208571314811707,0.1828473061323166,7.481227460543817
bank,full,0.0,12,30,False,ctrlA,online,,0.9374285936355591,1.696645204006927,0.9002222418785095,0.02742794711059994,0.2369001805782318,0.9374285936355591,0.15079550445079803,2.7388717066582227
bank,full,0.0,12,30,False,ctrlB,online,,0.9199047684669495,1.6320691279979656,0.9017778038978577,0.0094283549785614,0.2176089584827423,0.9199047684669495,0.1890617161989212,8.141637482479323
bank,full,0.0,12,30,False,adadecay,online,,0.9253333210945129,2.453390743001364,0.9011111259460449,0.017376696427663166,0.21858933568000793,0.9253333210945129,0.17679044604301453,
bank,full,0.0,12,30,False,awd,online,,0.9676190614700317,1.792917173996102,0.8859999775886536,0.0664851092894872,0.40062010288238525,0.9676190614700317,0.0841289833188057,
bank,full,0.0,12,30,False,swd,online,,0.9598095417022705,1.835347674001241,0.8913333415985107,0.05689727010991838,0.31961679458618164,0.9598095417022705,0.1027681827545166,
bank,full,0.0,12,30,False,cwd,online,,0.9357143044471741,2.0224776520044543,0.8993333578109741,0.026003096964624193,0.23250867426395416,0.9357143044471741,0.1521938294172287,
bank,full,0.0,13,30,False,none,online,,0.9719047546386719,1.6189790859934874,0.8911111354827881,0.06340103552738825,0.38033241033554077,0.9719047546386719,0.07794652134180069,0.0
bank,full,0.0,13,30,False,fixed1,online,,0.9190475940704346,1.721484273992246,0.9020000100135803,0.018765749759144253,0.21771487593650818,0.9190475940704346,0.1849944144487381,7.481227460543817
bank,full,0.0,13,30,False,ctrlA,online,,0.9374285936355591,1.6866913879930507,0.9042222499847412,0.03743225223488278,0.23780404031276703,0.9374285936355591,0.15038451552391052,2.8317452829948118
bank,full,0.0,13,30,False,ctrlB,online,,0.9115238189697266,1.724281765986234,0.9073333144187927,0.010601494444741143,0.215297132730484,0.9115238189697266,0.19683384895324707,10.995661490212568
bank,full,0.0,13,30,False,adadecay,online,,0.9263809323310852,2.517617618999793,0.9026666879653931,0.016913510984844633,0.21627815067768097,0.9263809323310852,0.178495854139328,
bank,full,0.0,13,30,False,awd,online,,0.9714285731315613,1.7438280529895565,0.8939999938011169,0.06224401756127676,0.36722007393836975,0.9714285731315613,0.0779416635632515,
bank,full,0.0,13,30,False,swd,online,,0.9617142677307129,1.737276860003476,0.8986666798591614,0.05446442724598778,0.3135424554347992,0.9617142677307129,0.10200057178735733,
bank,full,0.0,13,30,False,cwd,online,,0.9345714449882507,1.9150435109913815,0.8980000019073486,0.03418976447317335,0.23896066844463348,0.9345714449882507,0.15412724018096924,
bank,full,0.0,14,30,False,none,online,,0.9692381024360657,1.580282516006264,0.8853333592414856,0.0692727521194352,0.3824435770511627,0.9692381024360657,0.08296459913253784,0.0
bank,full,0.0,14,30,False,fixed1,online,,0.9211428761482239,1.6015295319957659,0.9084444642066956,0.017223728630277844,0.21681413054466248,0.9211428761482239,0.17999182641506195,7.481227460543817
bank,full,0.0,14,30,False,ctrlA,online,,0.9391428828239441,1.638391814994975,0.8991110920906067,0.02842334081729253,0.232073113322258,0.9391428828239441,0.1488039344549179,2.8060224237390687
bank,full,0.0,14,30,False,ctrlB,online,,0.9120000004768372,1.6407640510005876,0.9044444561004639,0.017257714920573763,0.21579697728157043,0.9120000004768372,0.19395433366298676,11.460721585685564
bank,full,0.0,14,30,False,adadecay,online,,0.9193333387374878,2.4475159109861124,0.9044444561004639,0.02660830917623308,0.22504712641239166,0.9193333387374878,0.1816241592168808,
bank,full,0.0,14,30,False,awd,online,,0.9698095321655273,1.727636118986993,0.8844444155693054,0.07460568154520458,0.40517133474349976,0.9698095321655273,0.07735581696033478,
bank,full,0.0,14,30,False,swd,online,,0.9642857313156128,1.7135851139901206,0.8991110920906067,0.05108572277757857,0.30388474464416504,0.9642857313156128,0.09700153768062592,
bank,full,0.0,14,30,False,cwd,online,,0.9362857341766357,1.958559635997517,0.8982222080230713,0.029941725744141473,0.24121682345867157,0.9362857341766357,0.15239880979061127,
bank,full,0.2,10,30,False,none,online,,0.8640000224113464,1.6216247510019457,0.8222222328186035,0.05665917905171712,0.49189481139183044,0.8299999833106995,0.3823256492614746,0.0
bank,full,0.2,10,30,False,fixed1,online,,0.9088571667671204,1.570869549002964,0.8966666460037231,0.138859149840143,0.34145280718803406,0.755047619342804,0.5346553921699524,7.481227460543817
bank,full,0.2,10,30,False,ctrlA,online,,0.9072380661964417,1.5645460380037548,0.8893333077430725,0.11080911506546869,0.346292644739151,0.7759047746658325,0.4968627691268921,3.014794900390508
bank,full,0.2,10,30,False,ctrlB,online,,0.907619059085846,1.584311072001583,0.8968889117240906,0.12931965075598825,0.33762219548225403,0.7614285945892334,0.5235452651977539,4.8505000097866775
bank,full,0.2,10,30,False,adadecay,online,,0.9043809771537781,2.3500542309921,0.8948888778686523,0.1108690345287323,0.3262275159358978,0.7616190314292908,0.5293520092964172,
bank,full,0.2,10,30,False,awd,online,,0.8848571181297302,1.6317885650059907,0.8402222394943237,0.05992673848734961,0.46913743019104004,0.834857165813446,0.37871408462524414,
bank,full,0.2,10,30,False,swd,online,,0.8880952596664429,1.7309353389864555,0.8508889079093933,0.06276218615637885,0.41117218136787415,0.8133333325386047,0.41851019859313965,
bank,full,0.2,10,30,False,cwd,online,,0.9023809432983398,1.8352272799966158,0.8842222094535828,0.0949452097415924,0.3474777340888977,0.7746666669845581,0.49783241748809814,
bank,full,0.2,11,30,False,none,online,,0.8689523935317993,1.4885058310028398,0.8293333053588867,0.06382276429070367,0.5026177763938904,0.8326666951179504,0.39162859320640564,0.0
bank,full,0.2,11,30,False,fixed1,online,,0.9003809690475464,1.5106577090045903,0.895111083984375,0.14585947481791178,0.34942132234573364,0.7618095278739929,0.527256190776825,7.481227460543817
bank,full,0.2,11,30,False,ctrlA,online,,0.8803809285163879,1.500613953001448,0.8586666584014893,0.10295482072565292,0.38845399022102356,0.7799047827720642,0.49728167057037354,2.7969563746514345
bank,full,0.2,11,30,False,ctrlB,online,,0.899238109588623,1.5093271989899222,0.8866666555404663,0.13017278767956628,0.35792121291160583,0.7705714106559753,0.5158457159996033,4.78738154939775
bank,full,0.2,11,30,False,adadecay,online,,0.8981904983520508,2.2635553480067756,0.8884444236755371,0.13215748427973853,0.3636949360370636,0.7689523696899414,0.5168007016181946,
bank,full,0.2,11,30,False,awd,online,,0.8672381043434143,1.6338612489926163,0.8224444389343262,0.05796768101718691,0.4973256289958954,0.8309524059295654,0.39082422852516174,
bank,full,0.2,11,30,False,swd,online,,0.8714285492897034,1.6498002789885504,0.8366666436195374,0.06044379654195573,0.4364873170852661,0.8183809518814087,0.42307960987091064,
bank,full,0.2,11,30,False,cwd,online,,0.9005714058876038,1.8052519749908242,0.8837777972221375,0.12524733331468368,0.36874687671661377,0.7810476422309875,0.4972394108772278,
bank,full,0.2,12,30,False,none,online,,0.8621904850006104,1.6610925470013171,0.8253333568572998,0.06266079245673285,0.4785141050815582,0.8259999752044678,0.3988654613494873,0.0
bank,full,0.2,12,30,False,fixed1,online,,0.9017142653465271,1.5404809119936544,0.897777795791626,0.17562307863765286,0.38916677236557007,0.7527619004249573,0.5426551699638367,7.481227460543817
bank,full,0.2,12,30,False,ctrlA,online,,0.905047595500946,1.4878765769972233,0.8857777714729309,0.13122456883059608,0.3704325556755066,0.773809552192688,0.5024172067642212,2.903613905599612
bank,full,0.2,12,30,False,ctrlB,online,,0.9031428694725037,1.4981316630000947,0.8908888697624207,0.16768503373199042,0.3899753987789154,0.7602857351303101,0.5330070853233337,4.971220434423678
bank,full,0.2,12,30,False,adadecay,online,,0.9013333320617676,2.248392891997355,0.894444465637207,0.16082489988538953,0.3905819356441498,0.7628571391105652,0.5328660607337952,
bank,full,0.2,12,30,False,awd,online,,0.8619999885559082,1.6078547710058047,0.8306666612625122,0.07520871828662025,0.4860851764678955,0.8284761905670166,0.3939759433269501,
bank,full,0.2,12,30,False,swd,online,,0.8759999871253967,1.6565182990016183,0.8473333120346069,0.07103151871098412,0.41798755526542664,0.8127619028091431,0.42744070291519165,
bank,full,0.2,12,30,False,cwd,online,,0.9007619023323059,1.7405134940054268,0.882888913154602,0.12940708482265473,0.38557466864585876,0.7756190299987793,0.5013450384140015,
bank,full,0.2,13,30,False,none,online,,0.8846666812896729,1.5192039130051853,0.8460000157356262,0.04620282873842451,0.4263491630554199,0.8277142643928528,0.3922918438911438,0.0
bank,full,0.2,13,30,False,fixed1,online,,0.9061904549598694,1.5440712319978047,0.898888885974884,0.12115867955154844,0.32560741901397705,0.7560952305793762,0.5343591570854187,7.481227460543817
bank,full,0.2,13,30,False,ctrlA,online,,0.909428596496582,1.5800165580003522,0.8933333158493042,0.09797414538595413,0.32791149616241455,0.7789523601531982,0.49487555027008057,2.8531841184377633
bank,full,0.2,13,30,False,ctrlB,online,,0.9057142734527588,1.5509704389987746,0.8991110920906067,0.12187431479824914,0.32530710101127625,0.7575238347053528,0.5293694734573364,5.396372751144625
bank,full,0.2,13,30,False,adadecay,online,,0.9064761996269226,2.3415594120015157,0.8957777619361877,0.10679784574111303,0.3208012878894806,0.7611428499221802,0.5263632535934448,
bank,full,0.2,13,30,False,awd,online,,0.883904755115509,1.6668240019935183,0.8491111397743225,0.05544014080365499,0.44034674763679504,0.8282856941223145,0.3953424394130707,
bank,full,0.2,13,30,False,swd,online,,0.8970476388931274,1.7508190480002668,0.8713333606719971,0.07173304072353574,0.372379332780838,0.8113333582878113,0.4244694113731384,
bank,full,0.2,13,30,False,cwd,online,,0.9059047698974609,1.833820318992366,0.8846666812896729,0.08716839113500383,0.32943278551101685,0.777904748916626,0.4961515963077545,
bank,full,0.2,14,30,False,none,online,,0.8867619037628174,1.5363270560046658,0.8428888916969299,0.07015196282333798,0.46082639694213867,0.8207619190216064,0.4034518301486969,0.0
bank,full,0.2,14,30,False,fixed1,online,,0.9035238027572632,1.5088306079996983,0.8946666717529297,0.13640939879417419,0.3498144745826721,0.7489523887634277,0.5455784201622009,7.481227460543817
bank,full,0.2,14,30,False,ctrlA,online,,0.9068571329116821,1.5430407740059309,0.8866666555404663,0.11295504003100924,0.36593344807624817,0.7719047665596008,0.5049018263816833,2.8663164216444543
bank,full,0.2,14,30,False,ctrlB,online,,0.9058095216751099,1.5499576749862172,0.890666663646698,0.13174747544527055,0.35471028089523315,0.7611428499221802,0.5283980965614319,4.785375543393979
bank,full,0.2,14,30,False,adadecay,online,,0.9020952582359314,2.255898684001295,0.8875555396080017,0.12739013053311243,0.3568264842033386,0.7593333125114441,0.5361824035644531,
bank,full,0.2,14,30,False,awd,online,,0.8863809704780579,1.6251231729984283,0.8517777919769287,0.06965868892934587,0.4431167244911194,0.8215237855911255,0.39984506368637085,
bank,full,0.2,14,30,False,swd,online,,0.8893333077430725,1.7074973520066123,0.8673333525657654,0.09019989278581407,0.4068138599395752,0.8029524087905884,0.43821316957473755,
bank,full,0.2,14,30,False,cwd,online,,0.9075238108634949,1.8274790269933874,0.8853333592414856,0.1000094592968623,0.35779982805252075,0.7729523777961731,0.504741370677948,
bank,half,0.0,10,30,False,none,online,,0.9944761991500854,1.4610442840057658,0.870888888835907,0.10767806596226163,0.9228015542030334,0.9944761991500854,0.017712127417325974,0.0
bank,half,0.0,10,30,False,fixed1,online,,0.94990473985672,1.4938339929940412,0.8895555734634399,0.04675888186030917,0.2768160402774811,0.94990473985672,0.13102251291275024,7.481227460543817
bank,half,0.0,10,30,False,ctrlA,online,,0.9620952606201172,1.5422419990063645,0.8926666378974915,0.06146788018279606,0.3282723128795624,0.9620952606201172,0.10164599865674973,3.5814648514301464
bank,half,0.0,10,30,False,ctrlB,online,,0.9295238256454468,1.5232710410055006,0.8953333497047424,0.023039422737227547,0.23698790371418,0.9295238256454468,0.16946855187416077,13.376086255258587
bank,half,0.0,10,30,False,adadecay,online,,0.9468571543693542,2.3246630470093805,0.8893333077430725,0.05160787454578612,0.290859580039978,0.9468571543693542,0.13319562375545502,
bank,half,0.0,10,30,False,awd,online,,0.9927619099617004,1.6281765700114192,0.8848888874053955,0.09681199481752184,0.875552237033844,0.9927619099617004,0.018099168315529823,
bank,half,0.0,10,30,False,swd,online,,0.9874285459518433,1.6529092709970428,0.8902222514152527,0.08553435404433145,0.6658492088317871,0.9874285459518433,0.03423198685050011,
bank,half,0.0,10,30,False,cwd,online,,0.9596190452575684,1.7532800810004119,0.8891111016273499,0.06433203734291924,0.35309621691703796,0.9596190452575684,0.09641163051128387,
bank,half,0.0,11,30,False,none,online,,0.9939047694206238,1.4570842320099473,0.8859999775886536,0.09142740358908971,0.7231648564338684,0.9939047694206238,0.019330548122525215,0.0
bank,half,0.0,11,30,False,fixed1,online,,0.948190450668335,1.4949262459995225,0.895111083984375,0.03604894590377807,0.2556871473789215,0.948190450668335,0.1356157809495926,7.481227460543817
bank,half,0.0,11,30,False,ctrlA,online,,0.9609524011611938,1.5387782269972377,0.8864444494247437,0.0552188775671853,0.2989974617958069,0.9609524011611938,0.10636724531650543,3.6446937106537174
bank,half,0.0,11,30,False,ctrlB,online,,0.9299047589302063,1.597805804995005,0.8980000019073486,0.015657589303122627,0.23103640973567963,0.9299047589302063,0.1765691041946411,13.603953182964219
bank,half,0.0,11,30,False,adadecay,online,,0.9472380876541138,2.300389718991937,0.8957777619361877,0.04039446959230635,0.2689168155193329,0.9472380876541138,0.13185706734657288,
bank,half,0.0,11,30,False,awd,online,,0.9929524064064026,1.6694037419947563,0.8882222175598145,0.08915449041790433,0.7717970609664917,0.9929524064064026,0.020310621708631516,
bank,half,0.0,11,30,False,swd,online,,0.9923809766769409,1.7448225609987276,0.8844444155693054,0.08456795134809282,0.5573878288269043,0.9923809766769409,0.029756417497992516,
bank,half,0.0,11,30,False,cwd,online,,0.9638095498085022,1.8306369049969362,0.891777753829956,0.06315075157748329,0.33847981691360474,0.9638095498085022,0.09704694896936417,
bank,half,0.0,12,30,False,none,online,,0.9860952496528625,1.525784809011384,0.8882222175598145,0.0926334342956543,0.8052518963813782,0.9860952496528625,0.045586809515953064,0.0
bank,half,0.0,12,30,False,fixed1,online,,0.9426666498184204,1.5077133079903433,0.8975555300712585,0.03366633571518792,0.24470283091068268,0.9426666498184204,0.1444479078054428,7.481227460543817
bank,half,0.0,12,30,False,ctrlA,online,,0.9607619047164917,1.5140014060016256,0.8884444236755371,0.05429112370146645,0.2990615665912628,0.9607619047164917,0.10521712154150009,3.525562439418904
bank,half,0.0,12,30,False,ctrlB,online,,0.9279999732971191,1.6167665560060414,0.8964444398880005,0.02084259205394321,0.23094502091407776,0.9279999732971191,0.1798037886619568,13.938573105615703
bank,half,0.0,12,30,False,adadecay,online,,0.9468571543693542,2.313093946999288,0.8960000276565552,0.03981470056374868,0.2675672173500061,0.9468571543693542,0.13941700756549835,
bank,half,0.0,12,30,False,awd,online,,0.9925714135169983,1.6816091630025767,0.8788889050483704,0.09763665669494205,0.817072331905365,0.9925714135169983,0.02214295044541359,
bank,half,0.0,12,30,False,swd,online,,0.984000027179718,1.6887556099973153,0.8848888874053955,0.08701982344521417,0.6063607931137085,0.984000027179718,0.04969239979982376,
bank,half,0.0,12,30,False,cwd,online,,0.9588571190834045,1.8703475799993612,0.8857777714729309,0.059175969415240816,0.3244764804840088,0.9588571190834045,0.10305777192115784,
bank,half,0.0,13,30,False,none,online,,0.9927619099617004,1.5152726969972719,0.8853333592414856,0.09507264837953779,0.7552135586738586,0.9927619099617004,0.022152068093419075,0.0
bank,half,0.0,13,30,False,fixed1,online,,0.9445714354515076,1.5174627300002612,0.9013333320617676,0.037333948016166685,0.24113215506076813,0.9445714354515076,0.13238146901130676,7.481227460543817
bank,half,0.0,13,30,False,ctrlA,online,,0.9668571352958679,1.5551904829917476,0.8955555558204651,0.05273079130384657,0.2939196527004242,0.9668571352958679,0.09340152144432068,3.450375048379934
bank,half,0.0,13,30,False,ctrlB,online,,0.9272381067276001,1.571247839005082,0.902222216129303,0.01813918532265557,0.22506926953792572,0.9272381067276001,0.17202645540237427,14.494003039050943
bank,half,0.0,13,30,False,adadecay,online,,0.9508571624755859,2.3051940479927,0.8975555300712585,0.04149208499325646,0.2515864968299866,0.9508571624755859,0.12507003545761108,
bank,half,0.0,13,30,False,awd,online,,0.9921904802322388,1.6526296289957827,0.8811110854148865,0.09634684439500171,0.7758438587188721,0.9921904802322388,0.02196907252073288,
bank,half,0.0,13,30,False,swd,online,,0.9919999837875366,1.701329142000759,0.8840000033378601,0.08930384157763588,0.5814229249954224,0.9919999837875366,0.025967441499233246,
bank,half,0.0,13,30,False,cwd,online,,0.9708571434020996,1.9115744429873303,0.8915555477142334,0.06506413558456633,0.3218974769115448,0.9708571434020996,0.08144721388816833,
bank,half,0.0,14,30,False,none,online,,0.9939047694206238,1.5928083050093846,0.8806666731834412,0.09784173967440922,0.8703513145446777,0.9939047694206238,0.01840572990477085,0.0
bank,half,0.0,14,30,False,fixed1,online,,0.9480000138282776,1.540888289004215,0.8953333497047424,0.04119013404846192,0.26410624384880066,0.9480000138282776,0.13511709868907928,7.481227460543817
bank,half,0.0,14,30,False,ctrlA,online,,0.9605714082717896,1.5474279969930649,0.891777753829956,0.05661859795782301,0.31651121377944946,0.9605714082717896,0.10522651672363281,3.616752198732326
bank,half,0.0,14,30,False,ctrlB,online,,0.9306666851043701,1.541253635994508,0.8964444398880005,0.023041738205485874,0.23479652404785156,0.9306666851043701,0.1733737587928772,13.61581823333516
bank,half,0.0,14,30,False,adadecay,online,,0.9512380957603455,2.3653143560077297,0.8913333415985107,0.04600795067681207,0.2721899449825287,0.9512380957603455,0.125009685754776,
bank,half,0.0,14,30,False,awd,online,,0.9942857027053833,1.6880062450072728,0.8882222175598145,0.0902411394516627,0.8435704708099365,0.9942857027053833,0.01629997417330742,
bank,half,0.0,14,30,False,swd,online,,0.9767618775367737,1.7672080820047995,0.8857777714729309,0.08695714745256636,0.6177685260772705,0.9767618775367737,0.054721418768167496,
bank,half,0.0,14,30,False,cwd,online,,0.9674285650253296,1.8644426370010478,0.8884444236755371,0.06463936650753022,0.3480722904205322,0.9674285650253296,0.08729083836078644,
bank,half,0.2,10,30,False,none,online,,0.8308571577072144,1.5493459130084375,0.7737777829170227,0.1258893701500363,0.8919195532798767,0.9232380986213684,0.18104080855846405,0.0
bank,half,0.2,10,30,False,fixed1,online,,0.9030476212501526,1.5081522050022613,0.8748888969421387,0.09162562007374235,0.35641950368881226,0.7870476245880127,0.47530725598335266,7.481227460543817
bank,half,0.2,10,30,False,ctrlA,online,,0.9051428437232971,1.5023966860026121,0.867111086845398,0.06556575188371871,0.3704985976219177,0.8081904649734497,0.41894641518592834,4.102244168502315
bank,half,0.2,10,30,False,ctrlB,online,,0.9007619023323059,1.5269785239943303,0.8773333430290222,0.12034684827592639,0.3661305606365204,0.7725714445114136,0.5031470656394958,8.214122008788484
bank,half,0.2,10,30,False,adadecay,online,,0.9078094959259033,2.30626211600611,0.8766666650772095,0.07389954578876497,0.35824838280677795,0.7929523587226868,0.4601896405220032,
bank,half,0.2,10,30,False,awd,online,,0.8304761648178101,1.6097968819958623,0.7699999809265137,0.1275215678744846,0.9021889567375183,0.918666660785675,0.1952701359987259,
bank,half,0.2,10,30,False,swd,online,,0.8339047431945801,1.7781104399909964,0.7751111388206482,0.1095403045548333,0.763119637966156,0.9140952229499817,0.2064317762851715,
bank,half,0.2,10,30,False,cwd,online,,0.8908571600914001,1.8455078630067874,0.8473333120346069,0.04351597424348195,0.41077250242233276,0.8350476026535034,0.36188197135925293,
bank,half,0.2,11,30,False,none,online,,0.8380952477455139,1.5179929269943386,0.7755555510520935,0.1263879718515608,1.020519733428955,0.930476188659668,0.1742256134748459,0.0
bank,half,0.2,11,30,False,fixed1,online,,0.8929523825645447,1.5179147890012246,0.8662222027778625,0.08106156117386287,0.3586895763874054,0.805904746055603,0.4526863694190979,7.481227460543817
bank,half,0.2,11,30,False,ctrlA,online,,0.8948571681976318,1.5417430880042957,0.8579999804496765,0.03732574885421329,0.3587382733821869,0.8272380828857422,0.40196171402931213,4.196352195767356
bank,half,0.2,11,30,False,ctrlB,online,,0.888952374458313,1.537074316991493,0.8722222447395325,0.10463607817225985,0.3636307418346405,0.7893333435058594,0.4801020622253418,8.481827507615751
bank,half,0.2,11,30,False,adadecay,online,,0.8870476484298706,2.3093177010014188,0.863111138343811,0.05823651104503207,0.36210379004478455,0.8110476136207581,0.4286949336528778,
bank,half,0.2,11,30,False,awd,online,,0.8500952124595642,1.6323680429923115,0.7953333258628845,0.12224851405620574,0.9519374966621399,0.9264761805534363,0.18183866143226624,
bank,half,0.2,11,30,False,swd,online,,0.8535237908363342,1.7095693580049556,0.7971110939979553,0.10241776735252806,0.7361829280853271,0.916190505027771,0.2084955871105194,
bank,half,0.2,11,30,False,cwd,online,,0.874666690826416,1.8447833829995943,0.832444429397583,0.03246426618099213,0.4414199888706207,0.8535237908363342,0.3419817388057709,
bank,half,0.2,12,30,False,none,online,,0.807619035243988,1.6277356169885024,0.7553333044052124,0.1298184252050188,0.9313622117042542,0.9165714383125305,0.20030000805854797,0.0
bank,half,0.2,12,30,False,fixed1,online,,0.8801904916763306,1.6174710400082404,0.8726666569709778,0.11843018342389003,0.38571009039878845,0.7841904759407043,0.4880385398864746,7.481227460543817
bank,half,0.2,12,30,False,ctrlA,online,,0.8725714087486267,1.5463479309983086,0.8517777919769287,0.08920490805308023,0.4126710593700409,0.8173333406448364,0.42563679814338684,4.293059781904721
bank,half,0.2,12,30,False,ctrlB,online,,0.8866666555404663,1.5454856210126309,0.8788889050483704,0.12109814790884653,0.37773770093917847,0.7712380886077881,0.5019933581352234,7.880672559249366
bank,half,0.2,12,30,False,adadecay,online,,0.8756190538406372,2.249300185008906,0.8482221961021423,0.09603060658772786,0.42125606536865234,0.7929523587226868,0.4642459452152252,
bank,half,0.2,12,30,False,awd,online,,0.8129523992538452,1.5992752260062844,0.7611111402511597,0.12341625540124045,0.8986952900886536,0.9188571572303772,0.20233631134033203,
bank,half,0.2,12,30,False,swd,online,,0.8116190433502197,1.7035578430077294,0.765333354473114,0.09962906915611691,0.771729052066803,0.908380925655365,0.22555877268314362,
bank,half,0.2,12,30,False,cwd,online,,0.8407618999481201,1.8241572489932878,0.8024444580078125,0.05383627551131778,0.4997618794441223,0.8479999899864197,0.37008875608444214,
bank,half,0.2,13,30,False,none,online,,0.8399999737739563,1.4767254170001252,0.7820000052452087,0.11866865372657777,0.8791103959083557,0.9278095364570618,0.18831051886081696,0.0
bank,half,0.2,13,30,False,fixed1,online,,0.8937143087387085,1.4849005579890218,0.8704444169998169,0.11456634875138602,0.38837799429893494,0.7933333516120911,0.4733310043811798,7.481227460543817
bank,half,0.2,13,30,False,ctrlA,online,,0.869523823261261,1.663534687992069,0.8273333311080933,0.0642946110566457,0.4411408603191376,0.8259047865867615,0.4113406240940094,4.016235543753399
bank,half,0.2,13,30,False,ctrlB,online,,0.8961904644966125,1.6795371940097539,0.8717777729034424,0.1410912730296453,0.39513593912124634,0.7836190462112427,0.4957399070262909,8.524319432078915
bank,half,0.2,13,30,False,adadecay,online,,0.8841904997825623,2.2438855999935186,0.8524444699287415,0.09453993826442293,0.41108909249305725,0.8165714144706726,0.4343612790107727,
bank,half,0.2,13,30,False,awd,online,,0.8182857036590576,1.6094726880110102,0.7733333110809326,0.12339913909965092,0.9321873784065247,0.9361904859542847,0.17010220885276794,
bank,half,0.2,13,30,False,swd,online,,0.8453333377838135,1.7238816890021553,0.7944444417953491,0.09550232221020592,0.7384743690490723,0.9060952663421631,0.2275901883840561,
bank,half,0.2,13,30,False,cwd,online,,0.8672381043434143,1.8982278129988117,0.8295555710792542,0.05757486661275227,0.4579217731952667,0.8438095450401306,0.36799657344818115,
bank,half,0.2,14,30,False,none,online,,0.8205714225769043,1.4508936640049797,0.7542222142219543,0.14280238599247402,1.0291943550109863,0.9260952472686768,0.17778950929641724,0.0
bank,half,0.2,14,30,False,fixed1,online,,0.8864762187004089,1.4550655280036153,0.8604444265365601,0.08860792905754514,0.3895808160305023,0.7843809723854065,0.48296797275543213,7.481227460543817
bank,half,0.2,14,30,False,ctrlA,online,,0.8765714168548584,1.5274527489964385,0.8422222137451172,0.0590368242793613,0.42306435108184814,0.8106666803359985,0.42075473070144653,4.189621029935208
bank,half,0.2,14,30,False,ctrlB,online,,0.8870476484298706,1.4970967569970526,0.8624444603919983,0.10468040907382967,0.39260944724082947,0.7700952291488647,0.5004804134368896,7.7737792616155845
bank,half,0.2,14,30,False,adadecay,online,,0.8912380933761597,2.275399025005754,0.8646666407585144,0.08064090822802648,0.39628779888153076,0.7921904921531677,0.4641427993774414,
bank,half,0.2,14,30,False,awd,online,,0.8241904973983765,1.642319836988463,0.7524444460868835,0.14019255608320236,0.9859670400619507,0.9240000247955322,0.1832915097475052,
bank,half,0.2,14,30,False,swd,online,,0.831428587436676,1.6115647229889873,0.7771111130714417,0.11167505105336507,0.7742228507995605,0.9140952229499817,0.20634086430072784,
bank,half,0.2,14,30,False,cwd,online,,0.871238112449646,1.7594801610102877,0.8402222394943237,0.045216459035873416,0.4401276707649231,0.8300952315330505,0.3721117377281189,
digits,full,0.0,10,30,False,none,online,,1.0,0.8245671150070848,0.9684600830078125,0.01459967260679199,0.0988345742225647,1.0,0.003357641166076064,0.0
digits,full,0.0,10,30,False,fixed1,online,,1.0,0.8290755589987384,0.9684600830078125,0.024029286319116935,0.09866734594106674,1.0,0.027634086087346077,0.9013527060896165
digits,full,0.0,10,30,False,ctrlA,online,,0.9904610514640808,0.8407173159939703,0.9703153967857361,0.08551998527682558,0.17528998851776123,0.9904610514640808,0.10811422020196915,2.596916473828483
digits,full,0.0,10,30,False,ctrlB,online,,0.9689984321594238,0.8537619559938321,0.9499072432518005,0.1692811750525225,0.32000160217285156,0.9689984321594238,0.25221627950668335,4.241914385527987
digits,full,0.0,10,30,False,adadecay,online,,1.0,0.8803694020025432,0.9703153967857361,0.027197980537927657,0.10178233683109283,1.0,0.029175983741879463,
digits,full,0.0,10,30,False,awd,online,,1.0,0.8605092340003466,0.9684600830078125,0.01289616688284228,0.09892430156469345,1.0,0.003358408808708191,
digits,full,0.0,10,30,False,swd,online,,1.0,0.8448126570001477,0.9703153967857361,0.016474471021450516,0.09566904604434967,1.0,0.005588454194366932,
digits,full,0.0,10,30,False,cwd,online,,1.0,0.8399224909953773,0.9684600830078125,0.016093448937934494,0.09512527287006378,1.0,0.005043179728090763,
digits,full,0.0,11,30,False,none,online,,1.0,0.844512053008657,0.9777365326881409,0.009353567474627096,0.08821074664592743,1.0,0.003850927110761404,0.0
digits,full,0.0,11,30,False,fixed1,online,,0.998410165309906,0.843555302999448,0.9740259647369385,0.03813565424289243,0.1000802144408226,0.998410165309906,0.03106384351849556,0.9013527060896165
digits,full,0.0,11,30,False,ctrlA,online,,0.9896661639213562,0.8699361350008985,0.9684600830078125,0.09171825122081283,0.18353362381458282,0.9896661639213562,0.1146274283528328,2.559560374501087
digits,full,0.0,11,30,False,ctrlB,online,,0.9793322682380676,0.849753699003486,0.948051929473877,0.15689626474327412,0.30310043692588806,0.9793322682380676,0.23187096416950226,4.022499969695093
digits,full,0.0,11,30,False,adadecay,online,,0.998410165309906,0.9018314800050575,0.9740259647369385,0.03169154844390218,0.10569459944963455,0.998410165309906,0.030590439215302467,
digits,full,0.0,11,30,False,awd,online,,1.0,0.8072071350034093,0.9777365326881409,0.009374808181415905,0.08818856626749039,1.0,0.0038546931464225054,
digits,full,0.0,11,30,False,swd,online,,1.0,0.8397553529939614,0.9758812785148621,0.011796387040327566,0.0836934894323349,1.0,0.006297817453742027,
digits,full,0.0,11,30,False,cwd,online,,1.0,0.88518923499214,0.9777365326881409,0.013908916534873243,0.0764884278178215,1.0,0.00543593242764473,
digits,full,0.0,12,30,False,none,online,,1.0,0.8338919340021675,0.9758812785148621,0.017428669560154646,0.09701520949602127,1.0,0.0034525690134614706,0.0
digits,full,0.0,12,30,False,fixed1,online,,1.0,0.8645056690002093,0.9758812785148621,0.03224789344313414,0.10456687957048416,1.0,0.02843283675611019,0.9013527060896165
digits,full,0.0,12,30,False,ctrlA,online,,0.9920508861541748,0.813891394995153,0.9647495150566101,0.0899109210065654,0.1880066990852356,0.9920508861541748,0.1159888356924057,2.6511131729105744
digits,full,0.0,12,30,False,ctrlB,online,,0.975357711315155,0.8705924379901262,0.9517624974250793,0.15410627087436493,0.3002704083919525,0.975357711315155,0.23228999972343445,4.1669368596962695
digits,full,0.0,12,30,False,adadecay,online,,1.0,0.8550089140044292,0.9703153967857361,0.03007318319991259,0.11052718758583069,1.0,0.028746597468852997,
digits,full,0.0,12,30,False,awd,online,,1.0,0.8351730330032296,0.9758812785148621,0.017400718631018955,0.09690902382135391,1.0,0.0034565520472824574,
digits,full,0.0,12,30,False,swd,online,,1.0,0.875608688002103,0.9758812785148621,0.013962771598394815,0.09256604313850403,1.0,0.005628921557217836,
digits,full,0.0,12,30,False,cwd,online,,1.0,0.8787540040066233,0.9758812785148621,0.009841278084797409,0.08546118438243866,1.0,0.004736672155559063,
digits,full,0.0,13,30,False,none,online,,1.0,0.8429864839999937,0.9795918464660645,0.011209321652361102,0.10627056658267975,1.0,0.00353220640681684,0.0
digits,full,0.0,13,30,False,fixed1,online,,1.0,0.8439422210067278,0.9814471006393433,0.036184771273264416,0.10368096083402634,1.0,0.028964944183826447,0.9013527060896165
digits,full,0.0,13,30,False,ctrlA,online,,0.9888712167739868,0.830969096001354,0.9721707105636597,0.08836523533309767,0.17279252409934998,0.9888712167739868,0.10494723170995712,2.4996537417281317
digits,full,0.0,13,30,False,ctrlB,online,,0.975357711315155,0.7518132679979317,0.9573283791542053,0.17008227096086087,0.3060828149318695,0.975357711315155,0.2376677244901657,4.2729546967477745
digits,full,0.0,13,30,False,adadecay,online,,1.0,0.9201211860054173,0.9777365326881409,0.03170990656390924,0.11434794962406158,1.0,0.028680594637989998,
digits,full,0.0,13,30,False,awd,online,,1.0,0.8272850289940834,0.9795918464660645,0.012447472682468083,0.1062203124165535,1.0,0.003534796182066202,
digits,full,0.0,13,30,False,swd,online,,1.0,0.8274753779987805,0.9795918464660645,0.011058803060280372,0.09976985305547714,1.0,0.005782444030046463,
digits,full,0.0,13,30,False,cwd,online,,1.0,0.842163505993085,0.9814471006393433,0.011331454334099792,0.08683396875858307,1.0,0.005077276844531298,
digits,full,0.0,14,30,False,none,online,,1.0,0.8130642430041917,0.9721707105636597,0.018611686349136267,0.12232895940542221,1.0,0.0038855986203998327,0.0
digits,full,0.0,14,30,False,fixed1,online,,0.998410165309906,0.8725370970059885,0.9758812785148621,0.031394944120205395,0.10201387852430344,0.998410165309906,0.03151034191250801,0.9013527060896165
digits,full,0.0,14,30,False,ctrlA,online,,0.9904610514640808,0.8276693709922256,0.9721707105636597,0.09327753598703303,0.18030396103858948,0.9904610514640808,0.11624329537153244,2.5206377718782322
digits,full,0.0,14,30,False,ctrlB,online,,0.9777424335479736,0.8569716209894978,0.9573283791542053,0.1770412491181786,0.3183145523071289,0.9777424335479736,0.2531212270259857,4.102967175358423
digits,full,0.0,14,30,False,adadecay,online,,0.998410165309906,0.8967966130003333,0.9777365326881409,0.036000500970514895,0.11717037856578827,0.998410165309906,0.034447621554136276,
digits,full,0.0,14,30,False,awd,online,,1.0,0.838494770010584,0.9703153967857361,0.023034421930950077,0.1202676072716713,1.0,0.003869496053084731,
digits,full,0.0,14,30,False,swd,online,,1.0,0.8299702980002621,0.9740259647369385,0.01739027510105126,0.10875286161899567,1.0,0.006315730046480894,
digits,full,0.0,14,30,False,cwd,online,,1.0,0.8725568759982707,0.9795918464660645,0.014178294308331547,0.09038249403238297,1.0,0.005193132907152176,
digits,full,0.2,10,30,False,none,online,,0.9459459185600281,0.8401696410001023,0.9016697406768799,0.1640879374156414,0.4670969545841217,0.8282988667488098,0.6268264651298523,0.0
digits,full,0.2,10,30,False,fixed1,online,,0.9682034850120544,0.8725304109975696,0.9387755393981934,0.24441177167122793,0.46597373485565186,0.8020667433738708,0.8111972808837891,0.9013527060896165
digits,full,0.2,10,30,False,ctrlA,online,,0.9650238752365112,0.8724100910039851,0.9350649118423462,0.30113382651323733,0.549774706363678,0.7821939587593079,0.9530782103538513,2.127299472049921
digits,full,0.2,10,30,False,ctrlB,online,,0.9618442058563232,0.8294349259958835,0.9202226400375366,0.35068681532022905,0.6602686643600464,0.7742448449134827,1.0636974573135376,3.436695056455392
digits,full,0.2,10,30,False,adadecay,online,,0.9642289280891418,0.9508552339975722,0.9276437759399414,0.23452625043538156,0.4793930947780609,0.8020667433738708,0.8055015802383423,
digits,full,0.2,10,30,False,awd,online,,0.9443561434745789,0.8518357830034802,0.9090909361839294,0.17070339487412864,0.46333637833595276,0.8251192569732666,0.6286485195159912,
digits,full,0.2,10,30,False,swd,online,,0.9515103101730347,0.8330539979942841,0.9072356224060059,0.18092286498294471,0.4655454456806183,0.8251192569732666,0.6394460797309875,
digits,full,0.2,10,30,False,cwd,online,,0.9546899795532227,0.8412234249990433,0.9146567583084106,0.1882566324468004,0.458036869764328,0.813195526599884,0.665807843208313,
digits,full,0.2,11,30,False,none,online,,0.9340222477912903,0.8070835980033735,0.8979591727256775,0.12083692121594203,0.4360465109348297,0.8259141445159912,0.5704498887062073,0.0
digits,full,0.2,11,30,False,fixed1,online,,0.9713831543922424,0.8452265319938306,0.9369202256202698,0.21380487276528012,0.41815152764320374,0.8052464127540588,0.7355156540870667,0.9013527060896165
digits,full,0.2,11,30,False,ctrlA,online,,0.970588207244873,0.8195940590085229,0.9517624974250793,0.2904694270280384,0.4967488944530487,0.793322741985321,0.8890950679779053,2.069403682226649
digits,full,0.2,11,30,False,ctrlB,online,,0.9650238752365112,0.8411434959998587,0.948051929473877,0.3467921217927685,0.5974811315536499,0.7829888463020325,0.99344402551651,3.343311933371251
digits,full,0.2,11,30,False,adadecay,online,,0.9666136503219604,0.9288848120049806,0.9332096576690674,0.20227291781959816,0.4246412217617035,0.8116057515144348,0.7208975553512573,
digits,full,0.2,11,30,False,awd,online,,0.9356120824813843,0.8793988899997203,0.8979591727256775,0.12107460551890017,0.4323578178882599,0.8298887014389038,0.5711418986320496,
digits,full,0.2,11,30,False,swd,online,,0.9364069700241089,0.885116935998667,0.8979591727256775,0.12745573115923853,0.4312437176704407,0.8275039792060852,0.5845122933387756,
digits,full,0.2,11,30,False,cwd,online,,0.9411764740943909,0.8946060010057408,0.9053803086280823,0.1419969537539031,0.4289524555206299,0.8227344751358032,0.6051619648933411,
digits,full,0.2,12,30,False,none,online,,0.9181240200996399,0.8679077120032161,0.8849721550941467,0.13434901960705561,0.5005329847335815,0.837837815284729,0.5826379656791687,0.0
digits,full,0.2,12,30,False,fixed1,online,,0.9642289280891418,0.8525343099900056,0.9424861073493958,0.2389677104735419,0.46532827615737915,0.8004769682884216,0.772072434425354,0.9013527060896165
digits,full,0.2,12,30,False,ctrlA,online,,0.9682034850120544,0.8310897719929926,0.9424861073493958,0.30339669556476195,0.5403964519500732,0.7853736281394958,0.9372768998146057,2.1725039298215947
digits,full,0.2,12,30,False,ctrlB,online,,0.9642289280891418,0.8759617339965189,0.9276437759399414,0.3475706736541635,0.6349428296089172,0.7750397324562073,1.0366820096969604,3.176280209936973
digits,full,0.2,12,30,False,adadecay,online,,0.9658187627792358,1.014174907002598,0.9313543438911438,0.2270558051253515,0.4712444245815277,0.7996820211410522,0.7636886835098267,
digits,full,0.2,12,30,False,awd,online,,0.9205087423324585,0.8217541040066862,0.8775510191917419,0.12750475343613987,0.5028117895126343,0.839427649974823,0.582861602306366,
digits,full,0.2,12,30,False,swd,online,,0.9228934645652771,0.8621426510071615,0.8886827230453491,0.14304578810211455,0.49732986092567444,0.839427649974823,0.5965599417686462,
digits,full,0.2,12,30,False,cwd,online,,0.9364069700241089,0.8595010540011572,0.9109461903572083,0.17331229133707696,0.47589364647865295,0.8330683708190918,0.6235135197639465,
digits,full,0.2,13,30,False,none,online,,0.9284578561782837,0.8900027580093592,0.8942486047744751,0.15361978445402544,0.5187044739723206,0.8537361025810242,0.5443834066390991,0.0
digits,full,0.2,13,30,False,fixed1,online,,0.9642289280891418,0.8790992620051838,0.9332096576690674,0.23357451122413098,0.46815061569213867,0.8108108043670654,0.7251996994018555,0.9013527060896165
digits,full,0.2,13,30,False,ctrlA,online,,0.9682034850120544,0.8808782389969565,0.9332096576690674,0.28868626702252037,0.530151903629303,0.7972972989082336,0.8664509057998657,2.066939729732419
digits,full,0.2,13,30,False,ctrlB,online,,0.9642289280891418,0.8328340430016397,0.929499089717865,0.34622559280364545,0.6306679844856262,0.791732907295227,0.9840682744979858,3.5177383898048467
digits,full,0.2,13,30,False,adadecay,online,,0.9610492587089539,0.9062753889884334,0.9332096576690674,0.23249849992249583,0.4847274422645569,0.8108108043670654,0.7133548259735107,
digits,full,0.2,13,30,False,awd,online,,0.9284578561782837,0.8259203889901983,0.9016697406768799,0.16148944942760995,0.5192975997924805,0.8545309901237488,0.5466577410697937,
digits,full,0.2,13,30,False,swd,online,,0.9308425784111023,0.8519705570070073,0.8998144865036011,0.16502028297294272,0.5105390548706055,0.8473767638206482,0.5597572922706604,
digits,full,0.2,13,30,False,cwd,online,,0.9467408657073975,0.883655796002131,0.9090909361839294,0.17968097937350372,0.49619996547698975,0.8386327624320984,0.5916540026664734,
digits,full,0.2,14,30,False,none,online,,0.9387917518615723,0.8743804690020625,0.9257885217666626,0.15224372646693615,0.41356292366981506,0.8219395875930786,0.5894783139228821,0.0
digits,full,0.2,14,30,False,fixed1,online,,0.972178041934967,0.8460563569969963,0.9406307935714722,0.22082695323483179,0.4207136929035187,0.7893481850624084,0.7677200436592102,0.9013527060896165
digits,full,0.2,14,30,False,ctrlA,online,,0.9713831543922424,0.8448086899879854,0.9369202256202698,0.2886139053250067,0.5066842436790466,0.7798092365264893,0.9097884893417358,2.059162550428829
digits,full,0.2,14,30,False,ctrlB,online,,0.9562798142433167,0.8665403420018265,0.9406307935714722,0.36016453125260095,0.6323027014732361,0.7631160616874695,1.0202425718307495,3.278745247315698
digits,full,0.2,14,30,False,adadecay,online,,0.972178041934967,0.9063231799955247,0.9406307935714722,0.2253044654299023,0.4278470575809479,0.793322741985321,0.764319658279419,
digits,full,0.2,14,30,False,awd,online,,0.9387917518615723,0.8572783689887729,0.9313543438911438,0.15707928663835014,0.4111176133155823,0.8187599182128906,0.5874074697494507,
digits,full,0.2,14,30,False,swd,online,,0.9411764740943909,0.8798694839933887,0.929499089717865,0.15697820421052552,0.4125966727733612,0.8187599182128906,0.6023094058036804,
digits,full,0.2,14,30,False,cwd,online,,0.9459459185600281,0.8808317829971202,0.9369202256202698,0.1724144860355664,0.4110752046108246,0.813195526599884,0.6314041614532471,
digits,half,0.0,10,30,False,none,online,,1.0,0.8907226489973255,0.9610389471054077,0.022471550223115207,0.14334017038345337,1.0,0.0018408095929771662,0.0
digits,half,0.0,10,30,False,fixed1,online,,1.0,0.8920700769958785,0.9647495150566101,0.03474483933431098,0.12237226217985153,1.0,0.016604477539658546,0.9013527060896165
digits,half,0.0,10,30,False,ctrlA,online,,0.998410165309906,0.853837097005453,0.9610389471054077,0.08399405633142573,0.19149085879325867,0.998410165309906,0.0796794444322586,2.632569704011669
digits,half,0.0,10,30,False,ctrlB,online,,0.9856915473937988,0.8785165389999747,0.9424861073493958,0.1630081204846087,0.326264888048172,0.9856915473937988,0.21236318349838257,4.343734507080912
digits,half,0.0,10,30,False,adadecay,online,,1.0,0.8924601180042373,0.9666048288345337,0.027694038977649528,0.139131098985672,1.0,0.018968980759382248,
digits,half,0.0,10,30,False,awd,online,,1.0,0.9021375699958298,0.9610389471054077,0.022473489806913046,0.14332562685012817,1.0,0.0018420995911583304,
digits,half,0.0,10,30,False,swd,online,,1.0,0.8685325559927151,0.9610389471054077,0.02363200261774222,0.13064314424991608,1.0,0.003558224067091942,
digits,half,0.0,10,30,False,cwd,online,,1.0,0.879515017993981,0.9628942608833313,0.01345254754533573,0.11913526058197021,1.0,0.002092148410156369,
digits,half,0.0,11,30,False,none,online,,1.0,0.8739444009988802,0.9369202256202698,0.03265268014180638,0.23849786818027496,1.0,0.0020073342602699995,0.0
digits,half,0.0,11,30,False,fixed1,online,,1.0,0.8583599740086356,0.948051929473877,0.023658801153551005,0.18356046080589294,1.0,0.02024349570274353,0.9013527060896165
digits,half,0.0,11,30,False,ctrlA,online,,0.998410165309906,0.8226058299915167,0.948051929473877,0.08203400480725107,0.2384714037179947,0.998410165309906,0.09013071656227112,2.6231529846671204
digits,half,0.0,11,30,False,ctrlB,online,,0.9825119376182556,0.8563880150031764,0.9387755393981934,0.15075641229112868,0.33923202753067017,0.9825119376182556,0.20409917831420898,4.319863129054214
digits,half,0.0,11,30,False,adadecay,online,,1.0,0.8995718859951012,0.9387755393981934,0.026187210279846898,0.2068158984184265,1.0,0.02080606110394001,
digits,half,0.0,11,30,False,awd,online,,1.0,0.8770955119980499,0.9387755393981934,0.02932956787119991,0.23817220330238342,1.0,0.002006067195907235,
digits,half,0.0,11,30,False,swd,online,,1.0,0.8447533730068244,0.9387755393981934,0.019296456577605352,0.2163596898317337,1.0,0.0038705402985215187,
digits,half,0.0,11,30,False,cwd,online,,1.0,0.8781600969959982,0.9424861073493958,0.019968815825202248,0.20601031184196472,1.0,0.0024054001551121473,
digits,half,0.0,12,30,False,none,online,,1.0,0.8359199319966137,0.9591836929321289,0.020471342640595448,0.16544847190380096,1.0,0.0021804163698107004,0.0
digits,half,0.0,12,30,False,fixed1,online,,1.0,0.8987784030032344,0.9628942608833313,0.035729615774579296,0.1625904142856598,1.0,0.021860603243112564,0.9013527060896165
digits,half,0.0,12,30,False,ctrlA,online,,0.998410165309906,0.8603340409899829,0.9517624974250793,0.09100798070983675,0.24039089679718018,0.998410165309906,0.09923893213272095,2.678392241988447
digits,half,0.0,12,30,False,ctrlB,online,,0.9825119376182556,0.8823099430010188,0.9313543438911438,0.15365415662250623,0.3490315079689026,0.9825119376182556,0.22627794742584229,4.462647477784735
digits,half,0.0,12,30,False,adadecay,online,,1.0,0.8959636639920063,0.9499072432518005,0.029497504787232745,0.1818915605545044,1.0,0.023596134036779404,
digits,half,0.0,12,30,False,awd,online,,1.0,0.8488514119962929,0.9591836929321289,0.020401424070015023,0.1650802046060562,1.0,0.0021824513096362352,
digits,half,0.0,12,30,False,swd,online,,1.0,0.8403487389878137,0.9610389471054077,0.015950727661819316,0.15474028885364532,1.0,0.004002571105957031,
digits,half,0.0,12,30,False,cwd,online,,1.0,0.844701919995714,0.9647495150566101,0.012403460679116185,0.13833993673324585,1.0,0.002581030363216996,
digits,half,0.0,13,30,False,none,online,,1.0,0.8530266670131823,0.9517624974250793,0.028405988647676794,0.184471994638443,1.0,0.0023085663560777903,0.0
digits,half,0.0,13,30,False,fixed1,online,,1.0,0.8951897350052604,0.9610389471054077,0.02175745274007652,0.13509564101696014,1.0,0.022811980918049812,0.9013527060896165
digits,half,0.0,13,30,False,ctrlA,online,,0.9936407208442688,0.8529593660059618,0.9536178112030029,0.07293761124858608,0.19624295830726624,0.9936407208442688,0.08947432041168213,2.5220172584965614
digits,half,0.0,13,30,False,ctrlB,online,,0.9825119376182556,0.8321711000025971,0.9424861073493958,0.14666583122260496,0.3124091923236847,0.9825119376182556,0.21005627512931824,4.322268397224485
digits,half,0.0,13,30,False,adadecay,online,,1.0,0.9100804750050884,0.9554731249809265,0.02673604658671788,0.15727879106998444,1.0,0.024032119661569595,
digits,half,0.0,13,30,False,awd,online,,1.0,0.8319908989942633,0.9517624974250793,0.028390083938892342,0.18435601890087128,1.0,0.0023104252759367228,
digits,half,0.0,13,30,False,swd,online,,1.0,0.8509205629961798,0.9536178112030029,0.019153653552448153,0.16424521803855896,1.0,0.0042231883853673935,
digits,half,0.0,13,30,False,cwd,online,,1.0,0.8545362839940935,0.9628942608833313,0.0238896657009514,0.13886219263076782,1.0,0.0029220639262348413,
digits,half,0.0,14,30,False,none,online,,1.0,0.8434416469972348,0.9499072432518005,0.02247873761437156,0.19553327560424805,1.0,0.002282321685925126,0.0
digits,half,0.0,14,30,False,fixed1,online,,1.0,0.8623653839895269,0.9591836929321289,0.026144325954352326,0.14582107961177826,1.0,0.02284708432853222,0.9013527060896165
digits,half,0.0,14,30,False,ctrlA,online,,0.995230495929718,0.9088300739967963,0.9536178112030029,0.08117747848684137,0.20952878892421722,0.995230495929718,0.10344458371400833,2.6005008776935132
digits,half,0.0,14,30,False,ctrlB,online,,0.9793322682380676,0.9069883819902316,0.9424861073493958,0.1837316402035432,0.36475491523742676,0.9793322682380676,0.27735021710395813,4.438172359952453
digits,half,0.0,14,30,False,adadecay,online,,1.0,0.9186873330036178,0.9536178112030029,0.0231190549973433,0.17202310264110565,1.0,0.025167617946863174,
digits,half,0.0,14,30,False,awd,online,,1.0,0.8891574470035266,0.9499072432518005,0.024101047768000105,0.1957891881465912,1.0,0.0022797563578933477,
digits,half,0.0,14,30,False,swd,online,,1.0,0.8639329600118799,0.948051929473877,0.022709544658218554,0.17252571880817413,1.0,0.004168882500380278,
digits,half,0.0,14,30,False,cwd,online,,1.0,0.8870655710052233,0.9536178112030029,0.019933766192982944,0.16163018345832825,1.0,0.002682446502149105,
digits,half,0.2,10,30,False,none,online,,0.8282988667488098,0.8868931409961078,0.8126159310340881,0.035937752512478875,0.6742555499076843,0.9713831543922424,0.15004707872867584,0.0
digits,half,0.2,10,30,False,fixed1,online,,0.9109697937965393,0.8973293190065306,0.8608534336090088,0.1366896233720107,0.5318657755851746,0.8823529481887817,0.40811386704444885,0.9013527060896165
digits,half,0.2,10,30,False,ctrlA,online,,0.9745628237724304,0.8567575820052298,0.9146567583084106,0.2815166110784534,0.5761228799819946,0.8060413599014282,0.7877668738365173,2.4607571176884755
digits,half,0.2,10,30,False,ctrlB,online,,0.9634340405464172,0.8711317990091629,0.9165120720863342,0.3349851061329107,0.6573541760444641,0.7885532379150391,0.9280438423156738,3.6688804035259737
digits,half,0.2,10,30,False,adadecay,online,,0.9157392978668213,0.975145012998837,0.8515769839286804,0.12040084456689724,0.565299928188324,0.8791732788085938,0.4096371531486511,
digits,half,0.2,10,30,False,awd,online,,0.8298887014389038,0.8532688830018742,0.8126159310340881,0.033662919238458544,0.6802901029586792,0.9697933197021484,0.14869849383831024,
digits,half,0.2,10,30,False,swd,online,,0.8314785361289978,0.8856493969942676,0.8237476944923401,0.033600359795708384,0.6397062540054321,0.9682034850120544,0.16679082810878754,
digits,half,0.2,10,30,False,cwd,online,,0.8330683708190918,0.9237003050075145,0.8163265585899353,0.027637262512447663,0.6043279767036438,0.9634340405464172,0.17612454295158386,
digits,half,0.2,11,30,False,none,online,,0.8489665985107422,0.8512365770002361,0.8293135166168213,0.05139215862817358,0.7103074193000793,0.9586645364761353,0.18236283957958221,0.0
digits,half,0.2,11,30,False,fixed1,online,,0.9173290729522705,0.8548570149869192,0.8794063329696655,0.14074078351535693,0.5377919673919678,0.8759936690330505,0.4256364703178406,0.9013527060896165
digits,half,0.2,11,30,False,ctrlA,online,,0.9697933197021484,0.8395787379995454,0.929499089717865,0.2961411320212157,0.5847597718238831,0.8012718558311462,0.763384997844696,2.422339869876736
digits,half,0.2,11,30,False,ctrlB,online,,0.9634340405464172,0.8716030450013932,0.9146567583084106,0.33767998948389166,0.6722787022590637,0.794912576675415,0.8995388746261597,3.4957999054995232
digits,half,0.2,11,30,False,adadecay,online,,0.9046105146408081,0.9610994230024517,0.871985137462616,0.12969482597482007,0.5761701464653015,0.8855326175689697,0.4080093502998352,
digits,half,0.2,11,30,False,awd,online,,0.8489665985107422,0.916570392990252,0.8311688303947449,0.036054792839874804,0.705902636051178,0.9586645364761353,0.17956413328647614,
digits,half,0.2,11,30,False,swd,online,,0.8505564332008362,0.8689641700038919,0.8441558480262756,0.06464838992686793,0.6930992007255554,0.952305257320404,0.19877874851226807,
digits,half,0.2,11,30,False,cwd,online,,0.8569157123565674,0.9188188160042046,0.8515769839286804,0.0656230528190981,0.6273685097694397,0.9491255879402161,0.21077340841293335,
digits,half,0.2,12,30,False,none,online,,0.8219395875930786,0.9140242809953634,0.7736549377441406,0.039457874859861186,0.7865809798240662,0.9634340405464172,0.17180243134498596,0.0
digits,half,0.2,12,30,False,fixed1,online,,0.8887122273445129,0.9044186690007336,0.847866415977478,0.12766484316293297,0.5943940877914429,0.8728139996528625,0.4403610825538635,0.9013527060896165
digits,half,0.2,12,30,False,ctrlA,online,,0.952305257320404,0.8941338490112685,0.9016697406768799,0.29032741254800326,0.6274850964546204,0.793322741985321,0.8140787482261658,2.5380023493228987
digits,half,0.2,12,30,False,ctrlB,online,,0.953895092010498,0.8826276020117803,0.9035250544548035,0.349508090176255,0.7139368653297424,0.7710651755332947,0.9615277647972107,3.6528065873197146
digits,half,0.2,12,30,False,adadecay,online,,0.8918918967247009,0.946522697006003,0.8404452800750732,0.111941084680398,0.6310120820999146,0.8712241649627686,0.42144542932510376,
digits,half,0.2,12,30,False,awd,online,,0.8235294222831726,0.9105780340032652,0.777365505695343,0.047173148017646216,0.7882387638092041,0.9586645364761353,0.17275747656822205,
digits,half,0.2,12,30,False,swd,online,,0.8235294222831726,0.8945209520024946,0.7847866415977478,0.03913503968206983,0.7603480815887451,0.9570747017860413,0.1890525370836258,
digits,half,0.2,12,30,False,cwd,online,,0.8314785361289978,0.9130009579967009,0.7922077775001526,0.026645218424761672,0.701967179775238,0.952305257320404,0.20857961475849152,
digits,half,0.2,13,30,False,none,online,,0.839427649974823,0.8945578730053967,0.777365505695343,0.039884103583051,0.6992560625076294,0.9554848670959473,0.20027346909046173,0.0
digits,half,0.2,13,30,False,fixed1,online,,0.9189189076423645,0.904093263001414,0.8812615871429443,0.1661170313552934,0.5283450484275818,0.8585055470466614,0.4682430028915405,0.9013527060896165
digits,half,0.2,13,30,False,ctrlA,online,,0.9682034850120544,0.8766224319988396,0.9165120720863342,0.2787419533795903,0.5600075721740723,0.7996820211410522,0.7812314033508301,2.3805042401896537
digits,half,0.2,13,30,False,ctrlB,online,,0.9570747017860413,0.8899074000073597,0.9090909361839294,0.3520010401786811,0.6934923529624939,0.7790142893791199,0.9640294313430786,3.8217308150672142
digits,half,0.2,13,30,False,adadecay,online,,0.9205087423324585,0.9248157659894787,0.8738404512405396,0.15309831242946173,0.5443296432495117,0.8632750511169434,0.44985583424568176,
digits,half,0.2,13,30,False,awd,online,,0.842607319355011,0.8716001469874755,0.7847866415977478,0.03552701311783799,0.7017491459846497,0.9491255879402161,0.1994987577199936,
digits,half,0.2,13,30,False,swd,online,,0.8505564332008362,0.8684577049862128,0.7922077775001526,0.0554661969749295,0.6907639503479004,0.9475357532501221,0.22106513381004333,
digits,half,0.2,13,30,False,cwd,online,,0.8489665985107422,0.924078524010838,0.795918345451355,0.03072553239970128,0.628682017326355,0.9459459185600281,0.24451273679733276,
digits,half,0.2,14,30,False,none,online,,0.8537361025810242,0.8849146230058977,0.8497217297554016,0.03850937121874326,0.6387452483177185,0.9650238752365112,0.14192788302898407,0.0
digits,half,0.2,14,30,False,fixed1,online,,0.9268680214881897,0.8702224930020748,0.8905380368232727,0.1192712960747487,0.4549535810947418,0.8823529481887817,0.39605799317359924,0.9013527060896165
digits,half,0.2,14,30,False,ctrlA,online,,0.9570747017860413,0.8728978519939119,0.9332096576690674,0.2655190172188799,0.5103731155395508,0.8187599182128906,0.7206236720085144,2.4201571383770615
digits,half,0.2,14,30,False,ctrlB,online,,0.9395866394042969,0.869578615995124,0.9276437759399414,0.31719804744552377,0.6067870855331421,0.793322741985321,0.8669631481170654,3.589911179100102
digits,half,0.2,14,30,False,adadecay,online,,0.9173290729522705,0.9185948469967116,0.8961039185523987,0.11642947593956135,0.48356330394744873,0.8855326175689697,0.3770594000816345,
digits,half,0.2,14,30,False,awd,online,,0.8521462678909302,0.8988544210005784,0.847866415977478,0.0412414335474676,0.6331119537353516,0.9666136503219604,0.14216218888759613,
digits,half,0.2,14,30,False,swd,online,,0.8632750511169434,0.8628755010140594,0.853432297706604,0.03053311500456426,0.6024476289749146,0.953895092010498,0.16041012108325958,
digits,half,0.2,14,30,False,cwd,online,,0.8616852164268494,0.937791168995318,0.8608534336090088,0.02784514963516278,0.5681741833686829,0.9554848670959473,0.1691817194223404,
phoneme,full,0.0,10,30,False,none,online,,0.880253791809082,0.9466237039887346,0.8519432544708252,0.024345521313551395,0.3160436153411865,0.880253791809082,0.26829150319099426,0.0
phoneme,full,0.0,10,30,False,fixed1,online,,0.8564631342887878,0.9659295479941647,0.8340530395507812,0.025247492332799725,0.3510560989379883,0.8564631342887878,0.3360702395439148,2.7040581182688497
phoneme,full,0.0,10,30,False,ctrlA,online,,0.8699445128440857,0.972601500005112,0.8507094383239746,0.024485163156225825,0.33169206976890564,0.8699445128440857,0.31000521779060364,1.4427855716056057
phoneme,full,0.0,10,30,False,ctrlB,online,,0.8178694248199463,1.0898476020083763,0.7995064854621887,0.030126278265106467,0.3797083795070648,0.8178694248199463,0.36907655000686646,5.2075331121663035
phoneme,full,0.0,10,30,False,adadecay,online,,0.8625429272651672,1.2442900229943916,0.8371375799179077,0.02688629391162503,0.3446483910083771,0.8625429272651672,0.32717129588127136,
phoneme,full,0.0,10,30,False,awd,online,,0.880253791809082,1.0083796490071109,0.8531770706176758,0.017182854941272207,0.3159961998462677,0.880253791809082,0.26744502782821655,
phoneme,full,0.0,10,30,False,swd,online,,0.8768173456192017,1.0424788599921158,0.8519432544708252,0.017299650812649125,0.3163183629512787,0.8768173456192017,0.2738761901855469,
phoneme,full,0.0,10,30,False,cwd,online,,0.8744382858276367,0.9206130849925103,0.8519432544708252,0.02021444707943436,0.32367634773254395,0.8744382858276367,0.29228153824806213,
phoneme,full,0.0,11,30,False,none,online,,0.8823685050010681,0.9175315600004978,0.8605799078941345,0.02209763557068144,0.3162356913089752,0.8823685050010681,0.27144744992256165,0.0
phoneme,full,0.0,11,30,False,fixed1,online,,0.8506476283073425,0.9126531390065793,0.8278840184211731,0.020858378799369057,0.3478013575077057,0.8506476283073425,0.3306110203266144,2.7040581182688497
phoneme,full,0.0,11,30,False,ctrlA,online,,0.8593708872795105,0.8801709300023504,0.8396051526069641,0.017317187227193845,0.33443108201026917,0.8593708872795105,0.31339535117149353,1.5806719154271136
phoneme,full,0.0,11,30,False,ctrlB,online,,0.8215701580047607,0.9103331820078893,0.7976557612419128,0.04102851912829701,0.3789174556732178,0.8215701580047607,0.36601772904396057,5.484296920181031
phoneme,full,0.0,11,30,False,adadecay,online,,0.856198787689209,1.235151863002102,0.8352868556976318,0.02011297232276639,0.3401682376861572,0.856198787689209,0.32182618975639343,
phoneme,full,0.0,11,30,False,awd,online,,0.8778747320175171,0.9541439460008405,0.8593460917472839,0.022272852708497652,0.3183366656303406,0.8778747320175171,0.2738614082336426,
phoneme,full,0.0,11,30,False,swd,online,,0.8776103854179382,0.9310332149907481,0.8556446433067322,0.02312776225720711,0.3161347210407257,0.8776103854179382,0.27534034848213196,
phoneme,full,0.0,11,30,False,cwd,online,,0.8725879192352295,1.018461275001755,0.8574953675270081,0.01963420682009321,0.3209163248538971,0.8725879192352295,0.2907352149486542,
phoneme,full,0.0,12,30,False,none,online,,0.8733808994293213,0.9981880070117768,0.8513263463973999,0.03204084529250143,0.3310280740261078,0.8733808994293213,0.28675928711891174,0.0
phoneme,full,0.0,12,30,False,fixed1,online,,0.8313508033752441,0.9180675209936453,0.8136952519416809,0.021430987917590037,0.3644493520259857,0.8313508033752441,0.3446938693523407,2.7040581182688497
phoneme,full,0.0,12,30,False,ctrlA,online,,0.8543484210968018,0.9199823700037086,0.8285009264945984,0.019181302728511755,0.3449442982673645,0.8543484210968018,0.320095419883728,1.513524419396452
phoneme,full,0.0,12,30,False,ctrlB,online,,0.8117895722389221,0.9485173330031103,0.7859346270561218,0.03175766265076079,0.3888741135597229,0.8117895722389221,0.3719632029533386,5.333705141345559
phoneme,full,0.0,12,30,False,adadecay,online,,0.8334655165672302,1.2212971480039414,0.8210980892181396,0.02227623945470947,0.361068993806839,0.8334655165672302,0.3399292528629303,
phoneme,full,0.0,12,30,False,awd,online,,0.8699445128440857,0.9931733400007943,0.8445404171943665,0.031140211847812436,0.3306125998497009,0.8699445128440857,0.2859703004360199,
phoneme,full,0.0,12,30,False,swd,online,,0.8712661862373352,1.1200068550097058,0.8463911414146423,0.026541358964226998,0.32903411984443665,0.8712661862373352,0.290426641702652,
phoneme,full,0.0,12,30,False,cwd,online,,0.864922046661377,1.1184128599998076,0.8488587141036987,0.0260186516745895,0.3346506357192993,0.864922046661377,0.3081899881362915,
phoneme,full,0.0,13,30,False,none,online,,0.8823685050010681,0.9207920860062586,0.8587291836738586,0.01367286393702729,0.31693756580352783,0.8823685050010681,0.2703074514865875,0.0
phoneme,full,0.0,13,30,False,fixed1,online,,0.840602695941925,0.8933399380039191,0.8247994780540466,0.03270442985149904,0.34616178274154663,0.840602695941925,0.3306438624858856,2.7040581182688497
phoneme,full,0.0,13,30,False,ctrlA,online,,0.8591065406799316,0.8967614739958663,0.845774233341217,0.028658930568471505,0.3304324746131897,0.8591065406799316,0.3153107464313507,1.6820036059366912
phoneme,full,0.0,13,30,False,ctrlB,online,,0.8218345046043396,0.9672731080063386,0.800123393535614,0.03610418020833208,0.3812790513038635,0.8218345046043396,0.3679468035697937,5.225704533821246
phoneme,full,0.0,13,30,False,adadecay,online,,0.8501189351081848,1.160469741007546,0.8266502022743225,0.0339189038131062,0.34063664078712463,0.8501189351081848,0.32300952076911926,
phoneme,full,0.0,13,30,False,awd,online,,0.8831614851951599,0.9743848210055148,0.8642812967300415,0.020794414870905185,0.3174907863140106,0.8831614851951599,0.2696075141429901,
phoneme,full,0.0,13,30,False,swd,online,,0.8786677122116089,0.9564703149953857,0.8525601625442505,0.018256417988701267,0.3177388906478882,0.8786677122116089,0.27728408575057983,
phoneme,full,0.0,13,30,False,cwd,online,,0.8757599592208862,0.9403603529935936,0.8568784594535828,0.01960245438522207,0.315178781747818,0.8757599592208862,0.29092174768447876,
phoneme,full,0.0,14,30,False,none,online,,0.8752313256263733,0.8725283280073199,0.8544108867645264,0.01977649092085931,0.31512561440467834,0.8752313256263733,0.2703585624694824,0.0
phoneme,full,0.0,14,30,False,fixed1,online,,0.8522336483001709,0.8965633049956523,0.8192473649978638,0.04186565062648202,0.34719255566596985,0.8522336483001709,0.3319239914417267,2.7040581182688497
phoneme,full,0.0,14,30,False,ctrlA,online,,0.865186333656311,0.9031388809962664,0.8408389687538147,0.029474527507854936,0.33676543831825256,0.865186333656311,0.3189459443092346,1.602645463754976
phoneme,full,0.0,14,30,False,ctrlB,online,,0.8234205842018127,0.9003806840046309,0.7995064854621887,0.048594793443838664,0.3817261755466461,0.8234205842018127,0.3682970106601715,5.09535098988627
phoneme,full,0.0,14,30,False,adadecay,online,,0.8593708872795105,1.1987815690081334,0.8359037637710571,0.03140518593243947,0.34209463000297546,0.8593708872795105,0.32624587416648865,
phoneme,full,0.0,14,30,False,awd,online,,0.8770816922187805,0.975940251009888,0.8605799078941345,0.021637452854777764,0.31712794303894043,0.8770816922187805,0.27230292558670044,
phoneme,full,0.0,14,30,False,swd,online,,0.8810467720031738,0.8987554380000802,0.8587291836738586,0.01416002395048618,0.3170482814311981,0.8810467720031738,0.2747848927974701,
phoneme,full,0.0,14,30,False,cwd,online,,0.8765529990196228,0.9277099750033813,0.8544108867645264,0.014729021692776076,0.3194686770439148,0.8765529990196228,0.2923913300037384,
phoneme,full,0.2,10,30,False,none,online,,0.8535553812980652,0.9469687039963901,0.833436131477356,0.11331431539171938,0.42006295919418335,0.7303727269172668,0.5538392066955566,0.0
phoneme,full,0.2,10,30,False,fixed1,online,,0.8173407316207886,0.9720688490051543,0.803824782371521,0.12455995571164716,0.4621736705303192,0.7063177227973938,0.5831463932991028,2.7040581182688497
phoneme,full,0.2,10,30,False,ctrlA,online,,0.8559344410896301,0.9864888589945622,0.8278840184211731,0.12981805391035134,0.4361359477043152,0.7306370735168457,0.5679747462272644,0.8103184474634925
phoneme,full,0.2,10,30,False,ctrlB,online,,0.8263283371925354,0.9343429199943785,0.8112276196479797,0.12706724373666242,0.4541928768157959,0.7105472087860107,0.5791317820549011,1.864903790729717
phoneme,full,0.2,10,30,False,adadecay,online,,0.8220988512039185,1.2735568710049847,0.8180135488510132,0.1347027516968084,0.4561897814273834,0.7089611291885376,0.5795197486877441,
phoneme,full,0.2,10,30,False,awd,online,,0.849854588508606,1.0195291429990903,0.8247994780540466,0.10770802303716623,0.42031341791152954,0.7282580137252808,0.5540887713432312,
phoneme,full,0.2,10,30,False,swd,online,,0.8551414012908936,1.0469255829957547,0.8285009264945984,0.11505572998839937,0.4241662323474884,0.7330161333084106,0.558916449546814,
phoneme,full,0.2,10,30,False,cwd,online,,0.8495903015136719,1.0997260900039691,0.8291178345680237,0.13234682902372008,0.4396410584449768,0.7274649739265442,0.5683947205543518,
phoneme,full,0.2,11,30,False,none,online,,0.8443034887313843,0.9822731629974442,0.8340530395507812,0.13821779074748308,0.4514554738998413,0.7266719341278076,0.5577744245529175,0.0
phoneme,full,0.2,11,30,False,fixed1,online,,0.8117895722389221,0.9211406669928692,0.8007403016090393,0.12277589739288246,0.47150689363479614,0.7026169896125793,0.5828238725662231,2.7040581182688497
phoneme,full,0.2,11,30,False,ctrlA,online,,0.8450964689254761,0.9208794900041539,0.8260332942008972,0.13769389794683248,0.4608411490917206,0.723235547542572,0.5683147311210632,0.8277683509765655
phoneme,full,0.2,11,30,False,ctrlB,online,,0.8313508033752441,0.9600993169879075,0.8161628842353821,0.13259765007553242,0.46391561627388,0.7158340215682983,0.5743182897567749,1.3869827714720901
phoneme,full,0.2,11,30,False,adadecay,online,,0.8125826120376587,1.2354338959994493,0.8069093227386475,0.128162687829363,0.4736705422401428,0.7028813362121582,0.5824376344680786,
phoneme,full,0.2,11,30,False,awd,online,,0.836108922958374,1.0098407629993744,0.8315854668617249,0.12687788610470138,0.4595673382282257,0.723764181137085,0.5624823570251465,
phoneme,full,0.2,11,30,False,swd,online,,0.8464182019233704,0.9938667249953141,0.8346699476242065,0.13775605069936464,0.45485594868659973,0.7282580137252808,0.5616737008094788,
phoneme,full,0.2,11,30,False,cwd,online,,0.8313508033752441,1.0435356579982908,0.8180135488510132,0.13413551411166888,0.4631524980068207,0.716891348361969,0.5712930560112,
phoneme,full,0.2,12,30,False,none,online,,0.8585778474807739,0.9092097959946841,0.8408389687538147,0.13132075613328956,0.43775516748428345,0.7242928743362427,0.5644925832748413,0.0
phoneme,full,0.2,12,30,False,fixed1,online,,0.8178694248199463,0.9070902950043092,0.8025909662246704,0.12651267929035967,0.4770140051841736,0.6973301768302917,0.5908753871917725,2.7040581182688497
phoneme,full,0.2,12,30,False,ctrlA,online,,0.8495903015136719,0.9558542369923089,0.8223319053649902,0.13492834329016776,0.45249348878860474,0.7179487347602844,0.5738916397094727,0.7708435290585399
phoneme,full,0.2,12,30,False,ctrlB,online,,0.8339942097663879,0.9625058550009271,0.8087600469589233,0.12673501572000032,0.4663241505622864,0.7071107625961304,0.5848721861839294,1.5770760323640858
phoneme,full,0.2,12,30,False,adadecay,online,,0.8289717435836792,1.1102643800113583,0.8093769550323486,0.13153608352001034,0.4716387689113617,0.7068464159965515,0.5873908400535583,
phoneme,full,0.2,12,30,False,awd,online,,0.8583135008811951,1.0278660190087976,0.8371375799179077,0.1342376458799302,0.44105520844459534,0.727729320526123,0.5637121200561523,
phoneme,full,0.2,12,30,False,swd,online,,0.8614856004714966,0.9726797379989875,0.8352868556976318,0.13398571892478894,0.44063207507133484,0.725614607334137,0.5656933784484863,
phoneme,full,0.2,12,30,False,cwd,online,,0.8445677757263184,0.997028865996981,0.8217149972915649,0.13147117038482062,0.4590280055999756,0.7118688821792603,0.5775885581970215,
phoneme,full,0.2,13,30,False,none,online,,0.8503832817077637,0.963362138994853,0.8433066010475159,0.13590472028404013,0.43663525581359863,0.7227068543434143,0.5719190835952759,0.0
phoneme,full,0.2,13,30,False,fixed1,online,,0.8250066041946411,0.9669757490046322,0.803824782371521,0.13008034023364923,0.4752298593521118,0.6962727904319763,0.5952034592628479,2.7040581182688497
phoneme,full,0.2,13,30,False,ctrlA,online,,0.8395453095436096,0.9685027139930753,0.8204811811447144,0.12720826880421485,0.4421422481536865,0.7097541689872742,0.579856812953949,0.6956781132991688
phoneme,full,0.2,13,30,False,ctrlB,online,,0.829764723777771,1.0310112750012195,0.811844527721405,0.13339613360582053,0.4671412706375122,0.6989161968231201,0.5903354287147522,1.5816670762452205
phoneme,full,0.2,13,30,False,adadecay,online,,0.8284430503845215,1.1944645960029447,0.8025909662246704,0.13894974902263033,0.4678570330142975,0.699180543422699,0.5930761098861694,
phoneme,full,0.2,13,30,False,awd,online,,0.8524979948997498,0.9893068749952363,0.8426896929740906,0.13135997429811827,0.43258675932884216,0.7216494679450989,0.571656346321106,
phoneme,full,0.2,13,30,False,swd,online,,0.8466825485229492,1.0798571029881714,0.8389883041381836,0.1352603350209278,0.434102863073349,0.7147766351699829,0.5749960541725159,
phoneme,full,0.2,13,30,False,cwd,online,,0.8443034887313843,1.0842255119932815,0.8340530395507812,0.1404927880362476,0.4442158639431,0.7134549021720886,0.5800950527191162,
phoneme,full,0.2,14,30,False,none,online,,0.8371662497520447,0.9996709560073214,0.8309685587882996,0.09935945537191786,0.421820729970932,0.7131906151771545,0.5716567635536194,0.0
phoneme,full,0.2,14,30,False,fixed1,online,,0.8186624646186829,0.958293728006538,0.8007403016090393,0.10260413760832988,0.45886415243148804,0.6936293840408325,0.5930789709091187,2.7040581182688497
phoneme,full,0.2,14,30,False,ctrlA,online,,0.8355802297592163,0.9631655730045168,0.8204811811447144,0.11219018966161785,0.43347644805908203,0.7110758423805237,0.5790339708328247,0.7560462524096546
phoneme,full,0.2,14,30,False,ctrlB,online,,0.8189267516136169,0.9949608809984056,0.7976557612419128,0.1017218833349135,0.4590143859386444,0.6954797506332397,0.592370867729187,2.1459090762327073
phoneme,full,0.2,14,30,False,adadecay,online,,0.8173407316207886,1.1540407669963315,0.803824782371521,0.11396373811141713,0.4569259285926819,0.6917790174484253,0.5907818078994751,
phoneme,full,0.2,14,30,False,awd,online,,0.84298175573349,0.9964288850023877,0.8420727849006653,0.10855945645108185,0.4212646782398224,0.716891348361969,0.5711109638214111,
phoneme,full,0.2,14,30,False,swd,online,,0.8358445763587952,1.1289215649885591,0.8315854668617249,0.10542740864491919,0.42550528049468994,0.7097541689872742,0.5745168328285217,
phoneme,full,0.2,14,30,False,cwd,online,,0.8329368233680725,1.0970669550006278,0.8161628842353821,0.11248323492324329,0.44219136238098145,0.7063177227973938,0.5801844000816345,
phoneme,half,0.0,10,30,False,none,online,,0.8921205997467041,0.8887390309973853,0.8470080494880676,0.04430961950850443,0.3394426107406616,0.8921205997467041,0.24358007311820984,0.0
phoneme,half,0.0,10,30,False,fixed1,online,,0.8614489436149597,0.9252188179962104,0.8235657215118408,0.018430916451142938,0.35177886486053467,0.8614489436149597,0.322011262178421,2.7040581182688497
phoneme,half,0.0,10,30,False,ctrlA,online,,0.868852436542511,0.9056234840099933,0.8346699476242065,0.021882452066116758,0.336801141500473,0.868852436542511,0.2989988923072815,1.686098057361114
phoneme,half,0.0,10,30,False,ctrlB,online,,0.8233738541603088,0.8986854560062056,0.7847008109092712,0.04582105243301627,0.3835087716579437,0.8233738541603088,0.3566811680793762,5.257081238688446
phoneme,half,0.0,10,30,False,adadecay,online,,0.8646218776702881,1.1994151929975487,0.8272671103477478,0.016584979355298464,0.34616798162460327,0.8646218776702881,0.3134717643260956,
phoneme,half,0.0,10,30,False,awd,online,,0.8931782245635986,1.009411203005584,0.8439235091209412,0.045758013498040345,0.3365369737148285,0.8931782245635986,0.24207162857055664,
phoneme,half,0.0,10,30,False,swd,online,,0.8863035440444946,0.9116425380052533,0.845774233341217,0.032172914054348176,0.3328031301498413,0.8863035440444946,0.252613365650177,
phoneme,half,0.0,10,30,False,cwd,online,,0.8656795620918274,0.9515428789891303,0.8359037637710571,0.030047818108299203,0.3408832252025604,0.8656795620918274,0.27588963508605957,
phoneme,half,0.0,11,30,False,none,online,,0.8857747316360474,0.9158882169867866,0.8556446433067322,0.023550505736666946,0.33286675810813904,0.8857747316360474,0.2614317238330841,0.0
phoneme,half,0.0,11,30,False,fixed1,online,,0.8365944027900696,0.9325985939940438,0.8112276196479797,0.025470707425359295,0.3595033884048462,0.8365944027900696,0.33169659972190857,2.7040581182688497
phoneme,half,0.0,11,30,False,ctrlA,online,,0.846642017364502,0.9138031239999691,0.8260332942008972,0.016156112537348735,0.34906917810440063,0.846642017364502,0.31590259075164795,1.6998448640120443
phoneme,half,0.0,11,30,False,ctrlB,online,,0.8122686147689819,0.8954842969978927,0.7890191078186035,0.04059713839896295,0.38346734642982483,0.8122686147689819,0.3635215163230896,5.283126955566271
phoneme,half,0.0,11,30,False,adadecay,online,,0.839767336845398,1.2397444379894296,0.8161628842353821,0.029479894352724047,0.3507489264011383,0.839767336845398,0.32043886184692383,
phoneme,half,0.0,11,30,False,awd,online,,0.8931782245635986,0.954004105005879,0.8488587141036987,0.020993422461762095,0.3285018801689148,0.8931782245635986,0.2558181583881378,
phoneme,half,0.0,11,30,False,swd,online,,0.8841882348060608,0.9785074749961495,0.8519432544708252,0.012287350825363292,0.3288037180900574,0.8841882348060608,0.2655334174633026,
phoneme,half,0.0,11,30,False,cwd,online,,0.875727117061615,0.9883927409973694,0.849475622177124,0.021571899732640315,0.32725268602371216,0.875727117061615,0.27986717224121094,
phoneme,half,0.0,12,30,False,none,online,,0.8799576759338379,0.998274671001127,0.8470080494880676,0.04332069185764094,0.34562596678733826,0.8799576759338379,0.267700731754303,0.0
phoneme,half,0.0,12,30,False,fixed1,online,,0.8429402709007263,0.9441581610008143,0.8069093227386475,0.0269895170405645,0.36064091324806213,0.8429402709007263,0.337265282869339,2.7040581182688497
phoneme,half,0.0,12,30,False,ctrlA,online,,0.8603913187980652,0.91301112799556,0.8254163861274719,0.025028226700629225,0.3480750322341919,0.8603913187980652,0.31484928727149963,1.6201134272810163
phoneme,half,0.0,12,30,False,ctrlB,online,,0.8191432952880859,0.9141105449962197,0.7828500866889954,0.04570903758220214,0.39255836606025696,0.8191432952880859,0.3717464208602905,5.280983068002513
phoneme,half,0.0,12,30,False,adadecay,online,,0.8514013886451721,1.3207997120043729,0.8155459761619568,0.026285975822175747,0.35484564304351807,0.8514013886451721,0.33083897829055786,
phoneme,half,0.0,12,30,False,awd,online,,0.8810153603553772,1.0276973510044627,0.8463911414146423,0.04534343464149508,0.3458351790904999,0.8810153603553772,0.2663601040840149,
phoneme,half,0.0,12,30,False,swd,online,,0.8725541830062866,0.9265864180051722,0.8476248979568481,0.03836793740688467,0.33985987305641174,0.8725541830062866,0.27789121866226196,
phoneme,half,0.0,12,30,False,cwd,online,,0.8677948117256165,0.9440761639998527,0.8352868556976318,0.0279916276687608,0.34240424633026123,0.8677948117256165,0.29458874464035034,
phoneme,half,0.0,13,30,False,none,online,,0.8889476656913757,0.9623562409979058,0.849475622177124,0.03754503391614157,0.3472055196762085,0.8889476656913757,0.26684457063674927,0.0
phoneme,half,0.0,13,30,False,fixed1,online,,0.8577471971511841,0.9923812710039783,0.8180135488510132,0.02717433845018767,0.34949055314064026,0.8577471971511841,0.3281038701534271,2.7040581182688497
phoneme,half,0.0,13,30,False,ctrlA,online,,0.8662083745002747,1.0875539419939741,0.8408389687538147,0.015570370927407077,0.33809536695480347,0.8662083745002747,0.30998125672340393,1.6481019778590302
phoneme,half,0.0,13,30,False,ctrlB,online,,0.8117398023605347,0.924438221991295,0.7908698320388794,0.03762635219104491,0.38412711024284363,0.8117398023605347,0.3772278428077698,5.5188567022569135
phoneme,half,0.0,13,30,False,adadecay,online,,0.8582760691642761,1.314904031009064,0.8229488134384155,0.016175635062493636,0.3470597267150879,0.8582760691642761,0.3257639408111572,
phoneme,half,0.0,13,30,False,awd,online,,0.8915917277336121,0.9820892340067076,0.8513263463973999,0.0365285619698065,0.34791144728660583,0.8915917277336121,0.2671695351600647,
phoneme,half,0.0,13,30,False,swd,online,,0.8884188532829285,1.0146796950139105,0.8519432544708252,0.030053696023469204,0.337518572807312,0.8884188532829285,0.2687085270881653,
phoneme,half,0.0,13,30,False,cwd,online,,0.8767847418785095,0.9359876870003063,0.849475622177124,0.024869846643157244,0.3263726532459259,0.8767847418785095,0.27887648344039917,
phoneme,half,0.0,14,30,False,none,online,,0.8900052905082703,0.9202757799939718,0.8556446433067322,0.03170820134867127,0.3299563229084015,0.8900052905082703,0.24773843586444855,0.0
phoneme,half,0.0,14,30,False,fixed1,online,,0.8344790935516357,0.9440061109926319,0.8143121600151062,0.03905211801811327,0.3581031560897827,0.8344790935516357,0.3370879888534546,2.7040581182688497
phoneme,half,0.0,14,30,False,ctrlA,online,,0.8572183847427368,0.9364314479898894,0.84145587682724,0.031296418266190486,0.34455808997154236,0.8572183847427368,0.31988006830215454,1.7270975648782123
phoneme,half,0.0,14,30,False,ctrlB,online,,0.8096245527267456,0.9749742919957498,0.800123393535614,0.0392495263218512,0.38683825731277466,0.8096245527267456,0.3765082359313965,5.213060613584959
phoneme,half,0.0,14,30,False,adadecay,online,,0.8450555205345154,1.2757442019938026,0.8266502022743225,0.02673275819316019,0.3519858419895172,0.8450555205345154,0.32928740978240967,
phoneme,half,0.0,14,30,False,awd,online,,0.8889476656913757,0.997062565991655,0.8519432544708252,0.029279677644326027,0.3308474123477936,0.8889476656913757,0.2482805699110031,
phoneme,half,0.0,14,30,False,swd,online,,0.8884188532829285,1.0247715510049602,0.8537939786911011,0.023189617813846937,0.32965412735939026,0.8884188532829285,0.2546367645263672,
phoneme,half,0.0,14,30,False,cwd,online,,0.8773136138916016,1.0649372990010306,0.8476248979568481,0.017696118075343138,0.3281484544277191,0.8773136138916016,0.28500860929489136,
phoneme,half,0.2,10,30,False,none,online,,0.8445267081260681,1.0011541929998202,0.8155459761619568,0.09259156729246935,0.426268070936203,0.7361184358596802,0.5307338237762451,0.0
phoneme,half,0.2,10,30,False,fixed1,online,,0.832892656326294,1.007587483007228,0.8069093227386475,0.12729775696018464,0.46471935510635376,0.7202538251876831,0.5710272789001465,2.7040581182688497
phoneme,half,0.2,10,30,False,ctrlA,online,,0.8424113988876343,1.2236298979987623,0.8223319053649902,0.11983920309295042,0.4416397213935852,0.7350608110427856,0.5539024472236633,1.0293860863299233
phoneme,half,0.2,10,30,False,ctrlB,online,,0.8339502811431885,0.9729324650106719,0.8130783438682556,0.13003602008037107,0.46072980761528015,0.7308302521705627,0.5663415193557739,1.7005110630617208
phoneme,half,0.2,10,30,False,adadecay,online,,0.8297197222709656,1.244681493990356,0.8093769550323486,0.1224410814830067,0.4581713080406189,0.7234267592430115,0.5670642256736755,
phoneme,half,0.2,10,30,False,awd,online,,0.8424113988876343,0.9319317160116043,0.8136952519416809,0.08550910099210156,0.43109413981437683,0.7350608110427856,0.529620885848999,
phoneme,half,0.2,10,30,False,swd,online,,0.8455843329429626,1.0699852659890894,0.8241826295852661,0.1022422068432332,0.4329642951488495,0.7371761202812195,0.5396392941474915,
phoneme,half,0.2,10,30,False,cwd,online,,0.832892656326294,1.108354933996452,0.8167797923088074,0.11331439089951582,0.43828317523002625,0.7265996932983398,0.5502300262451172,
phoneme,half,0.2,11,30,False,none,online,,0.8514013886451721,1.0079281510115834,0.8278840184211731,0.09310791718231758,0.4295901358127594,0.7535695433616638,0.5203850269317627,0.0
phoneme,half,0.2,11,30,False,fixed1,online,,0.814912736415863,0.9463403999980073,0.8019741177558899,0.11864063697123073,0.44969597458839417,0.7139079570770264,0.566535234451294,2.7040581182688497
phoneme,half,0.2,11,30,False,ctrlA,online,,0.8360655903816223,0.9937500480009476,0.8130783438682556,0.1042122197033519,0.43463876843452454,0.7371761202812195,0.54677414894104,0.9257377400214516
phoneme,half,0.2,11,30,False,ctrlB,online,,0.8254891633987427,0.9561436569929356,0.8056755065917969,0.11322103912340573,0.4431132674217224,0.7234267592430115,0.5562572479248047,1.368106621623113
phoneme,half,0.2,11,30,False,adadecay,online,,0.8223162293434143,1.2025532740080962,0.8032078742980957,0.11060463650442803,0.444263756275177,0.718138575553894,0.5615534782409668,
phoneme,half,0.2,11,30,False,awd,online,,0.848757266998291,0.9665601630113088,0.8266502022743225,0.09165226203434854,0.4267314672470093,0.751983106136322,0.5176268219947815,
phoneme,half,0.2,11,30,False,swd,online,,0.841882586479187,1.1153899039927637,0.8186304569244385,0.09212505207026467,0.4313110411167145,0.7493389844894409,0.5276899933815002,
phoneme,half,0.2,11,30,False,cwd,online,,0.8313061594963074,1.0887853900057962,0.8217149972915649,0.10463799250339154,0.4242849349975586,0.7355896234512329,0.5432248115539551,
phoneme,half,0.2,12,30,False,none,online,,0.8593336939811707,0.8906753850023961,0.8291178345680237,0.10568054736506269,0.44523361325263977,0.7593865394592285,0.5295137763023376,0.0
phoneme,half,0.2,12,30,False,fixed1,online,,0.828662097454071,0.9512722910003504,0.8007403016090393,0.14193290661397648,0.4850066900253296,0.7255420684814453,0.5763827562332153,2.7040581182688497
phoneme,half,0.2,12,30,False,ctrlA,online,,0.8439978957176208,0.9209177379962057,0.8254163861274719,0.14526067252220895,0.4703092873096466,0.7429931163787842,0.5581604242324829,1.054228461888652
phoneme,half,0.2,12,30,False,ctrlB,online,,0.8297197222709656,0.9310774790064897,0.8056755065917969,0.14208332823795128,0.4846620559692383,0.7255420684814453,0.5730014443397522,1.9426123195836986
phoneme,half,0.2,12,30,False,adadecay,online,,0.835536777973175,1.266190693990211,0.811844527721405,0.14860034558892177,0.48520922660827637,0.7303014397621155,0.5712162256240845,
phoneme,half,0.2,12,30,False,awd,online,,0.8603913187980652,1.014342217007652,0.8272671103477478,0.10941848671781951,0.44624629616737366,0.7593865394592285,0.5282644629478455,
phoneme,half,0.2,12,30,False,swd,online,,0.8572183847427368,0.9184673120034859,0.829734742641449,0.12089899761451754,0.4559040069580078,0.7572712898254395,0.5365608930587769,
phoneme,half,0.2,12,30,False,cwd,online,,0.8461131453514099,0.9513463390030665,0.8278840184211731,0.13308760746256354,0.4581974446773529,0.7419354915618896,0.5506334900856018,
phoneme,half,0.2,13,30,False,none,online,,0.841882586479187,1.0002039489918388,0.8291178345680237,0.151911925232609,0.49691781401634216,0.7403489947319031,0.5651182532310486,0.0
phoneme,half,0.2,13,30,False,fixed1,online,,0.8202009797096252,0.9889466059976257,0.8106107115745544,0.15960283918486634,0.4981832802295685,0.6964569091796875,0.5972033143043518,2.7040581182688497
phoneme,half,0.2,13,30,False,ctrlA,online,,0.8450555205345154,0.9025894879887346,0.8328192234039307,0.16943113098609308,0.4847857654094696,0.7202538251876831,0.5773195028305054,0.9114301326740323
phoneme,half,0.2,13,30,False,ctrlB,online,,0.8334214687347412,0.9308260510006221,0.8167797923088074,0.16381636282163664,0.49286508560180664,0.7065045237541199,0.5908429026603699,1.8706276254098755
phoneme,half,0.2,13,30,False,adadecay,online,,0.8344790935516357,1.2341546399984509,0.8198642730712891,0.1725788343695488,0.49942919611930847,0.7022739052772522,0.5957894921302795,
phoneme,half,0.2,13,30,False,awd,online,,0.8514013886451721,1.0239173260051757,0.8352868556976318,0.15572953477897147,0.4892537593841553,0.7414066791534424,0.5617648959159851,
phoneme,half,0.2,13,30,False,swd,online,,0.846642017364502,1.0086253930057865,0.8254163861274719,0.15112204835931142,0.4870539903640747,0.73135906457901,0.5643410682678223,
phoneme,half,0.2,13,30,False,cwd,online,,0.8439978957176208,1.056478832004359,0.8186304569244385,0.1483096514382089,0.48091912269592285,0.7117927074432373,0.5772927403450012,
phoneme,half,0.2,14,30,False,none,online,,0.8339502811431885,1.0444275600020774,0.8204811811447144,0.09647190530383977,0.4534177780151367,0.7472236752510071,0.5287816524505615,0.0
phoneme,half,0.2,14,30,False,fixed1,online,,0.8302485346794128,1.073469054987072,0.8155459761619568,0.14101876453585568,0.4710664451122284,0.7234267592430115,0.5753863453865051,2.7040581182688497
phoneme,half,0.2,14,30,False,ctrlA,online,,0.8302485346794128,0.9158179810037836,0.8266502022743225,0.1330145632389664,0.4507910907268524,0.7318878769874573,0.5541271567344666,0.9342126918449082
phoneme,half,0.2,14,30,False,ctrlB,online,,0.8249603509902954,0.9212167680088896,0.8124614357948303,0.1397655779825619,0.4718921482563019,0.7276573181152344,0.5739027857780457,2.2411148772223743
phoneme,half,0.2,14,30,False,adadecay,online,,0.814912736415863,1.229470569989644,0.7976557612419128,0.12066639657376504,0.468557208776474,0.7165520787239075,0.5766929388046265,
phoneme,half,0.2,14,30,False,awd,online,,0.8323638439178467,1.0089823599992087,0.8155459761619568,0.08680982809608032,0.4446306526660919,0.7435219287872314,0.5267859697341919,
phoneme,half,0.2,14,30,False,swd,online,,0.8302485346794128,1.1381688959954772,0.8223319053649902,0.10472391770990595,0.44432201981544495,0.7371761202812195,0.5340787172317505,
phoneme,half,0.2,14,30,False,cwd,online,,0.821787416934967,0.9836163300060434,0.8136952519416809,0.11477115980127135,0.4572986960411072,0.7265996932983398,0.5525727868080139,
spambase,full,0.0,10,30,False,none,online,,0.9869605898857117,0.9472094550001202,0.9326087236404419,0.04766818660756816,0.30483901500701904,0.9869605898857117,0.040428705513477325,0.0
spambase,full,0.0,10,30,False,fixed1,online,,0.9723688364028931,1.0297533360135276,0.9326087236404419,0.0281928277965905,0.20067651569843292,0.9723688364028931,0.0848749428987503,2.343517035833003
spambase,full,0.0,10,30,False,ctrlA,online,,0.9745420813560486,0.922302455001045,0.9355072379112244,0.031904770757841025,0.19603487849235535,0.9745420813560486,0.07798353582620621,1.929184017068326
spambase,full,0.0,10,30,False,ctrlB,online,,0.9466004371643066,0.915125233004801,0.9210144877433777,0.016569719647151836,0.1948578953742981,0.9466004371643066,0.1469276398420334,6.755725403657171
spambase,full,0.0,10,30,False,adadecay,online,,0.971747875213623,1.1525136829877738,0.9311594367027283,0.03287429764218952,0.2078845053911209,0.971747875213623,0.08276769518852234,
spambase,full,0.0,10,30,False,awd,online,,0.9878919720649719,1.0516425879905,0.9355072379112244,0.045780273019403656,0.28642407059669495,0.9878919720649719,0.035786475986242294,
spambase,full,0.0,10,30,False,swd,online,,0.9866501092910767,1.070542656001635,0.9355072379112244,0.04170178373654684,0.25815442204475403,0.9866501092910767,0.048582009971141815,
spambase,full,0.0,10,30,False,cwd,online,,0.9795094728469849,1.1006270840007346,0.9376811385154724,0.044587217983992206,0.24452635645866394,0.9795094728469849,0.06699437648057938,
spambase,full,0.0,11,30,False,none,online,,0.9854082465171814,0.9349140359990997,0.936956524848938,0.0471132679262023,0.3010665476322174,0.9854082465171814,0.038278017193078995,0.0
spambase,full,0.0,11,30,False,fixed1,online,,0.9757839441299438,0.9780066880048253,0.9413043260574341,0.021567242257836936,0.1832328587770462,0.9757839441299438,0.078499935567379,2.343517035833003
spambase,full,0.0,11,30,False,ctrlA,online,,0.9804408550262451,0.9886156430002302,0.9362319111824036,0.022490459140660106,0.17853444814682007,0.9804408550262451,0.07321591675281525,2.040600200906283
spambase,full,0.0,11,30,False,ctrlB,online,,0.9521887898445129,0.9737776340043638,0.928260862827301,0.007464940219685651,0.18732579052448273,0.9521887898445129,0.1341913789510727,7.192394690400691
spambase,full,0.0,11,30,False,adadecay,online,,0.9760943651199341,1.210759968002094,0.9376811385154724,0.02009218438811924,0.17635150253772736,0.9760943651199341,0.0782039687037468,
spambase,full,0.0,11,30,False,awd,online,,0.9903756380081177,1.186844125011703,0.9384058117866516,0.04839809448390767,0.2793601453304291,0.9903756380081177,0.03137438744306564,
spambase,full,0.0,11,30,False,swd,online,,0.9888233542442322,0.9991070159885567,0.9384058117866516,0.0337285493163095,0.22932565212249756,0.9888233542442322,0.03898872062563896,
spambase,full,0.0,11,30,False,cwd,online,,0.9857187271118164,1.0084879460046068,0.9405797123908997,0.03401237834190977,0.20950473845005035,0.9857187271118164,0.04611331969499588,
spambase,full,0.0,12,30,False,none,online,,0.9829245805740356,0.9737533459992846,0.9311594367027283,0.0461449194861495,0.3276602029800415,0.9829245805740356,0.04396430775523186,0.0
spambase,full,0.0,12,30,False,fixed1,online,,0.9723688364028931,1.0004370480019134,0.9297101497650146,0.025943079849948054,0.2107113152742386,0.9723688364028931,0.08915006369352341,2.343517035833003
spambase,full,0.0,12,30,False,ctrlA,online,,0.9748525023460388,0.9764851219952106,0.9289855360984802,0.027795579122460407,0.2047348916530609,0.9748525023460388,0.07911571860313416,2.0472594743618973
spambase,full,0.0,12,30,False,ctrlB,online,,0.9515678286552429,1.0121971269982168,0.9304347634315491,0.004948126233142355,0.18777447938919067,0.9515678286552429,0.1376362442970276,6.810220469676914
spambase,full,0.0,12,30,False,adadecay,online,,0.9705060720443726,1.2528902359917993,0.9304347634315491,0.028585289699443874,0.20639000833034515,0.9705060720443726,0.09011980891227722,
spambase,full,0.0,12,30,False,awd,online,,0.9826140999794006,1.022633032000158,0.9297101497650146,0.047640690941741504,0.31588947772979736,0.9826140999794006,0.043090350925922394,
spambase,full,0.0,12,30,False,swd,online,,0.9782676100730896,0.9752106880041538,0.9275362491607666,0.048437419123407724,0.28257685899734497,0.9782676100730896,0.05472533777356148,
spambase,full,0.0,12,30,False,cwd,online,,0.9826140999794006,1.0088661490008235,0.9333333373069763,0.03817294041315714,0.23652149736881256,0.9826140999794006,0.057066284120082855,
spambase,full,0.0,13,30,False,none,online,,0.9891338348388672,0.9746869740047259,0.9405797123908997,0.038545368287874304,0.29104524850845337,0.9891338348388672,0.03269960731267929,0.0
spambase,full,0.0,13,30,False,fixed1,online,,0.9627444744110107,1.0168002949940274,0.9347826242446899,0.028595561566560165,0.19017110764980316,0.9627444744110107,0.09596095979213715,2.343517035833003
spambase,full,0.0,13,30,False,ctrlA,online,,0.9723688364028931,0.9481361630023457,0.939130425453186,0.026696937239688374,0.19205521047115326,0.9723688364028931,0.08391210436820984,1.9570911267999989
spambase,full,0.0,13,30,False,ctrlB,online,,0.9453585743904114,0.9685686669981806,0.9253623485565186,0.012945193894531417,0.187400683760643,0.9453585743904114,0.13909383118152618,6.809365978457354
spambase,full,0.0,13,30,False,adadecay,online,,0.9674014449119568,1.1055903079977725,0.9333333373069763,0.022492028578467993,0.19270536303520203,0.9674014449119568,0.09039951860904694,
spambase,full,0.0,13,30,False,awd,online,,0.9875814914703369,1.0207770540000638,0.9362319111824036,0.040439720894547476,0.28912368416786194,0.9875814914703369,0.03844575211405754,
spambase,full,0.0,13,30,False,swd,online,,0.9854082465171814,0.8454670450009871,0.9384058117866516,0.038636725385119954,0.2587745785713196,0.9854082465171814,0.04275012016296387,
spambase,full,0.0,13,30,False,cwd,online,,0.9810617566108704,0.8815436949953437,0.9347826242446899,0.03178007176172906,0.21325282752513885,0.9810617566108704,0.05419325828552246,
spambase,full,0.0,14,30,False,none,online,,0.9866501092910767,0.9621579499944346,0.9333333373069763,0.04101417742777562,0.2756449282169342,0.9866501092910767,0.0429806262254715,0.0
spambase,full,0.0,14,30,False,fixed1,online,,0.9757839441299438,0.9542971350019798,0.9398550987243652,0.022361349066098532,0.1789821982383728,0.9757839441299438,0.08167019486427307,2.343517035833003
spambase,full,0.0,14,30,False,ctrlA,online,,0.9757839441299438,0.9575246180029353,0.9413043260574341,0.018419717878535177,0.17679165303707123,0.9757839441299438,0.07875137031078339,2.056297749385317
spambase,full,0.0,14,30,False,ctrlB,online,,0.9537410736083984,0.9537441459979163,0.9311594367027283,0.011684809625148772,0.18577222526073456,0.9537410736083984,0.13548138737678528,7.034372270908599
spambase,full,0.0,14,30,False,adadecay,online,,0.9770257472991943,1.0987496169982478,0.9398550987243652,0.01836266774630201,0.17954473197460175,0.9770257472991943,0.08166461437940598,
spambase,full,0.0,14,30,False,awd,online,,0.9882023930549622,1.0713351820013486,0.9362319111824036,0.03821530484634897,0.27603569626808167,0.9882023930549622,0.03837789595127106,
spambase,full,0.0,14,30,False,swd,online,,0.9863396286964417,0.8858823659975315,0.9384058117866516,0.03510332209044609,0.24437211453914642,0.9863396286964417,0.044359512627124786,
spambase,full,0.0,14,30,False,cwd,online,,0.9885128736495972,0.921282859009807,0.936956524848938,0.032885563805483395,0.2140321433544159,0.9885128736495972,0.0477631539106369,
spambase,full,0.2,10,30,False,none,online,,0.8782986402511597,0.906762140992214,0.8594202995300293,0.0406285796476447,0.3891931474208832,0.8621546030044556,0.3084460198879242,0.0
spambase,full,0.2,10,30,False,fixed1,online,,0.9167960286140442,0.8874747249938082,0.9014492630958557,0.0980403188346089,0.32362839579582214,0.811859667301178,0.4235556423664093,2.343517035833003
spambase,full,0.2,10,30,False,ctrlA,online,,0.9077926278114319,0.9000390989967855,0.8927536010742188,0.08991095056568367,0.3363591432571411,0.8190003037452698,0.4105706214904785,1.8119582055846002
spambase,full,0.2,10,30,False,ctrlB,online,,0.9189692735671997,0.9054900859919144,0.9021739363670349,0.14306547278943268,0.348991334438324,0.7860912680625916,0.47646215558052063,4.040789093409858
spambase,full,0.2,10,30,False,adadecay,online,,0.9174169301986694,1.1006981109967455,0.9021739363670349,0.09624089132184567,0.3210209608078003,0.8224154114723206,0.407749205827713,
spambase,full,0.2,10,30,False,awd,online,,0.8873021006584167,1.0220465019956464,0.8623188138008118,0.04078531913135362,0.384772926568985,0.8643278479576111,0.3033407926559448,
spambase,full,0.2,10,30,False,swd,online,,0.8990996479988098,1.0320202769944444,0.8717391490936279,0.047438420247340546,0.3700713813304901,0.8543930649757385,0.33244243264198303,
spambase,full,0.2,10,30,False,cwd,online,,0.9012728929519653,1.0880514430027688,0.8811594247817993,0.061431710443634914,0.35638171434402466,0.8360757231712341,0.36112138628959656,
spambase,full,0.2,11,30,False,none,online,,0.8531512022018433,1.0400083669956075,0.8289855122566223,0.04051109621490257,0.43292102217674255,0.844147801399231,0.34483417868614197,0.0
spambase,full,0.2,11,30,False,fixed1,online,,0.9192797541618347,1.0449181989970384,0.8898550868034363,0.12589319849359815,0.350564181804657,0.807823657989502,0.44085830450057983,2.343517035833003
spambase,full,0.2,11,30,False,ctrlA,online,,0.9056193828582764,1.2379144260048633,0.8797101378440857,0.1030479394439338,0.35473698377609253,0.8127910494804382,0.4258466958999634,1.6983668930244653
spambase,full,0.2,11,30,False,ctrlB,online,,0.927972674369812,1.2438596819993109,0.9021739363670349,0.16303785432508028,0.36280253529548645,0.7904377579689026,0.48182612657546997,3.968580618251547
spambase,full,0.2,11,30,False,adadecay,online,,0.9261099100112915,1.198791621995042,0.893478274345398,0.12151945911455846,0.3498799204826355,0.8059608936309814,0.42917588353157043,
spambase,full,0.2,11,30,False,awd,online,,0.8401117920875549,1.067058189000818,0.8195652365684509,0.040246516293373655,0.45813077688217163,0.8453896045684814,0.3488914966583252,
spambase,full,0.2,11,30,False,swd,online,,0.8512884378433228,0.9525452059897361,0.8355072736740112,0.03849309959273407,0.427663117647171,0.8422849774360657,0.35838431119918823,
spambase,full,0.2,11,30,False,cwd,online,,0.8854392766952515,0.9998543429974234,0.852173924446106,0.0591045119624207,0.3843616545200348,0.8311083316802979,0.38378939032554626,
spambase,full,0.2,12,30,False,none,online,,0.8711580038070679,0.9618890049896436,0.8507246375083923,0.05838590480279231,0.41762280464172363,0.8574976921081543,0.3295709788799286,0.0
spambase,full,0.2,12,30,False,fixed1,online,,0.9124495387077332,1.0271207390032941,0.8833333253860474,0.10962319369765297,0.34445223212242126,0.8056504130363464,0.43239566683769226,2.343517035833003
spambase,full,0.2,12,30,False,ctrlA,online,,0.91990065574646,1.0504449720028788,0.8746376633644104,0.09227758436531261,0.3644992411136627,0.8180689215660095,0.4181414246559143,1.824223600375455
spambase,full,0.2,12,30,False,ctrlB,online,,0.9257994294166565,1.0395171720010694,0.9028985500335693,0.15358549343503042,0.3564547896385193,0.7929214239120483,0.4774872958660126,3.965139481217762
spambase,full,0.2,12,30,False,adadecay,online,,0.9180378913879395,1.243255818990292,0.8833333253860474,0.09982414370861606,0.3376657962799072,0.8093759417533875,0.42639073729515076,
spambase,full,0.2,12,30,False,awd,online,,0.8677429556846619,1.048384100999101,0.8384057879447937,0.05281867212143498,0.45825469493865967,0.8602918386459351,0.33382996916770935,
spambase,full,0.2,12,30,False,swd,online,,0.8798509836196899,0.9838337440014584,0.8485507369041443,0.05374001519403596,0.40750405192375183,0.851909339427948,0.35038697719573975,
spambase,full,0.2,12,30,False,cwd,online,,0.8932008743286133,1.023988946006284,0.8644927740097046,0.06596609151017838,0.38244563341140747,0.8286246657371521,0.38376468420028687,
spambase,full,0.2,13,30,False,none,online,,0.8727103471755981,0.993700885999715,0.834782600402832,0.04195381977419922,0.40693482756614685,0.8609127402305603,0.32380929589271545,0.0
spambase,full,0.2,13,30,False,fixed1,online,,0.9124495387077332,1.0220433100039372,0.8913043737411499,0.09652479537155317,0.33608558773994446,0.8068922758102417,0.43549302220344543,2.343517035833003
spambase,full,0.2,13,30,False,ctrlA,online,,0.9071716666221619,0.9854503569949884,0.8782608509063721,0.08680983609047489,0.35307177901268005,0.8196212649345398,0.4138369560241699,1.653473843147218
spambase,full,0.2,13,30,False,ctrlB,online,,0.9214529395103455,0.9804422290035291,0.9028985500335693,0.13762563367684683,0.34327250719070435,0.7867122292518616,0.4776410758495331,3.8880708348091972
spambase,full,0.2,13,30,False,adadecay,online,,0.9115181565284729,1.1853514090034878,0.8884057998657227,0.09221962599650674,0.3334077000617981,0.8090655207633972,0.43268656730651855,
spambase,full,0.2,13,30,False,awd,online,,0.8699162006378174,1.0223399280075682,0.8355072736740112,0.046700031731439676,0.41702350974082947,0.8550139665603638,0.3270642161369324,
spambase,full,0.2,13,30,False,swd,online,,0.8677429556846619,1.0047570659953635,0.8362318873405457,0.04595609315927478,0.41786232590675354,0.8534616827964783,0.3369656801223755,
spambase,full,0.2,13,30,False,cwd,online,,0.8857497572898865,1.051754333995632,0.8557971119880676,0.0747829428617505,0.3967114984989166,0.8348339200019836,0.3823035657405853,
spambase,full,0.2,14,30,False,none,online,,0.848183810710907,0.9578576579951914,0.8188405632972717,0.047407105262728705,0.4414133131504059,0.852219820022583,0.3348674476146698,0.0
spambase,full,0.2,14,30,False,fixed1,online,,0.9096553921699524,0.9770527600048808,0.8862318992614746,0.0874136508806892,0.3469156324863434,0.7938528656959534,0.45200595259666443,2.343517035833003
spambase,full,0.2,14,30,False,ctrlA,online,,0.8994101285934448,0.9385086879919982,0.8746376633644104,0.07776626197324284,0.3577907085418701,0.8016144037246704,0.4443518817424774,1.8727658835748244
spambase,full,0.2,14,30,False,ctrlB,online,,0.9289040565490723,0.933118105007452,0.9130434989929199,0.14232725073461946,0.33699503540992737,0.7820552587509155,0.48963478207588196,3.7674143627947005
spambase,full,0.2,14,30,False,adadecay,online,,0.8860602378845215,1.1540345390094444,0.8615942001342773,0.06267405908176864,0.3563788831233978,0.7950946688652039,0.45371273159980774,
spambase,full,0.2,14,30,False,awd,online,,0.8509779572486877,0.9992717149871169,0.823913037776947,0.046311002602611756,0.4164840877056122,0.8593604564666748,0.3251314163208008,
spambase,full,0.2,14,30,False,swd,online,,0.8609127402305603,0.919569417994353,0.8318840861320496,0.04077269827974016,0.42612263560295105,0.8444582223892212,0.35215845704078674,
spambase,full,0.2,14,30,False,cwd,online,,0.8720893859863281,0.9543811839976115,0.8471014499664307,0.03369207788204801,0.3907203674316406,0.8270723223686218,0.3942110538482666,
spambase,half,0.0,10,30,False,none,online,,0.9950310587882996,0.9231071569956839,0.9289855360984802,0.059268472419268844,0.5354942083358765,0.9950310587882996,0.017597349360585213,0.0
spambase,half,0.0,10,30,False,fixed1,online,,0.9894409775733948,0.9418945500074187,0.9340579509735107,0.04158874456433283,0.24685131013393402,0.9894409775733948,0.04486646130681038,2.343517035833003
spambase,half,0.0,10,30,False,ctrlA,online,,0.9900621175765991,1.1543253739946522,0.9333333373069763,0.03506090964960015,0.24240444600582123,0.9900621175765991,0.0415976382791996,2.364033105573916
spambase,half,0.0,10,30,False,ctrlB,online,,0.9596273303031921,1.112574427999789,0.9268115758895874,0.007585830835328587,0.19378699362277985,0.9596273303031921,0.12441457062959671,8.405246980938976
spambase,half,0.0,10,30,False,adadecay,online,,0.9894409775733948,1.1487708299973747,0.9311594367027283,0.03863201247177263,0.23989588022232056,0.9894409775733948,0.041653309017419815,
spambase,half,0.0,10,30,False,awd,online,,0.9950310587882996,1.0104366349987686,0.9304347634315491,0.06143930673167325,0.5442202091217041,0.9950310587882996,0.017123818397521973,
spambase,half,0.0,10,30,False,swd,online,,0.9931676983833313,0.986259978992166,0.928260862827301,0.052660140999849295,0.41538214683532715,0.9931676983833313,0.02335353195667267,
spambase,half,0.0,10,30,False,cwd,online,,0.9900621175765991,1.0516821640048875,0.9376811385154724,0.04574678812337958,0.344197541475296,0.9900621175765991,0.02839021570980549,
spambase,half,0.0,11,30,False,none,online,,0.9919254779815674,0.9983789510006318,0.9253623485565186,0.05908884049757667,0.5313533544540405,0.9919254779815674,0.02539992891252041,0.0
spambase,half,0.0,11,30,False,fixed1,online,,0.9844720363616943,0.98518813100236,0.9181159138679504,0.04425059980240421,0.24473004043102264,0.9844720363616943,0.05036408454179764,2.343517035833003
spambase,half,0.0,11,30,False,ctrlA,online,,0.9832298159599304,0.9134266929904697,0.9275362491607666,0.03758323153723841,0.24494268000125885,0.9832298159599304,0.05321685969829559,2.325990879448458
spambase,half,0.0,11,30,False,ctrlB,online,,0.9633540511131287,0.9056780050013913,0.917391300201416,0.014515107438184212,0.2048698365688324,0.9633540511131287,0.11933429539203644,7.218614316736371
spambase,half,0.0,11,30,False,adadecay,online,,0.9857142567634583,1.2012285630044062,0.9166666865348816,0.04617682699707971,0.2710570693016052,0.9857142567634583,0.048718445003032684,
spambase,half,0.0,11,30,False,awd,online,,0.9944099187850952,1.0649011060013436,0.9210144877433777,0.05924673983152362,0.5145377516746521,0.9944099187850952,0.017107393592596054,
spambase,half,0.0,11,30,False,swd,online,,0.992546558380127,1.0203923579974798,0.926086962223053,0.05298738617827927,0.3937653601169586,0.992546558380127,0.023325975984334946,
spambase,half,0.0,11,30,False,cwd,online,,0.9863353967666626,1.0556648010096978,0.9210144877433777,0.052284707172193384,0.38612502813339233,0.9863353967666626,0.032821573317050934,
spambase,half,0.0,12,30,False,none,online,,0.9950310587882996,1.0821694909973303,0.9188405871391296,0.06699218149634376,0.5115694999694824,0.9950310587882996,0.019904784858226776,0.0
spambase,half,0.0,12,30,False,fixed1,online,,0.9888198971748352,1.0561229739978444,0.926086962223053,0.04441445294929587,0.2576117515563965,0.9888198971748352,0.045595016330480576,2.343517035833003
spambase,half,0.0,12,30,False,ctrlA,online,,0.9906832575798035,1.0043920000025537,0.9268115758895874,0.039155997487082,0.22902725636959076,0.9906832575798035,0.04426426813006401,2.452094095204324
spambase,half,0.0,12,30,False,ctrlB,online,,0.9639751315116882,1.0053399009921122,0.9253623485565186,0.016213895121346352,0.20386773347854614,0.9639751315116882,0.11172105371952057,7.887196624610974
spambase,half,0.0,12,30,False,adadecay,online,,0.9900621175765991,1.2057622440042906,0.9217391014099121,0.05086203331964603,0.2856951057910919,0.9900621175765991,0.04116890951991081,
spambase,half,0.0,12,30,False,awd,online,,0.9950310587882996,1.0276287690066965,0.9181159138679504,0.06339111370236977,0.5050604939460754,0.9950310587882996,0.01858128421008587,
spambase,half,0.0,12,30,False,swd,online,,0.9956521987915039,1.0749086460127728,0.9159420132637024,0.05984086666418159,0.4207448661327362,0.9956521987915039,0.016172314062714577,
spambase,half,0.0,12,30,False,cwd,online,,0.9950310587882996,1.099575589003507,0.926086962223053,0.0507821258859358,0.3392246663570404,0.9950310587882996,0.024677179753780365,
spambase,half,0.0,13,30,False,none,online,,0.9950310587882996,0.9872104300011415,0.9188405871391296,0.06931924355634744,0.5772351026535034,0.9950310587882996,0.019949279725551605,0.0
spambase,half,0.0,13,30,False,fixed1,online,,0.9807453155517578,1.022657009991235,0.9231883883476257,0.04249355043622031,0.2755071222782135,0.9807453155517578,0.05845438688993454,2.343517035833003
spambase,half,0.0,13,30,False,ctrlA,online,,0.9807453155517578,1.0388584620086476,0.926086962223053,0.045350046585435455,0.2817436158657074,0.9807453155517578,0.0552244707942009,2.171076037096868
spambase,half,0.0,13,30,False,ctrlB,online,,0.9677018523216248,0.9946060529910028,0.9166666865348816,0.01991104945756387,0.21412554383277893,0.9677018523216248,0.10342420637607574,6.686714503306087
spambase,half,0.0,13,30,False,adadecay,online,,0.9819875955581665,1.2710674709960585,0.9231883883476257,0.04419188199267871,0.2913125157356262,0.9819875955581665,0.05772525817155838,
spambase,half,0.0,13,30,False,awd,online,,0.9944099187850952,1.036234842002159,0.9188405871391296,0.06808777414802192,0.5792431831359863,0.9944099187850952,0.020025355741381645,
spambase,half,0.0,13,30,False,swd,online,,0.9931676983833313,1.0518944340001326,0.9210144877433777,0.06461554236602092,0.5049546360969543,0.9931676983833313,0.0219220370054245,
spambase,half,0.0,13,30,False,cwd,online,,0.9894409775733948,1.0712277199927485,0.9188405871391296,0.06372904034628385,0.4397951066493988,0.9894409775733948,0.0396251305937767,
spambase,half,0.0,14,30,False,none,online,,0.9987577795982361,0.9981029580085305,0.9137681126594543,0.07184610245884329,0.99188232421875,0.9987577795982361,0.01013379916548729,0.0
spambase,half,0.0,14,30,False,fixed1,online,,0.9919254779815674,1.0318232259887736,0.9217391014099121,0.03917674217103184,0.23610325157642365,0.9919254779815674,0.040027741342782974,2.343517035833003
spambase,half,0.0,14,30,False,ctrlA,online,,0.9894409775733948,0.9438433479954256,0.9195652008056641,0.035107370822326,0.2708738446235657,0.9894409775733948,0.046114590018987656,2.503695766508076
spambase,half,0.0,14,30,False,ctrlB,online,,0.9726707935333252,0.9615927410050062,0.9253623485565186,0.01684766010097835,0.21985937654972076,0.9726707935333252,0.0985550507903099,6.716840661549912
spambase,half,0.0,14,30,False,adadecay,online,,0.991304337978363,1.2066351600078633,0.9137681126594543,0.050698559029378754,0.28655341267585754,0.991304337978363,0.04158378392457962,
spambase,half,0.0,14,30,False,awd,online,,0.9981366395950317,1.0032698019931559,0.915217399597168,0.07083545670561169,0.8934375643730164,0.9981366395950317,0.009845959953963757,
spambase,half,0.0,14,30,False,swd,online,,0.9975154995918274,1.1355610780010466,0.9130434989929199,0.06522397161393925,0.5658877491950989,0.9975154995918274,0.012662033550441265,
spambase,half,0.0,14,30,False,cwd,online,,0.9962732791900635,1.0762764690007316,0.9130434989929199,0.06361302111459816,0.4656798839569092,0.9962732791900635,0.016135750338435173,
spambase,half,0.2,10,30,False,none,online,,0.8459627032279968,0.9580265059921658,0.8065217137336731,0.11875319092170053,0.8235272169113159,0.9465838670730591,0.1394183486700058,0.0
spambase,half,0.2,10,30,False,fixed1,online,,0.8527950048446655,0.9659352540038526,0.8231884241104126,0.05633611642364142,0.47138711810112,0.8999999761581421,0.25280067324638367,2.343517035833003
spambase,half,0.2,10,30,False,ctrlA,online,,0.8527950048446655,0.9954724279959919,0.8253623247146606,0.05366313666969105,0.4447121322154999,0.8913043737411499,0.2675619423389435,2.391113544992849
spambase,half,0.2,10,30,False,ctrlB,online,,0.9074534177780151,0.9794675369921606,0.8775362372398376,0.07512749437836633,0.34954237937927246,0.8279502987861633,0.40036410093307495,6.538956910530992
spambase,half,0.2,10,30,False,adadecay,online,,0.8465838432312012,1.1770869570027571,0.8072463870048523,0.04737521600032198,0.4858853220939636,0.9062111973762512,0.24084804952144623,
spambase,half,0.2,10,30,False,awd,online,,0.8453416228294373,1.0176608829933684,0.804347813129425,0.11844382117623868,0.8221680521965027,0.9447205066680908,0.13899417221546173,
spambase,half,0.2,10,30,False,swd,online,,0.8428571224212646,1.0156707639980596,0.804347813129425,0.10731272619703541,0.788027822971344,0.9484472274780273,0.1368650197982788,
spambase,half,0.2,10,30,False,cwd,online,,0.8428571224212646,1.040570467012003,0.8072463870048523,0.09587978850240295,0.6331689953804016,0.9322981238365173,0.16861291229724884,
spambase,half,0.2,11,30,False,none,online,,0.8062111735343933,0.9457404400018277,0.7666666507720947,0.1303929538398549,0.8553869128227234,0.9360248446464539,0.17763002216815948,0.0
spambase,half,0.2,11,30,False,fixed1,online,,0.850931704044342,0.9361827519896906,0.8159420490264893,0.03584477616393048,0.45330116152763367,0.8826087117195129,0.2986689507961273,2.343517035833003
spambase,half,0.2,11,30,False,ctrlA,online,,0.8447204828262329,1.0691533560020616,0.8173912763595581,0.029678254196609275,0.44679126143455505,0.8776397705078125,0.30889707803726196,2.2566703111091497
spambase,half,0.2,11,30,False,ctrlB,online,,0.8819875717163086,1.072956250005518,0.8579710125923157,0.0945376191450202,0.3972974717617035,0.813043475151062,0.44075000286102295,5.8812965237384445
spambase,half,0.2,11,30,False,adadecay,online,,0.856521725654602,1.2277001420006854,0.8297101259231567,0.03217449948407602,0.4346909821033478,0.8931676745414734,0.2842879891395569,
spambase,half,0.2,11,30,False,awd,online,,0.800000011920929,1.1385041769972304,0.752173900604248,0.14752066135406494,0.8862506151199341,0.9322981238365173,0.1774260550737381,
spambase,half,0.2,11,30,False,swd,online,,0.8161490559577942,1.0120851709943963,0.791304349899292,0.11205740709235704,0.7337671518325806,0.9347826242446899,0.17489275336265564,
spambase,half,0.2,11,30,False,cwd,online,,0.8198757767677307,1.019397119001951,0.7811594009399414,0.0859471659729446,0.5886210203170776,0.9136645793914795,0.22173818945884705,
spambase,half,0.2,12,30,False,none,online,,0.8111801147460938,1.040781360003166,0.7768115997314453,0.13902092021012652,0.9700607657432556,0.9434782862663269,0.15461191534996033,0.0
spambase,half,0.2,12,30,False,fixed1,online,,0.8527950048446655,1.048372143006418,0.8101449012756348,0.03777490066013474,0.4857410788536072,0.9018633365631104,0.26440656185150146,2.343517035833003
spambase,half,0.2,12,30,False,ctrlA,online,,0.8602484464645386,1.0265466869896045,0.8072463870048523,0.04648977852817894,0.47807711362838745,0.8894410133361816,0.2815188467502594,2.4791480210668775
spambase,half,0.2,12,30,False,ctrlB,online,,0.9080745577812195,0.9943006209941814,0.8608695864677429,0.10178881067296733,0.39760226011276245,0.8267080783843994,0.4115462303161621,5.744977498467492
spambase,half,0.2,12,30,False,adadecay,online,,0.8596273064613342,1.2422630749933887,0.823913037776947,0.04771982211133708,0.5131645798683167,0.8950310349464417,0.2728937268257141,
spambase,half,0.2,12,30,False,awd,online,,0.8124223351478577,1.040388980996795,0.7659420371055603,0.14502906617910966,1.0167996883392334,0.9472049474716187,0.14965851604938507,
spambase,half,0.2,12,30,False,swd,online,,0.8192546367645264,1.0274942630057922,0.7710145115852356,0.13668792314719463,0.9183263778686523,0.94037264585495,0.1591576784849167,
spambase,half,0.2,12,30,False,cwd,online,,0.8236024975776672,1.0523972529917955,0.7833333611488342,0.10072037746076999,0.7125119566917419,0.9285714030265808,0.19480590522289276,
spambase,half,0.2,13,30,False,none,online,,0.7931677103042603,1.0191731030063238,0.7753623127937317,0.11579246641933055,0.7117370367050171,0.9204968810081482,0.1850833147764206,0.0
spambase,half,0.2,13,30,False,fixed1,online,,0.8111801147460938,0.9961469029949512,0.7927536368370056,0.03681226523890012,0.46281978487968445,0.8590062260627747,0.33143094182014465,2.343517035833003
spambase,half,0.2,13,30,False,ctrlA,online,,0.8291925191879272,1.0663465309917228,0.8181159496307373,0.032488198124844096,0.4320901930332184,0.8732919096946716,0.3258456289768219,2.2466973196540523
spambase,half,0.2,13,30,False,ctrlB,online,,0.8925465941429138,1.0072227839991683,0.8717391490936279,0.11625571782174317,0.3829875886440277,0.8062111735343933,0.4447569251060486,5.325501672811744
spambase,half,0.2,13,30,False,adadecay,online,,0.8186335563659668,1.3062162309943233,0.7992753386497498,0.03183152973651886,0.43671026825904846,0.8590062260627747,0.3269325792789459,
spambase,half,0.2,13,30,False,awd,online,,0.7614907026290894,1.150987957007601,0.7485507130622864,0.13189978258333346,0.8060651421546936,0.908695638179779,0.19164782762527466,
spambase,half,0.2,13,30,False,swd,online,,0.782608687877655,1.0431744030065602,0.7775362133979797,0.10567013733628866,0.6446961164474487,0.9124223589897156,0.19348815083503723,
spambase,half,0.2,13,30,False,cwd,online,,0.8149068355560303,1.0905302070023026,0.7862318754196167,0.06930201837550039,0.564269483089447,0.9223602414131165,0.2172517031431198,
spambase,half,0.2,14,30,False,none,online,,0.8105590343475342,1.0371835460100556,0.7789855003356934,0.11706199671911155,1.0372662544250488,0.9509316682815552,0.14068405330181122,0.0
spambase,half,0.2,14,30,False,fixed1,online,,0.8571428656578064,1.0241788650018862,0.8463768362998962,0.057785695186559696,0.5574992895126343,0.8658385276794434,0.3109462857246399,2.343517035833003
spambase,half,0.2,14,30,False,ctrlA,online,,0.8596273064613342,1.0671519680036,0.8333333134651184,0.05070414845494256,0.4870578944683075,0.8658385276794434,0.3110637068748474,2.56369283858125
spambase,half,0.2,14,30,False,ctrlB,online,,0.8981366753578186,1.0661860810068902,0.8673912882804871,0.10531332950661147,0.42559561133384705,0.7950310707092285,0.450739324092865,5.850662015681211
spambase,half,0.2,14,30,False,adadecay,online,,0.8372671008110046,1.2595293990016216,0.8246376514434814,0.042993146353873656,0.4951128661632538,0.886956512928009,0.27081891894340515,
spambase,half,0.2,14,30,False,awd,online,,0.8211179971694946,1.0455589100020006,0.7927536368370056,0.13087076337441153,0.978534460067749,0.9453415870666504,0.14581602811813354,
spambase,half,0.2,14,30,False,swd,online,,0.8161490559577942,1.0328265050047776,0.7927536368370056,0.10866319744483284,1.1302375793457031,0.947826087474823,0.14639312028884888,
spambase,half,0.2,14,30,False,cwd,online,,0.8254658579826355,1.0526744469971163,0.7920289635658264,0.08626451634842416,0.6102957725524902,0.9198758006095886,0.1966143548488617,
qsar,full,0.0,10,30,False,none,online,,0.9391068816184998,0.8620943520072615,0.857594907283783,0.08652890412301957,0.5019629001617432,0.9391068816184998,0.14847855269908905,0.0
qsar,full,0.0,10,30,False,fixed1,online,,0.9282814860343933,0.8646604009991279,0.8670886158943176,0.06818592774717114,0.4236986041069031,0.9282814860343933,0.17115555703639984,0.5408116236537699
qsar,full,0.0,10,30,False,ctrlA,online,,0.9282814860343933,0.8490980480128201,0.8670886158943176,0.06535035069984726,0.4184190630912781,0.9282814860343933,0.1718328297138214,0.606293349981414
qsar,full,0.0,10,30,False,ctrlB,online,,0.9093369245529175,0.8397617459995672,0.8544303774833679,0.045924697118469436,0.35494136810302734,0.9093369245529175,0.2506316900253296,2.6661635412822857
qsar,full,0.0,10,30,False,adadecay,online,,0.9282814860343933,0.8678100660035852,0.8670886158943176,0.07246537233078026,0.43679171800613403,0.9282814860343933,0.17371399700641632,
qsar,full,0.0,10,30,False,awd,online,,0.9391068816184998,0.8593879929976538,0.857594907283783,0.07884830368470543,0.5024065375328064,0.9391068816184998,0.14930041134357452,
qsar,full,0.0,10,30,False,swd,online,,0.9364005327224731,0.8372592489904491,0.8639240264892578,0.08741840154309816,0.4909215569496155,0.9364005327224731,0.15195590257644653,
qsar,full,0.0,10,30,False,cwd,online,,0.9391068816184998,0.8371856230078265,0.8670886158943176,0.07523838647558719,0.4727317690849304,0.9391068816184998,0.15321852266788483,
qsar,full,0.0,11,30,False,none,online,,0.949932336807251,0.8446654480067082,0.8544303774833679,0.09804511758722836,0.530073881149292,0.949932336807251,0.12885341048240662,0.0
qsar,full,0.0,11,30,False,fixed1,online,,0.9364005327224731,0.8426064919913188,0.8544303774833679,0.06303743122121955,0.4323582351207733,0.9364005327224731,0.15237653255462646,0.5408116236537699
qsar,full,0.0,11,30,False,ctrlA,online,,0.9350473880767822,0.8347859869973036,0.8607594966888428,0.0548158233301549,0.39970672130584717,0.9350473880767822,0.15932418406009674,0.697393992652299
qsar,full,0.0,11,30,False,ctrlB,online,,0.9133964776992798,0.8301880540093407,0.8670886158943176,0.032881332349173634,0.3385644257068634,0.9133964776992798,0.2291983664035797,2.4455246306373772
qsar,full,0.0,11,30,False,adadecay,online,,0.9418132901191711,0.8387474829942221,0.8544303774833679,0.07186187596260747,0.4382549226284027,0.9418132901191711,0.1504877209663391,
qsar,full,0.0,11,30,False,awd,online,,0.9539918899536133,0.8484539130004123,0.8544303774833679,0.09131105536524253,0.5264289379119873,0.9539918899536133,0.12873657047748566,
qsar,full,0.0,11,30,False,swd,online,,0.9512855410575867,0.8366290499980096,0.8544303774833679,0.08644901791328116,0.513073205947876,0.9512855410575867,0.13083092868328094,
qsar,full,0.0,11,30,False,cwd,online,,0.949932336807251,0.8252584959991509,0.8544303774833679,0.07730953442522243,0.48620277643203735,0.949932336807251,0.13628838956356049,
qsar,full,0.0,12,30,False,none,online,,0.9391068816184998,0.8255009069980588,0.857594907283783,0.09235001020605049,0.48079556226730347,0.9391068816184998,0.15007586777210236,0.0
qsar,full,0.0,12,30,False,fixed1,online,,0.9364005327224731,0.8257655699999304,0.8670886158943176,0.07405842972707145,0.42501580715179443,0.9364005327224731,0.16777542233467102,0.5408116236537699
qsar,full,0.0,12,30,False,ctrlA,online,,0.9323409795761108,0.8482515329960734,0.8639240264892578,0.07375120022628881,0.418437123298645,0.9323409795761108,0.17369508743286133,0.6607573773958164
qsar,full,0.0,12,30,False,ctrlB,online,,0.9147496819496155,0.8380494470038684,0.8544303774833679,0.030180933354776122,0.36178675293922424,0.9147496819496155,0.24207624793052673,2.6828130857575987
qsar,full,0.0,12,30,False,adadecay,online,,0.9309878349304199,0.8623549970070599,0.8639240264892578,0.07790360345116143,0.43379515409469604,0.9309878349304199,0.1719682812690735,
qsar,full,0.0,12,30,False,awd,online,,0.9404600858688354,0.8584898419940146,0.8607594966888428,0.0849746452479423,0.4794069528579712,0.9404600858688354,0.15014256536960602,
qsar,full,0.0,12,30,False,swd,online,,0.9404600858688354,0.8619098549970658,0.8607594966888428,0.08824048983522609,0.4680858552455902,0.9404600858688354,0.1519821584224701,
qsar,full,0.0,12,30,False,cwd,online,,0.9445196390151978,0.8673976950085489,0.8639240264892578,0.08380160707084439,0.46519121527671814,0.9445196390151978,0.14688684046268463,
qsar,full,0.0,13,30,False,none,online,,0.9472259879112244,0.836320953007089,0.8670886158943176,0.08869335206249093,0.478160560131073,0.9472259879112244,0.14470630884170532,0.0
qsar,full,0.0,13,30,False,fixed1,online,,0.9336941838264465,0.8274208009970607,0.8670886158943176,0.0667009925163245,0.4021776616573334,0.9336941838264465,0.1653706431388855,0.5408116236537699
qsar,full,0.0,13,30,False,ctrlA,online,,0.9323409795761108,0.8456513559940504,0.8702531456947327,0.0735940316432639,0.4061172604560852,0.9323409795761108,0.16604743897914886,0.5621200827111699
qsar,full,0.0,13,30,False,ctrlB,online,,0.9147496819496155,0.8539696350053418,0.8607594966888428,0.03638203762754609,0.3426768183708191,0.9147496819496155,0.2366895228624344,2.4931377581934657
qsar,full,0.0,13,30,False,adadecay,online,,0.9282814860343933,0.8576930179988267,0.8734177350997925,0.07087531365171264,0.40924227237701416,0.9282814860343933,0.17292077839374542,
qsar,full,0.0,13,30,False,awd,online,,0.9458727836608887,0.8489539680012967,0.8670886158943176,0.0808057509645631,0.481322318315506,0.9458727836608887,0.14365261793136597,
qsar,full,0.0,13,30,False,swd,online,,0.9472259879112244,0.8457010129932314,0.8702531456947327,0.08268975306160842,0.46761631965637207,0.9472259879112244,0.14631672203540802,
qsar,full,0.0,13,30,False,cwd,online,,0.9458727836608887,0.85794179700315,0.8734177350997925,0.0791811062188088,0.45833322405815125,0.9458727836608887,0.1474897861480713,
qsar,full,0.0,14,30,False,none,online,,0.9485791325569153,0.860507953009801,0.8544303774833679,0.08887976577764825,0.4804563522338867,0.9485791325569153,0.14623799920082092,0.0
qsar,full,0.0,14,30,False,fixed1,online,,0.9350473880767822,0.8594208760041511,0.8417721390724182,0.0696479799815371,0.4222297668457031,0.9350473880767822,0.16742520034313202,0.5408116236537699
qsar,full,0.0,14,30,False,ctrlA,online,,0.9350473880767822,0.8525775000016438,0.8417721390724182,0.06460525246360634,0.40502890944480896,0.9350473880767822,0.17260612547397614,0.6722481887136185
qsar,full,0.0,14,30,False,ctrlB,online,,0.9052774310112,0.8606645269901492,0.8481012582778931,0.04599642074560817,0.35707929730415344,0.9052774310112,0.25518181920051575,2.875186005491864
qsar,full,0.0,14,30,False,adadecay,online,,0.9404600858688354,0.8687878919881769,0.8386076092720032,0.0651551262487339,0.4315635561943054,0.9404600858688354,0.16544656455516815,
qsar,full,0.0,14,30,False,awd,online,,0.9472259879112244,0.8636817660008091,0.8512658476829529,0.08077829868733129,0.48007887601852417,0.9472259879112244,0.14558805525302887,
qsar,full,0.0,14,30,False,swd,online,,0.9485791325569153,0.8433768070099177,0.8481012582778931,0.07942147694433792,0.4760666787624359,0.9485791325569153,0.14749860763549805,
qsar,full,0.0,14,30,False,cwd,online,,0.9445196390151978,0.8524291140056448,0.8512658476829529,0.08312123334860501,0.4571433365345001,0.9445196390151978,0.1472681313753128,
qsar,full,0.2,10,30,False,none,online,,0.8294993042945862,0.8367975750006735,0.7753164768218994,0.06737239998352679,0.5158379673957825,0.8443843126296997,0.367573618888855,0.0
qsar,full,0.2,10,30,False,fixed1,online,,0.8470906615257263,0.842216634991928,0.8101266026496887,0.059868221796011624,0.47492116689682007,0.8186739087104797,0.41171929240226746,0.5408116236537699
qsar,full,0.2,10,30,False,ctrlA,online,,0.8511502146720886,0.8347087139991345,0.8164557218551636,0.06160324887384342,0.4761757552623749,0.8200270533561707,0.41015806794166565,0.48872099645035477
qsar,full,0.2,10,30,False,ctrlB,online,,0.8714479207992554,0.8407884290063521,0.8069620132446289,0.10226256494657902,0.46140018105506897,0.7970229983329773,0.45965397357940674,1.344912798697253
qsar,full,0.2,10,30,False,adadecay,online,,0.8470906615257263,0.8426958449999802,0.8037974834442139,0.0527318252038352,0.48330336809158325,0.824086606502533,0.4092860221862793,
qsar,full,0.2,10,30,False,awd,online,,0.8322057127952576,0.8541087049961789,0.7911392450332642,0.04555414088919193,0.5130020380020142,0.8389715552330017,0.3666844069957733,
qsar,full,0.2,10,30,False,swd,online,,0.8362652063369751,0.8611725920054596,0.7879746556282043,0.06767435522773597,0.5067703723907471,0.8376184105873108,0.3756812512874603,
qsar,full,0.2,10,30,False,cwd,online,,0.8416779637336731,0.8663654619886074,0.7943037748336792,0.04717977929718886,0.4979803264141083,0.8322057127952576,0.3756823241710663,
qsar,full,0.2,11,30,False,none,online,,0.843031108379364,0.8547955079993699,0.7879746556282043,0.07313332376600822,0.4851519763469696,0.8322057127952576,0.39862060546875,0.0
qsar,full,0.2,11,30,False,fixed1,online,,0.848443865776062,0.8686003740003798,0.797468364238739,0.08186661744419532,0.4778234362602234,0.8267929553985596,0.43716931343078613,0.5408116236537699
qsar,full,0.2,11,30,False,ctrlA,online,,0.8579161167144775,0.8599718939949526,0.8259493708610535,0.11250761170176012,0.4601811170578003,0.8200270533561707,0.44009658694267273,0.5241277138444218
qsar,full,0.2,11,30,False,ctrlB,online,,0.8673883676528931,0.8759136709995801,0.8164557218551636,0.11640426026114935,0.45215606689453125,0.7807848453521729,0.48205137252807617,1.1619498600478164
qsar,full,0.2,11,30,False,adadecay,online,,0.8538565635681152,0.8919934459991055,0.8196202516555786,0.09682028731213341,0.47213372588157654,0.8213802576065063,0.43543896079063416,
qsar,full,0.2,11,30,False,awd,online,,0.8497970104217529,0.8326571579964366,0.797468364238739,0.0764961516178107,0.47539645433425903,0.8335588574409485,0.39752259850502014,
qsar,full,0.2,11,30,False,swd,online,,0.8525033593177795,0.8785806480009342,0.800632894039154,0.0659925877293454,0.48377513885498047,0.8281461596488953,0.4048258662223816,
qsar,full,0.2,11,30,False,cwd,online,,0.8497970104217529,0.8923093430057634,0.8069620132446289,0.07622914261455778,0.4843995273113251,0.8281461596488953,0.40784522891044617,
qsar,full,0.2,12,30,False,none,online,,0.8146143555641174,0.8608568500058027,0.797468364238739,0.04529822381991375,0.4979245662689209,0.8416779637336731,0.3761177659034729,0.0
qsar,full,0.2,12,30,False,fixed1,online,,0.8146143555641174,0.865221232001204,0.7943037748336792,0.06371597615601142,0.479963481426239,0.8227334022521973,0.4123915433883667,0.5408116236537699
qsar,full,0.2,12,30,False,ctrlA,online,,0.8186739087104797,0.882866447995184,0.7943037748336792,0.0555476093594032,0.4818311333656311,0.8078484535217285,0.41766321659088135,0.5783623793540817
qsar,full,0.2,12,30,False,ctrlB,online,,0.8457374572753906,0.8866528660000768,0.8259493708610535,0.11048648100865038,0.4633629322052002,0.7970229983329773,0.4608096778392792,1.3711577564444657
qsar,full,0.2,12,30,False,adadecay,online,,0.8308525085449219,0.8707497389987111,0.8164557218551636,0.07404316848591913,0.4742269814014435,0.8200270533561707,0.4137997329235077,
qsar,full,0.2,12,30,False,awd,online,,0.8146143555641174,0.8885487259976799,0.7943037748336792,0.05046974952462353,0.4967630207538605,0.8416779637336731,0.3756842017173767,
qsar,full,0.2,12,30,False,swd,online,,0.8213802576065063,0.8419479500007583,0.800632894039154,0.046006453376782094,0.4840163290500641,0.8349120616912842,0.38185229897499084,
qsar,full,0.2,12,30,False,cwd,online,,0.824086606502533,0.8441287619934883,0.7816455960273743,0.07553415547443341,0.48246774077415466,0.8294993042945862,0.38543465733528137,
qsar,full,0.2,13,30,False,none,online,,0.8809201717376709,0.8691272559954086,0.844936728477478,0.06324049113671991,0.42799511551856995,0.824086606502533,0.3711729049682617,0.0
qsar,full,0.2,13,30,False,fixed1,online,,0.8944519758224487,0.87833543898887,0.8639240264892578,0.09038305565526215,0.42176553606987,0.8186739087104797,0.40613853931427,0.5408116236537699
qsar,full,0.2,13,30,False,ctrlA,online,,0.8903924226760864,0.8560646130063105,0.8417721390724182,0.07529786059373543,0.42435750365257263,0.8064952492713928,0.41066378355026245,0.5310297480880375
qsar,full,0.2,13,30,False,ctrlB,online,,0.8849797248840332,0.8595984959974885,0.8386076092720032,0.0913568606859521,0.423473596572876,0.7956698536872864,0.4624698758125305,1.432573205170501
qsar,full,0.2,13,30,False,adadecay,online,,0.8863328695297241,0.9071726820111508,0.8322784900665283,0.08626868500362468,0.42608922719955444,0.8159675002098083,0.405361533164978,
qsar,full,0.2,13,30,False,awd,online,,0.8822733163833618,0.8567700400017202,0.844936728477478,0.06806043544902078,0.43366917967796326,0.8281461596488953,0.36929768323898315,
qsar,full,0.2,13,30,False,swd,online,,0.8822733163833618,0.8517276040074648,0.8354430198669434,0.059678222936919975,0.4340267479419708,0.8227334022521973,0.37657997012138367,
qsar,full,0.2,13,30,False,cwd,online,,0.8728010654449463,0.867157889995724,0.8544303774833679,0.08591321337072155,0.44164079427719116,0.8294993042945862,0.3770922124385834,
qsar,full,0.2,14,30,False,none,online,,0.8389715552330017,0.8642686209932435,0.753164529800415,0.04760678598209273,0.5279556512832642,0.8565629124641418,0.3710010349750519,0.0
qsar,full,0.2,14,30,False,fixed1,online,,0.8470906615257263,0.8724680570012424,0.7879746556282043,0.047366500655307044,0.47021108865737915,0.8186739087104797,0.41845187544822693,0.5408116236537699
qsar,full,0.2,14,30,False,ctrlA,online,,0.8497970104217529,0.8518265940074343,0.7943037748336792,0.06059630969657174,0.46894633769989014,0.8213802576065063,0.42043453454971313,0.5413996004478635
qsar,full,0.2,14,30,False,ctrlB,online,,0.8619756698608398,0.8656766000058269,0.7943037748336792,0.09061448757029787,0.44633933901786804,0.7848443984985352,0.4741460680961609,1.2295827862854531
qsar,full,0.2,14,30,False,adadecay,online,,0.8511502146720886,0.8564428520039655,0.800632894039154,0.04325091348418706,0.47383296489715576,0.8308525085449219,0.4089636206626892,
qsar,full,0.2,14,30,False,awd,online,,0.8362652063369751,0.921430105008767,0.7563291192054749,0.05336312289479413,0.5221020579338074,0.8565629124641418,0.36817339062690735,
qsar,full,0.2,14,30,False,swd,online,,0.8403247594833374,0.87546653499885,0.7848101258277893,0.047435375897190234,0.49686533212661743,0.8497970104217529,0.3802122175693512,
qsar,full,0.2,14,30,False,cwd,online,,0.8349120616912842,0.8908345200034091,0.7721518874168396,0.04225546819499776,0.5081750750541687,0.8416779637336731,0.382046103477478,
qsar,half,0.0,10,30,False,none,online,,0.9810298085212708,0.873182800001814,0.8670886158943176,0.10475787246906307,0.7352176308631897,0.9810298085212708,0.05580204725265503,0.0
qsar,half,0.0,10,30,False,fixed1,online,,0.9783197641372681,0.8820772809995105,0.8512658476829529,0.090161994099617,0.5340700149536133,0.9783197641372681,0.08337301015853882,0.5408116236537699
qsar,half,0.0,10,30,False,ctrlA,online,,0.9783197641372681,0.866926789007266,0.8512658476829529,0.08374463983728916,0.47635403275489807,0.9783197641372681,0.09697451442480087,0.7463457884993788
qsar,half,0.0,10,30,False,ctrlB,online,,0.9403793811798096,0.8437590929970611,0.8607594966888428,0.029141206718698333,0.34549859166145325,0.9403793811798096,0.20990854501724243,3.0035957432144875
qsar,half,0.0,10,30,False,adadecay,online,,0.9756097793579102,0.8524077990005026,0.8512658476829529,0.08283139963316012,0.544052004814148,0.9756097793579102,0.09071709960699081,
qsar,half,0.0,10,30,False,awd,online,,0.9810298085212708,0.8564473000005819,0.8670886158943176,0.10379834642893151,0.731311559677124,0.9810298085212708,0.05559622868895531,
qsar,half,0.0,10,30,False,swd,online,,0.9810298085212708,0.8596364340046421,0.8639240264892578,0.10179750979701176,0.7010495066642761,0.9810298085212708,0.060070235282182693,
qsar,half,0.0,10,30,False,cwd,online,,0.9728997349739075,0.8748129170126049,0.844936728477478,0.10906063953909693,0.725240170955658,0.9728997349739075,0.06837882101535797,
qsar,half,0.0,11,30,False,none,online,,0.9810298085212708,0.8478271030035103,0.8481012582778931,0.1103289908246149,0.690066933631897,0.9810298085212708,0.058834370225667953,0.0
qsar,half,0.0,11,30,False,fixed1,online,,0.9783197641372681,0.8580700509919552,0.857594907283783,0.08812188526874856,0.506881058216095,0.9783197641372681,0.08953454345464706,0.5408116236537699
qsar,half,0.0,11,30,False,ctrlA,online,,0.9756097793579102,0.8327991730038775,0.857594907283783,0.06975916028022766,0.44798433780670166,0.9756097793579102,0.10433977842330933,0.8511582205044019
qsar,half,0.0,11,30,False,ctrlB,online,,0.9214091897010803,0.7888067689927993,0.8481012582778931,0.037053179891803595,0.3523782789707184,0.9214091897010803,0.21571899950504303,3.075556146914129
qsar,half,0.0,11,30,False,adadecay,online,,0.9728997349739075,0.8679757640056778,0.8544303774833679,0.09997635377170165,0.5295703411102295,0.9728997349739075,0.0922764241695404,
qsar,half,0.0,11,30,False,awd,online,,0.9810298085212708,0.8620612139930017,0.844936728477478,0.11270768431168568,0.6910011172294617,0.9810298085212708,0.05862414836883545,
qsar,half,0.0,11,30,False,swd,online,,0.9810298085212708,0.8872351890022401,0.844936728477478,0.09889928506144993,0.6609440445899963,0.9810298085212708,0.05997193977236748,
qsar,half,0.0,11,30,False,cwd,online,,0.9810298085212708,0.8936000460089417,0.8512658476829529,0.10054132012249548,0.6544923782348633,0.9810298085212708,0.060787905007600784,
qsar,half,0.0,12,30,False,none,online,,0.9837398529052734,0.8933526660111966,0.8481012582778931,0.11935281895006758,0.7106603384017944,0.9837398529052734,0.04978635907173157,0.0
qsar,half,0.0,12,30,False,fixed1,online,,0.9756097793579102,0.8638584500004072,0.857594907283783,0.09478173414363136,0.524883508682251,0.9756097793579102,0.0729338601231575,0.5408116236537699
qsar,half,0.0,12,30,False,ctrlA,online,,0.9728997349739075,0.8581139470043126,0.8639240264892578,0.0891726913897297,0.4368985891342163,0.9728997349739075,0.09434805810451508,0.9292755816806051
qsar,half,0.0,12,30,False,ctrlB,online,,0.913279116153717,0.845305181996082,0.8512658476829529,0.040025895437862294,0.33829358220100403,0.913279116153717,0.20126263797283173,2.949704713239264
qsar,half,0.0,12,30,False,adadecay,online,,0.9728997349739075,0.8969659029971808,0.8607594966888428,0.08737372267472593,0.5580182075500488,0.9728997349739075,0.08037177473306656,
qsar,half,0.0,12,30,False,awd,online,,0.9837398529052734,0.8361710160097573,0.8481012582778931,0.11591755202676676,0.7102527618408203,0.9837398529052734,0.050384920090436935,
qsar,half,0.0,12,30,False,swd,online,,0.9864498376846313,0.8835557340062223,0.844936728477478,0.11027213120007817,0.6895306706428528,0.9864498376846313,0.050479527562856674,
qsar,half,0.0,12,30,False,cwd,online,,0.9837398529052734,0.9042893620062387,0.8544303774833679,0.11436208299820935,0.7000611424446106,0.9837398529052734,0.047889694571495056,
qsar,half,0.0,13,30,False,none,online,,0.9756097793579102,0.8906304070114857,0.8291139006614685,0.12140030696799484,0.8367491364479065,0.9756097793579102,0.0821264386177063,0.0
qsar,half,0.0,13,30,False,fixed1,online,,0.9647696614265442,0.8873723989963764,0.8291139006614685,0.10884875200594528,0.6361042261123657,0.9647696614265442,0.10778214037418365,0.5408116236537699
qsar,half,0.0,13,30,False,ctrlA,online,,0.9593495726585388,0.8797014640003908,0.8386076092720032,0.11366949569952638,0.5928263664245605,0.9593495726585388,0.11681812256574631,0.7038716931358985
qsar,half,0.0,13,30,False,ctrlB,online,,0.9322493076324463,0.8859906569996383,0.8481012582778931,0.05111678076695793,0.4054968059062958,0.9322493076324463,0.19623833894729614,2.337658185852999
qsar,half,0.0,13,30,False,adadecay,online,,0.9620596170425415,0.8863436040119268,0.8322784900665283,0.1117430091658725,0.6537160277366638,0.9620596170425415,0.11064675450325012,
qsar,half,0.0,13,30,False,awd,online,,0.9756097793579102,0.9043041510012699,0.8354430198669434,0.1297125397603723,0.8371070027351379,0.9756097793579102,0.0814528539776802,
qsar,half,0.0,13,30,False,swd,online,,0.9756097793579102,0.8930372599861585,0.8291139006614685,0.11671584090100058,0.7919767498970032,0.9756097793579102,0.08468779176473618,
qsar,half,0.0,13,30,False,cwd,online,,0.9728997349739075,0.8838206959917443,0.8354430198669434,0.12616248230768154,0.8088998198509216,0.9728997349739075,0.08687061071395874,
qsar,half,0.0,14,30,False,none,online,,0.989159882068634,0.8469230339978822,0.8322784900665283,0.11833920537293713,0.778051495552063,0.989159882068634,0.04380935803055763,0.0
qsar,half,0.0,14,30,False,fixed1,online,,0.9810298085212708,0.8548518989991862,0.8417721390724182,0.09539471877903878,0.5770800113677979,0.9810298085212708,0.06778322905302048,0.5408116236537699
qsar,half,0.0,14,30,False,ctrlA,online,,0.9701896905899048,0.8480770819878671,0.8386076092720032,0.0849300670095637,0.5049726963043213,0.9701896905899048,0.08533088862895966,0.8350817477934205
qsar,half,0.0,14,30,False,ctrlB,online,,0.9322493076324463,0.8520505600026809,0.8386076092720032,0.03558869037447097,0.37564486265182495,0.9322493076324463,0.18839247524738312,2.625560238149233
qsar,half,0.0,14,30,False,adadecay,online,,0.9783197641372681,0.8743521510041319,0.844936728477478,0.09828827322661121,0.6102057099342346,0.9783197641372681,0.06965143233537674,
qsar,half,0.0,14,30,False,awd,online,,0.989159882068634,0.9444653960090363,0.8354430198669434,0.11545541957963872,0.7798282504081726,0.989159882068634,0.044375788420438766,
qsar,half,0.0,14,30,False,swd,online,,0.989159882068634,0.8779094269993948,0.8386076092720032,0.12043572405848323,0.7459947466850281,0.989159882068634,0.046757396310567856,
qsar,half,0.0,14,30,False,cwd,online,,0.989159882068634,0.9006565799936652,0.8322784900665283,0.11155171315126781,0.7255754470825195,0.989159882068634,0.04833245649933815,
qsar,half,0.2,10,30,False,none,online,,0.8401083946228027,0.8365994960040553,0.800632894039154,0.10827369290062144,0.7472205758094788,0.9430894255638123,0.17160403728485107,0.0
qsar,half,0.2,10,30,False,fixed1,online,,0.8455284833908081,0.8561997030046768,0.8164557218551636,0.07663454417186448,0.5838580131530762,0.9159891605377197,0.21715979278087616,0.5408116236537699
qsar,half,0.2,10,30,False,ctrlA,online,,0.8617886304855347,0.8755334159941413,0.8132911324501038,0.07882167483809628,0.52119380235672,0.8888888955116272,0.2656451165676117,0.8108175120642207
qsar,half,0.2,10,30,False,ctrlB,online,,0.8644986152648926,0.903827212008764,0.8322784900665283,0.08219253205800359,0.4454740285873413,0.8319783210754395,0.3809284269809723,2.045101756057998
qsar,half,0.2,10,30,False,adadecay,online,,0.8455284833908081,0.8434674260061001,0.8227847814559937,0.06795297581938249,0.6066532731056213,0.9105691313743591,0.2275393158197403,
qsar,half,0.2,10,30,False,awd,online,,0.8373983502388,0.9252885169989895,0.8101266026496887,0.09942890958318229,0.7402037382125854,0.934959352016449,0.1703627109527588,
qsar,half,0.2,10,30,False,swd,online,,0.8346883654594421,0.8804478980018757,0.8101266026496887,0.09942383290846138,0.7276861071586609,0.9376693964004517,0.1780329793691635,
qsar,half,0.2,10,30,False,cwd,online,,0.8346883654594421,0.9174073489994043,0.8227847814559937,0.09558012657150439,0.7019155025482178,0.9376693964004517,0.18301557004451752,
qsar,half,0.2,11,30,False,none,online,,0.8319783210754395,0.9397265389998211,0.7563291192054749,0.11237576113471502,0.7295522689819336,0.9403793811798096,0.15289823710918427,0.0
qsar,half,0.2,11,30,False,fixed1,online,,0.8373983502388,0.8534770440019201,0.7563291192054749,0.08892920047421998,0.5949037671089172,0.913279116153717,0.2267584651708603,0.5408116236537699
qsar,half,0.2,11,30,False,ctrlA,online,,0.8563685417175293,0.8954407650016947,0.7658227682113647,0.05726336565198778,0.5523620247840881,0.8943089246749878,0.28256291151046753,0.8044034430624204
qsar,half,0.2,11,30,False,ctrlB,online,,0.8346883654594421,0.8711990020092344,0.746835470199585,0.0672124559177628,0.5185285806655884,0.8184281587600708,0.41593679785728455,1.7068273226021524
qsar,half,0.2,11,30,False,adadecay,online,,0.8373983502388,0.899865047991625,0.7784810066223145,0.09455982378766506,0.5816239714622498,0.913279116153717,0.22420911490917206,
qsar,half,0.2,11,30,False,awd,online,,0.8238482475280762,0.9154615610023029,0.75,0.13997765955857083,0.7488625049591064,0.9485095143318176,0.15803301334381104,
qsar,half,0.2,11,30,False,swd,online,,0.8075881004333496,0.8903825860033976,0.7626582384109497,0.10267575198336493,0.6880741119384766,0.9376693964004517,0.16353338956832886,
qsar,half,0.2,11,30,False,cwd,online,,0.8373983502388,0.8884347510029329,0.7689873576164246,0.12708602260939683,0.7269311547279358,0.9295393228530884,0.17457477748394012,
qsar,half,0.2,12,30,False,none,online,,0.7886179089546204,0.853673372999765,0.7753164768218994,0.08962218746354308,0.6463061571121216,0.934959352016449,0.19063711166381836,0.0
qsar,half,0.2,12,30,False,fixed1,online,,0.7804877758026123,0.8630293589958455,0.800632894039154,0.08177553211586384,0.5617246627807617,0.8997290134429932,0.23685066401958466,0.5408116236537699
qsar,half,0.2,12,30,False,ctrlA,online,,0.783197820186615,0.8533542280056281,0.800632894039154,0.06959994778602938,0.5525169372558594,0.9078590869903564,0.25621047616004944,0.8565029801271027
qsar,half,0.2,12,30,False,ctrlB,online,,0.8211382031440735,0.9087738179950975,0.8037974834442139,0.08534443944315366,0.4795178174972534,0.869918704032898,0.3637385666370392,2.067430100200506
qsar,half,0.2,12,30,False,adadecay,online,,0.7913278937339783,0.9043629720108584,0.7879746556282043,0.10388538213093068,0.5768775939941406,0.9051490426063538,0.23083801567554474,
qsar,half,0.2,12,30,False,awd,online,,0.783197820186615,0.9532408929953817,0.7689873576164246,0.10242561481987374,0.6490499973297119,0.9295393228530884,0.19143304228782654,
qsar,half,0.2,12,30,False,swd,online,,0.783197820186615,0.920377834001556,0.7689873576164246,0.09087769272206705,0.6409044861793518,0.924119234085083,0.19478394091129303,
qsar,half,0.2,12,30,False,cwd,online,,0.7804877758026123,0.9437981090013636,0.7911392450332642,0.10264281079738954,0.6178114414215088,0.9159891605377197,0.2023560255765915,
qsar,half,0.2,13,30,False,none,online,,0.8346883654594421,0.8415347800037125,0.7278481125831604,0.14562039124437526,0.7198970317840576,0.9403793811798096,0.1769879311323166,0.0
qsar,half,0.2,13,30,False,fixed1,online,,0.8563685417175293,0.8679786260036053,0.753164529800415,0.11674943641771245,0.6510745882987976,0.8861788511276245,0.250623494386673,0.5408116236537699
qsar,half,0.2,13,30,False,ctrlA,online,,0.859078586101532,0.9394373209943296,0.7689873576164246,0.07798162913775142,0.5723398923873901,0.8780487775802612,0.2845536172389984,0.7648644216518566
qsar,half,0.2,13,30,False,ctrlB,online,,0.859078586101532,0.8583934390044305,0.797468364238739,0.05907667211339443,0.46587035059928894,0.8184281587600708,0.38635990023612976,1.817650699854543
qsar,half,0.2,13,30,False,adadecay,online,,0.8563685417175293,0.8574047629954293,0.7373417615890503,0.12000963072988052,0.662304699420929,0.9024389982223511,0.24634985625743866,
qsar,half,0.2,13,30,False,awd,online,,0.8346883654594421,0.8642205520009156,0.7278481125831604,0.14532878372488142,0.7184351086616516,0.934959352016449,0.1803189069032669,
qsar,half,0.2,13,30,False,swd,online,,0.8292682766914368,0.863851647998672,0.7310126423835754,0.1392952351819111,0.7269135117530823,0.9295393228530884,0.18806591629981995,
qsar,half,0.2,13,30,False,cwd,online,,0.8373983502388,0.8934858269931283,0.7183544039726257,0.15375164801938623,0.7526521682739258,0.9214091897010803,0.1849488466978073,
qsar,half,0.2,14,30,False,none,online,,0.8075881004333496,0.8972574319923297,0.6867088675498962,0.17623369612648515,0.9012985229492188,0.9430894255638123,0.17964240908622742,0.0
qsar,half,0.2,14,30,False,fixed1,online,,0.8238482475280762,0.8696529709995957,0.7278481125831604,0.12483351489033881,0.6616191267967224,0.9159891605377197,0.23299260437488556,0.5408116236537699
qsar,half,0.2,14,30,False,ctrlA,online,,0.8319783210754395,0.8626711459946819,0.7215189933776855,0.09822702690770355,0.6329219341278076,0.9078590869903564,0.2542527914047241,0.6972223798580472
qsar,half,0.2,14,30,False,ctrlB,online,,0.8319783210754395,0.8434023379959399,0.7278481125831604,0.051340305729757375,0.5159605741500854,0.8644986152648926,0.3659232556819916,1.9851660737629588
qsar,half,0.2,14,30,False,adadecay,online,,0.8211382031440735,0.9079021570069017,0.7215189933776855,0.10721385130022146,0.681613564491272,0.913279116153717,0.2352377474308014,
qsar,half,0.2,14,30,False,awd,online,,0.8102980852127075,0.9118829979997827,0.6835442781448364,0.18279137254893024,0.9161932468414307,0.9403793811798096,0.17989350855350494,
qsar,half,0.2,14,30,False,swd,online,,0.8048780560493469,0.9297018800134538,0.7088607549667358,0.14824006282076052,0.8595432043075562,0.934959352016449,0.1813630759716034,
qsar,half,0.2,14,30,False,cwd,online,,0.8075881004333496,0.9045514210010879,0.6582278609275818,0.1893710758112654,0.9409136176109314,0.9376693964004517,0.19434645771980286,
waveform,full,0.0,10,30,False,none,online,,0.9862856864929199,0.988762377994135,0.8266666531562805,0.1281753465135892,0.6419680118560791,0.9862856864929199,0.05375469848513603,0.0
waveform,full,0.0,10,30,False,fixed1,online,,0.9242857098579407,1.0230641889938852,0.8546666502952576,0.03091772427161535,0.3362169861793518,0.9242857098579407,0.19518902897834778,2.523787577050926
waveform,full,0.0,10,30,False,ctrlA,online,,0.9225714206695557,1.0066189459903399,0.8560000061988831,0.022224737485249835,0.3282404839992523,0.9225714206695557,0.20600809156894684,2.368353412123937
waveform,full,0.0,10,30,False,ctrlB,online,,0.8880000114440918,0.9806476720114006,0.8686666488647461,0.03782173415025076,0.31985363364219666,0.8880000114440918,0.28240442276000977,5.41251975361389
waveform,full,0.0,10,30,False,adadecay,online,,0.9480000138282776,1.304672184996889,0.8513333201408386,0.051125612358252207,0.3642023503780365,0.9480000138282776,0.14577491581439972,
waveform,full,0.0,10,30,False,awd,online,,0.9819999933242798,1.125058009987697,0.8333333134651184,0.11731611126661301,0.6171993613243103,0.9819999933242798,0.057178374379873276,
waveform,full,0.0,10,30,False,swd,online,,0.9797142744064331,1.0248675939947134,0.8266666531562805,0.1149656194249789,0.5688406825065613,0.9797142744064331,0.062118347734212875,
waveform,full,0.0,10,30,False,cwd,online,,0.9714285731315613,1.1688266490091337,0.8379999995231628,0.08837944030761719,0.4550337791442871,0.9714285731315613,0.09411156922578812,
waveform,full,0.0,11,30,False,none,online,,0.9802857041358948,1.0219105549913365,0.8320000171661377,0.11898978679378829,0.6485246419906616,0.9802857041358948,0.060345202684402466,0.0
waveform,full,0.0,11,30,False,fixed1,online,,0.9311428666114807,1.0218967679975322,0.8566666841506958,0.028073901275793713,0.32051366567611694,0.9311428666114807,0.18925291299819946,2.523787577050926
waveform,full,0.0,11,30,False,ctrlA,online,,0.9259999990463257,0.9696748630085494,0.8500000238418579,0.025171995679537457,0.32115137577056885,0.9259999990463257,0.1955721378326416,2.364884136677527
waveform,full,0.0,11,30,False,ctrlB,online,,0.8837142586708069,0.9720749629923375,0.8679999709129333,0.02182167543967565,0.31575796008110046,0.8837142586708069,0.2797595262527466,5.76946701329805
waveform,full,0.0,11,30,False,adadecay,online,,0.9437142610549927,1.3243117450037971,0.846666693687439,0.06856840944290161,0.36988404393196106,0.9437142610549927,0.14411020278930664,
waveform,full,0.0,11,30,False,awd,online,,0.9819999933242798,1.0037808110064361,0.8353333473205566,0.11685554047425588,0.649782657623291,0.9819999933242798,0.0572645403444767,
waveform,full,0.0,11,30,False,swd,online,,0.9777143001556396,1.0579097160079982,0.8386666774749756,0.11017812834183376,0.6160048246383667,0.9777143001556396,0.0701337456703186,
waveform,full,0.0,11,30,False,cwd,online,,0.9628571271896362,1.0443201790039893,0.8479999899864197,0.08846328938007356,0.47164177894592285,0.9628571271896362,0.10299698263406754,
waveform,full,0.0,12,30,False,none,online,,0.9828571677207947,1.04179023100005,0.8446666598320007,0.11127551798025767,0.6692669987678528,0.9828571677207947,0.05273899808526039,0.0
waveform,full,0.0,12,30,False,fixed1,online,,0.9285714030265808,0.9617712809995282,0.8526666760444641,0.03791953390836716,0.33613696694374084,0.9285714030265808,0.18462252616882324,2.523787577050926
waveform,full,0.0,12,30,False,ctrlA,online,,0.9177142977714539,0.9369082790071843,0.8560000061988831,0.028196217775344853,0.33070677518844604,0.9177142977714539,0.20384757220745087,2.5611009836841965
waveform,full,0.0,12,30,False,ctrlB,online,,0.8865714073181152,0.9360651759925531,0.859333336353302,0.023410162409146628,0.3404300808906555,0.8865714073181152,0.2951614260673523,5.3844851191594465
waveform,full,0.0,12,30,False,adadecay,online,,0.9311428666114807,1.2176167240104405,0.8386666774749756,0.07764375187953312,0.424001544713974,0.9311428666114807,0.1641557216644287,
waveform,full,0.0,12,30,False,awd,online,,0.9782857298851013,1.0176109160092892,0.8446666598320007,0.11700005302826563,0.681658923625946,0.9782857298851013,0.057846277952194214,
waveform,full,0.0,12,30,False,swd,online,,0.9802857041358948,0.9715080430032685,0.8420000076293945,0.11124209696054459,0.6431293487548828,0.9802857041358948,0.060166846960783005,
waveform,full,0.0,12,30,False,cwd,online,,0.9674285650253296,1.0660421689972281,0.8446666598320007,0.08981922890742619,0.49124714732170105,0.9674285650253296,0.09144160896539688,
waveform,full,0.0,13,30,False,none,online,,0.9797142744064331,0.9761368140025297,0.8386666774749756,0.11792045015096665,0.6372168064117432,0.9797142744064331,0.060487616807222366,0.0
waveform,full,0.0,13,30,False,fixed1,online,,0.9331428408622742,0.9980350269906921,0.8546666502952576,0.049209866325060525,0.34843358397483826,0.9331428408622742,0.17808778584003448,2.523787577050926
waveform,full,0.0,13,30,False,ctrlA,online,,0.9242857098579407,0.9665809360012645,0.8566666841506958,0.026121134102344512,0.33411678671836853,0.9242857098579407,0.19902712106704712,2.576804874171337
waveform,full,0.0,13,30,False,ctrlB,online,,0.8865714073181152,0.9890450539969606,0.8633333444595337,0.02305949087937673,0.3302904963493347,0.8865714073181152,0.2717962861061096,5.374202869831353
waveform,full,0.0,13,30,False,adadecay,online,,0.9417142868041992,1.2801132040040102,0.8379999995231628,0.07788613373041153,0.4156968891620636,0.9417142868041992,0.15317867696285248,
waveform,full,0.0,13,30,False,awd,online,,0.9814285635948181,1.084826651000185,0.840666651725769,0.11125508099794387,0.625829815864563,0.9814285635948181,0.058503441512584686,
waveform,full,0.0,13,30,False,swd,online,,0.9817143082618713,1.0863689149991842,0.8420000076293945,0.11518231534957886,0.6030411124229431,0.9817143082618713,0.05784241482615471,
waveform,full,0.0,13,30,False,cwd,online,,0.9637143015861511,1.1694383149879286,0.8360000252723694,0.09662192930777867,0.4706994295120239,0.9637143015861511,0.10376504808664322,
waveform,full,0.0,14,30,False,none,online,,0.9902856945991516,0.9396674529998563,0.846666693687439,0.10491240473588308,0.5746189951896667,0.9902856945991516,0.04245543107390404,0.0
waveform,full,0.0,14,30,False,fixed1,online,,0.9302856922149658,0.9414901039999677,0.8546666502952576,0.03248052461942037,0.32421860098838806,0.9302856922149658,0.18207502365112305,2.523787577050926
waveform,full,0.0,14,30,False,ctrlA,online,,0.9259999990463257,1.0176000490027945,0.862666666507721,0.02478500463565191,0.31770041584968567,0.9259999990463257,0.19301050901412964,2.5179164643305656
waveform,full,0.0,14,30,False,ctrlB,online,,0.8897143006324768,1.0037428219948197,0.8659999966621399,0.01847831251223882,0.31094837188720703,0.8897143006324768,0.26362642645835876,5.208568578735258
waveform,full,0.0,14,30,False,adadecay,online,,0.9485714435577393,1.2727318859979277,0.8473333120346069,0.06395084804296494,0.36770740151405334,0.9485714435577393,0.14177680015563965,
waveform,full,0.0,14,30,False,awd,online,,0.9925714135169983,1.0754164359968854,0.8453333377838135,0.10677780705690383,0.6027052998542786,0.9925714135169983,0.03966808319091797,
waveform,full,0.0,14,30,False,swd,online,,0.9888571500778198,1.0410555390117224,0.846666693687439,0.10340992677211762,0.5410767793655396,0.9888571500778198,0.04761657863855362,
waveform,full,0.0,14,30,False,cwd,online,,0.9700000286102295,1.1194139500003075,0.8433333039283752,0.09448527395725251,0.46941736340522766,0.9700000286102295,0.08376225084066391,
waveform,full,0.2,10,30,False,none,online,,0.8360000252723694,1.0123819159925915,0.7279999852180481,0.09188008707761765,0.7300184965133667,0.8571428656578064,0.36920371651649475,0.0
waveform,full,0.2,10,30,False,fixed1,online,,0.8551428318023682,1.0185704510076903,0.800000011920929,0.08833241506417593,0.5382804870605469,0.7708571553230286,0.6066897511482239,2.523787577050926
waveform,full,0.2,10,30,False,ctrlA,online,,0.8528571724891663,0.9743104009976378,0.8006666898727417,0.08364292762676874,0.5442690253257751,0.7828571200370789,0.5892101526260376,1.9535815275129942
waveform,full,0.2,10,30,False,ctrlB,online,,0.8728571534156799,0.9786817599961068,0.8366666436195374,0.15821146460374194,0.514015793800354,0.7405714392662048,0.693791389465332,4.144699366613943
waveform,full,0.2,10,30,False,adadecay,online,,0.8565714359283447,1.2284757159941364,0.7873333096504211,0.06310805936654408,0.5489597320556641,0.7879999876022339,0.5716871023178101,
waveform,full,0.2,10,30,False,awd,online,,0.8271428346633911,1.0564204940019408,0.7293333411216736,0.10101922357082366,0.756960928440094,0.8642857074737549,0.363691121339798,
waveform,full,0.2,10,30,False,swd,online,,0.8351428508758545,0.9953266569937114,0.7379999756813049,0.07164023335774738,0.7109217047691345,0.854285717010498,0.39372187852859497,
waveform,full,0.2,10,30,False,cwd,online,,0.824571430683136,0.9801472599938279,0.7413333058357239,0.03944530649979909,0.6423156261444092,0.8174285888671875,0.4709088206291199,
waveform,full,0.2,11,30,False,none,online,,0.8282856941223145,0.926675017006346,0.7379999756813049,0.07606383647521336,0.7402203679084778,0.8502857089042664,0.38878777623176575,0.0
waveform,full,0.2,11,30,False,fixed1,online,,0.8588571548461914,0.95140867200098,0.8199999928474426,0.08673538957039516,0.507954478263855,0.7685714364051819,0.6078006625175476,2.523787577050926
waveform,full,0.2,11,30,False,ctrlA,online,,0.8557142615318298,0.9966104500053916,0.8106666803359985,0.07949036026000976,0.520605206489563,0.7742857336997986,0.5949822664260864,1.8153452077630001
waveform,full,0.2,11,30,False,ctrlB,online,,0.8648571372032166,1.0471762369998032,0.840666651725769,0.13609353935718535,0.47553160786628723,0.7300000190734863,0.70311439037323,4.4107780374828796
waveform,full,0.2,11,30,False,adadecay,online,,0.8534285426139832,1.2185915729933186,0.8199999928474426,0.07722536142667136,0.5185391306877136,0.7705714106559753,0.5916073322296143,
waveform,full,0.2,11,30,False,awd,online,,0.8242856860160828,1.0866219949966762,0.734666645526886,0.0811775726278623,0.7437412738800049,0.8408571481704712,0.4030817449092865,
waveform,full,0.2,11,30,False,swd,online,,0.8320000171661377,1.07422768799006,0.7406666874885559,0.0660548375248909,0.7013708353042603,0.8374285697937012,0.41677552461624146,
waveform,full,0.2,11,30,False,cwd,online,,0.8385714292526245,1.0592023320059525,0.7706666588783264,0.04778604932626089,0.6137903928756714,0.8145714402198792,0.47860920429229736,
waveform,full,0.2,12,30,False,none,online,,0.831428587436676,0.9793625239981338,0.7593333125114441,0.08540202758709589,0.7145162224769592,0.8560000061988831,0.3802430033683777,0.0
waveform,full,0.2,12,30,False,fixed1,online,,0.8560000061988831,0.9898908119939733,0.8159999847412109,0.0878113469084104,0.5065769553184509,0.7634285688400269,0.6240865588188171,2.523787577050926
waveform,full,0.2,12,30,False,ctrlA,online,,0.8545714020729065,0.9461000580049586,0.8173333406448364,0.08137102810541788,0.5146070718765259,0.7725714445114136,0.5996397137641907,1.8649741504664663
waveform,full,0.2,12,30,False,ctrlB,online,,0.8651428818702698,0.974949747993378,0.8373333215713501,0.13777816015481947,0.496001660823822,0.7345714569091797,0.707734227180481,3.9477517335735577
waveform,full,0.2,12,30,False,adadecay,online,,0.854285717010498,1.27101373700134,0.8186666369438171,0.08232318554321925,0.5055950880050659,0.7671428322792053,0.6045815944671631,
waveform,full,0.2,12,30,False,awd,online,,0.8299999833106995,1.187405270000454,0.7446666955947876,0.08739555788040161,0.7050122022628784,0.8522857427597046,0.3821273744106293,
waveform,full,0.2,12,30,False,swd,online,,0.8394285440444946,1.1341333399905125,0.7493333220481873,0.073138422002395,0.6652839183807373,0.8485714197158813,0.39238494634628296,
waveform,full,0.2,12,30,False,cwd,online,,0.8368571400642395,1.1068581639992772,0.7739999890327454,0.04223207122087479,0.5940127372741699,0.806857168674469,0.5004603862762451,
waveform,full,0.2,13,30,False,none,online,,0.8434285521507263,0.9357442320033442,0.7599999904632568,0.08379516340295473,0.7014610171318054,0.8820000290870667,0.31810882687568665,0.0
waveform,full,0.2,13,30,False,fixed1,online,,0.8788571357727051,0.9751584490004461,0.8259999752044678,0.07321151721477508,0.4824455976486206,0.777999997138977,0.5815637111663818,2.523787577050926
waveform,full,0.2,13,30,False,ctrlA,online,,0.8822857141494751,0.9012303019990213,0.8193333148956299,0.06390380944808324,0.48425084352493286,0.7839999794960022,0.5715298652648926,2.011866856564402
waveform,full,0.2,13,30,False,ctrlB,online,,0.8788571357727051,0.8950621529947966,0.8413333296775818,0.12965272690852483,0.4671313166618347,0.7451428771018982,0.6808103322982788,4.127276626886264
waveform,full,0.2,13,30,False,adadecay,online,,0.8791428804397583,1.3635108469898114,0.8173333406448364,0.06011665936311087,0.49841707944869995,0.7905714511871338,0.546113133430481,
waveform,full,0.2,13,30,False,awd,online,,0.8385714292526245,1.1614312389865518,0.7386666536331177,0.09819490158557892,0.7398536205291748,0.8837142586708069,0.30641838908195496,
waveform,full,0.2,13,30,False,swd,online,,0.8494285941123962,0.9337903080013348,0.7706666588783264,0.06485724180936814,0.6707903742790222,0.8565714359283447,0.35001853108406067,
waveform,full,0.2,13,30,False,cwd,online,,0.8494285941123962,1.028970465005841,0.7766666412353516,0.054063903450965886,0.5903794765472412,0.8254285454750061,0.4370770752429962,
waveform,full,0.2,14,30,False,none,online,,0.8217142820358276,0.9459275720000733,0.7273333072662354,0.08015281140804291,0.7735642194747925,0.8708571195602417,0.3628963232040405,0.0
waveform,full,0.2,14,30,False,fixed1,online,,0.8679999709129333,0.9014988190028816,0.812666654586792,0.0796436688899994,0.51181560754776,0.7680000066757202,0.6212421655654907,2.523787577050926
waveform,full,0.2,14,30,False,ctrlA,online,,0.8725714087486267,0.9161556559993187,0.809333324432373,0.07316360767682394,0.5169712901115417,0.772857129573822,0.6011538505554199,1.9697709288395175
waveform,full,0.2,14,30,False,ctrlB,online,,0.8674286007881165,0.928614798001945,0.8433333039283752,0.14895327393213906,0.49213340878486633,0.7262856960296631,0.7236523628234863,4.486970050309446
waveform,full,0.2,14,30,False,adadecay,online,,0.8651428818702698,1.2208697580063017,0.8133333325386047,0.08042084320386252,0.519736111164093,0.7708571553230286,0.6018460988998413,
waveform,full,0.2,14,30,False,awd,online,,0.8259999752044678,0.9628642430034233,0.7440000176429749,0.07872177668412526,0.7512500286102295,0.8608571290969849,0.3765568137168884,
waveform,full,0.2,14,30,False,swd,online,,0.831428587436676,1.085966118000215,0.7506666779518127,0.06719072689612707,0.7081291675567627,0.8451428413391113,0.4043888449668884,
waveform,full,0.2,14,30,False,cwd,online,,0.836571455001831,1.124095295992447,0.765333354473114,0.04828294901053111,0.6262422204017639,0.821142852306366,0.4686112105846405,
waveform,half,0.0,10,30,False,none,online,,1.0,1.064983246003976,0.8326666951179504,0.1387390934228897,0.951406717300415,1.0,0.0017687559593468904,0.0
waveform,half,0.0,10,30,False,fixed1,online,,0.9874285459518433,0.9529638960084412,0.8379999995231628,0.07833751980463664,0.3997657001018524,0.9874285459518433,0.06952697038650513,2.523787577050926
waveform,half,0.0,10,30,False,ctrlA,online,,0.9657142758369446,0.9355910279991804,0.8426666855812073,0.041929348230361936,0.350180447101593,0.9657142758369446,0.12650451064109802,3.3590042662782107
waveform,half,0.0,10,30,False,ctrlB,online,,0.9137142896652222,0.9334094149962766,0.8566666841506958,0.022858238061269125,0.3353569805622101,0.9137142896652222,0.2517457902431488,6.58355597911606
waveform,half,0.0,10,30,False,adadecay,online,,0.9925714135169983,1.196633170999121,0.8320000171661377,0.09670440324147542,0.475140780210495,0.9925714135169983,0.04690781980752945,
waveform,half,0.0,10,30,False,awd,online,,1.0,0.9803920830017887,0.831333339214325,0.1388151642481486,0.9451050758361816,1.0,0.0018859620904549956,
waveform,half,0.0,10,30,False,swd,online,,1.0,0.9133285970019642,0.8306666612625122,0.13552266140778857,0.7967121601104736,1.0,0.003683766582980752,
waveform,half,0.0,10,30,False,cwd,online,,1.0,0.9820574600016698,0.8266666531562805,0.12797360797723134,0.6751523613929749,1.0,0.009255090728402138,
waveform,half,0.0,11,30,False,none,online,,1.0,0.991710914997384,0.8453333377838135,0.1255449785590172,0.8922778964042664,1.0,0.0021936334669589996,0.0
waveform,half,0.0,11,30,False,fixed1,online,,0.991428554058075,0.9445209800032899,0.8573333621025085,0.06231985751787822,0.3923651874065399,0.991428554058075,0.06846284866333008,2.523787577050926
waveform,half,0.0,11,30,False,ctrlA,online,,0.9794285893440247,0.9842994280043058,0.8546666502952576,0.04371254446109136,0.3430667817592621,0.9794285893440247,0.11103807389736176,3.074591535243161
waveform,half,0.0,11,30,False,ctrlB,online,,0.9085714221000671,1.012243238001247,0.8633333444595337,0.028031834304332735,0.3198936879634857,0.9085714221000671,0.23418062925338745,6.318556061688056
waveform,half,0.0,11,30,False,adadecay,online,,0.9977142810821533,1.1552760820050025,0.8566666841506958,0.07831965857744216,0.4767494797706604,0.9977142810821533,0.03636345639824867,
waveform,half,0.0,11,30,False,awd,online,,1.0,1.063044793001609,0.843999981880188,0.1260872138341268,0.8955584168434143,1.0,0.002288950840011239,
waveform,half,0.0,11,30,False,swd,online,,1.0,0.9961432560085086,0.8460000157356262,0.1210160973072052,0.7664645314216614,1.0,0.004163237288594246,
waveform,half,0.0,11,30,False,cwd,online,,1.0,1.0237962609971873,0.8526666760444641,0.10660026462872824,0.6564127802848816,1.0,0.008187567815184593,
waveform,half,0.0,12,30,False,none,online,,1.0,1.0049843830056489,0.8366666436195374,0.12977797222137452,0.9193794131278992,1.0,0.0027027130126953125,0.0
waveform,half,0.0,12,30,False,fixed1,online,,0.9874285459518433,0.9980923809926026,0.8553333282470703,0.0690516193906466,0.3803335428237915,0.9874285459518433,0.07843300700187683,2.523787577050926
waveform,half,0.0,12,30,False,ctrlA,online,,0.9611428380012512,0.9808260809950298,0.8566666841506958,0.032713571806748706,0.33701449632644653,0.9611428380012512,0.12722042202949524,3.213625514744905
waveform,half,0.0,12,30,False,ctrlB,online,,0.9074285626411438,0.949737909992109,0.8600000143051147,0.03827622848749161,0.3310294449329376,0.9074285626411438,0.2636810839176178,6.512713183259677
waveform,half,0.0,12,30,False,adadecay,online,,0.9954285621643066,1.2290440220094752,0.8413333296775818,0.08499667116006215,0.4479292929172516,0.9954285621643066,0.04571612551808357,
waveform,half,0.0,12,30,False,awd,online,,1.0,1.1183234060008544,0.8393333554267883,0.12793115680416425,0.912497341632843,1.0,0.0027136392891407013,
waveform,half,0.0,12,30,False,swd,online,,1.0,1.0425580509909196,0.8433333039283752,0.1219458976984024,0.8128700256347656,1.0,0.004233930259943008,
waveform,half,0.0,12,30,False,cwd,online,,1.0,1.0461738320009317,0.8393333554267883,0.11404421681165695,0.6533986330032349,1.0,0.009642526507377625,
waveform,half,0.0,13,30,False,none,online,,1.0,0.9943125470017549,0.8433333039283752,0.12678098128239312,0.9308681488037109,1.0,0.0019321326399222016,0.0
waveform,half,0.0,13,30,False,fixed1,online,,0.9919999837875366,1.0328959149919683,0.8420000076293945,0.06869097079833349,0.40769660472869873,0.9919999837875366,0.0657351091504097,2.523787577050926
waveform,half,0.0,13,30,False,ctrlA,online,,0.972000002861023,1.0048498390096938,0.8526666760444641,0.039777084728082016,0.3581458330154419,0.972000002861023,0.10970618575811386,3.153623809209859
waveform,half,0.0,13,30,False,ctrlB,online,,0.9114285707473755,1.0789412470039679,0.8653333187103271,0.024009829004605614,0.3368021547794342,0.9114285707473755,0.2333366572856903,6.693029973197453
waveform,half,0.0,13,30,False,adadecay,online,,0.9977142810821533,1.3156310280028265,0.843999981880188,0.09532042727867762,0.4815349876880646,0.9977142810821533,0.034888267517089844,
waveform,half,0.0,13,30,False,awd,online,,1.0,1.139680556996609,0.8386666774749756,0.1311759244799614,0.9341081380844116,1.0,0.0019880898762494326,
waveform,half,0.0,13,30,False,swd,online,,1.0,1.0044575109932339,0.8386666774749756,0.12409850354989371,0.7827022075653076,1.0,0.003575057489797473,
waveform,half,0.0,13,30,False,cwd,online,,1.0,1.0579572360002203,0.8413333296775818,0.11540687251091003,0.6699532866477966,1.0,0.006484074518084526,
waveform,half,0.0,14,30,False,none,online,,1.0,1.010483898993698,0.8273333311080933,0.14253198033571243,0.9138885736465454,1.0,0.0020519192330539227,0.0
waveform,half,0.0,14,30,False,fixed1,online,,0.9834285974502563,1.042640024999855,0.8420000076293945,0.07775625987847645,0.4353087842464447,0.9834285974502563,0.0758102685213089,2.523787577050926
waveform,half,0.0,14,30,False,ctrlA,online,,0.9691428542137146,0.9971769130061148,0.8513333201408386,0.03913224478562673,0.3569144010543823,0.9691428542137146,0.13196341693401337,3.287927892006213
waveform,half,0.0,14,30,False,ctrlB,online,,0.9274285435676575,0.9786769330094103,0.8613333106040955,0.0210687735080719,0.3202758729457855,0.9274285435676575,0.23171792924404144,6.156043360376621
waveform,half,0.0,14,30,False,adadecay,online,,0.9891428351402283,1.0960725390032167,0.8399999737739563,0.09552654784917831,0.49372318387031555,0.9891428351402283,0.05161590501666069,
waveform,half,0.0,14,30,False,awd,online,,1.0,1.0159049200010486,0.828000009059906,0.14178056277831397,0.9184937477111816,1.0,0.0020287607330828905,
waveform,half,0.0,14,30,False,swd,online,,1.0,1.0513070550077828,0.8333333134651184,0.13453425524632134,0.8086565732955933,1.0,0.003706212155520916,
waveform,half,0.0,14,30,False,cwd,online,,1.0,1.0662343250005506,0.831333339214325,0.12357673788070678,0.694649338722229,1.0,0.007432249840348959,
waveform,half,0.2,10,30,False,none,online,,0.8165714144706726,0.871138547998271,0.6759999990463257,0.23693680502971015,1.6042712926864624,0.9971428513526917,0.024414511397480965,0.0
waveform,half,0.2,10,30,False,fixed1,online,,0.8479999899864197,0.8743038670072565,0.7293333411216736,0.07627258927623431,0.6877672672271729,0.9085714221000671,0.30186229944229126,2.523787577050926
waveform,half,0.2,10,30,False,ctrlA,online,,0.8679999709129333,0.8544424040010199,0.7606666684150696,0.03778524120648701,0.5962203741073608,0.8708571195602417,0.4059208631515503,3.1766371059115097
waveform,half,0.2,10,30,False,ctrlB,online,,0.8788571357727051,0.8927884270087816,0.8046666383743286,0.12454929033915202,0.541389524936676,0.7862856984138489,0.6220514178276062,6.024296757302234
waveform,half,0.2,10,30,False,adadecay,online,,0.8485714197158813,1.1008743379934458,0.7366666793823242,0.09189913670221964,0.7126709818840027,0.9148571491241455,0.2689826190471649,
waveform,half,0.2,10,30,False,awd,online,,0.8165714144706726,1.089385561994277,0.6846666932106018,0.2301933387120565,1.611095905303955,0.9977142810821533,0.024436375126242638,
waveform,half,0.2,10,30,False,swd,online,,0.817714273929596,0.9672133449930698,0.6880000233650208,0.2226759649912516,1.4514381885528564,0.99657142162323,0.032092928886413574,
waveform,half,0.2,10,30,False,cwd,online,,0.821142852306366,0.9756439399934607,0.6886666417121887,0.18600979242722193,1.124895453453064,0.991428554058075,0.08025074005126953,
waveform,half,0.2,11,30,False,none,online,,0.8074285984039307,0.8456324779981514,0.6766666769981384,0.23182076954841613,1.583893895149231,0.9994285702705383,0.023356551304459572,0.0
waveform,half,0.2,11,30,False,fixed1,online,,0.8354285955429077,0.8719939129950944,0.7260000109672546,0.06988255419333775,0.6874517202377319,0.9165714383125305,0.29788753390312195,2.523787577050926
waveform,half,0.2,11,30,False,ctrlA,online,,0.842285692691803,0.8469515929900808,0.7646666765213013,0.031218474845091503,0.5791215896606445,0.8691428303718567,0.4017125070095062,2.8595018450220437
waveform,half,0.2,11,30,False,ctrlB,online,,0.8628571629524231,0.8419162879872601,0.8206666707992554,0.12292195306221645,0.5121427178382874,0.7657142877578735,0.6079680323600769,5.547791488119794
waveform,half,0.2,11,30,False,adadecay,online,,0.833142876625061,1.0699762769945664,0.7379999756813049,0.07974029745658238,0.7037867307662964,0.9262857437133789,0.25835803151130676,
waveform,half,0.2,11,30,False,awd,online,,0.8057143092155457,1.0597279359935783,0.690666675567627,0.2229441329439481,1.5869581699371338,0.9977142810821533,0.02726912871003151,
waveform,half,0.2,11,30,False,swd,online,,0.806857168674469,0.938029661992914,0.6866666674613953,0.21598096474011735,1.4366384744644165,0.9977142810821533,0.039124760776758194,
waveform,half,0.2,11,30,False,cwd,online,,0.803428590297699,0.9718534650019137,0.6773333549499512,0.1903273485104243,1.1216192245483398,0.984000027179718,0.0994163528084755,
waveform,half,0.2,12,30,False,none,online,,0.7897142767906189,0.8558706089970656,0.6819999814033508,0.2363888551394145,1.7592096328735352,0.9977142810821533,0.03159364312887192,0.0
waveform,half,0.2,12,30,False,fixed1,online,,0.821142852306366,0.8356339760066476,0.7406666874885559,0.05651578883330027,0.6472304463386536,0.8965714573860168,0.32399433851242065,2.523787577050926
waveform,half,0.2,12,30,False,ctrlA,online,,0.8411428332328796,0.8984061049995944,0.7706666588783264,0.034914039969444276,0.5678445100784302,0.8725714087486267,0.4123670756816864,2.9710802604967665
waveform,half,0.2,12,30,False,ctrlB,online,,0.8565714359283447,0.9413945120031713,0.828000009059906,0.1382339013616244,0.5157880187034607,0.7617142796516418,0.6410292983055115,5.802362767631164
waveform,half,0.2,12,30,False,adadecay,online,,0.8251428604125977,0.9574093789997278,0.7386666536331177,0.07114668642481167,0.6664581298828125,0.8999999761581421,0.3014462888240814,
waveform,half,0.2,12,30,False,awd,online,,0.7897142767906189,0.9182653209863929,0.6793333292007446,0.2369690700173378,1.7361513376235962,0.9977142810821533,0.03032190538942814,
waveform,half,0.2,12,30,False,swd,online,,0.7914285659790039,0.9319815070048207,0.6759999990463257,0.2352370776236057,1.6574095487594604,0.9977142810821533,0.03435404971241951,
waveform,half,0.2,12,30,False,cwd,online,,0.7948571443557739,0.9523999109951546,0.6899999976158142,0.18319212333361307,1.100529670715332,0.9748571515083313,0.11622388660907745,
waveform,half,0.2,13,30,False,none,online,,0.8040000200271606,0.8461221409961581,0.6893333196640015,0.22972232570250828,1.7096681594848633,1.0,0.015998218208551407,0.0
waveform,half,0.2,13,30,False,fixed1,online,,0.8382856845855713,0.857643730007112,0.7486666440963745,0.06708418256044388,0.6486228704452515,0.9028571248054504,0.27664780616760254,2.523787577050926
waveform,half,0.2,13,30,False,ctrlA,online,,0.843999981880188,0.8457948910072446,0.7593333125114441,0.02678810234864553,0.5835910439491272,0.8617143034934998,0.38670313358306885,3.0413758006402984
waveform,half,0.2,13,30,False,ctrlB,online,,0.8782857060432434,0.8531158969999524,0.8299999833106995,0.12917264107863108,0.5005589723587036,0.7725714445114136,0.6028357744216919,6.020040069508303
waveform,half,0.2,13,30,False,adadecay,online,,0.8291428685188293,0.9020559030032018,0.737333357334137,0.09337686491012573,0.699978768825531,0.9188571572303772,0.2346709966659546,
waveform,half,0.2,13,30,False,awd,online,,0.8040000200271606,0.8837775910069467,0.6933333277702332,0.23241212305426598,1.7073795795440674,1.0,0.018076330423355103,
waveform,half,0.2,13,30,False,swd,online,,0.8040000200271606,0.841309021008783,0.6913333535194397,0.22562144673864046,1.563105583190918,0.9988571405410767,0.025698944926261902,
waveform,half,0.2,13,30,False,cwd,online,,0.8074285984039307,0.8544867140008137,0.6959999799728394,0.19498162722587586,1.1195240020751953,0.9897142648696899,0.07092864066362381,
waveform,half,0.2,14,30,False,none,online,,0.8040000200271606,0.8702944830001798,0.6753333210945129,0.22992214115460713,1.6344858407974243,0.9994285702705383,0.026464298367500305,0.0
waveform,half,0.2,14,30,False,fixed1,online,,0.8428571224212646,0.8802067810029257,0.7300000190734863,0.06756897830963134,0.6900331377983093,0.8771428465843201,0.35268568992614746,2.523787577050926
waveform,half,0.2,14,30,False,ctrlA,online,,0.8485714197158813,0.8367167800024617,0.762666642665863,0.02915428914626439,0.590092122554779,0.8451428413391113,0.4381106197834015,3.0364840812394984
waveform,half,0.2,14,30,False,ctrlB,online,,0.87371426820755,0.843486921992735,0.8326666951179504,0.13656572868426642,0.5048061609268188,0.7611428499221802,0.638916015625,5.922329146366974
waveform,half,0.2,14,30,False,adadecay,online,,0.8371428847312927,1.0948413379956037,0.734666645526886,0.08538885239760081,0.7371854782104492,0.8794285655021667,0.3251597583293915,
waveform,half,0.2,14,30,False,awd,online,,0.8045714497566223,1.084512089000782,0.6639999747276306,0.24008570555845893,1.6831979751586914,0.9988571405410767,0.026341421529650688,
waveform,half,0.2,14,30,False,swd,online,,0.8022857308387756,0.8678820670029381,0.6759999990463257,0.22592900998393695,1.565717339515686,0.99657142162323,0.03560837358236313,
waveform,half,0.2,14,30,False,cwd,online,,0.803428590297699,1.0369679879950127,0.6840000152587891,0.1824253924091657,1.1399632692337036,0.9708571434020996,0.12383165955543518,
mfeat,full,0.0,10,30,False,none,online,,1.0,0.8563614820013754,0.9583333134651184,0.01669472803672155,0.14373347163200378,1.0,0.002679737051948905,0.0
mfeat,full,0.0,10,30,False,fixed1,online,,1.0,0.8737350339943077,0.9666666388511658,0.032410000463326774,0.12752655148506165,1.0,0.025637801736593246,0.9914879766985781
mfeat,full,0.0,10,30,False,ctrlA,online,,0.9907143115997314,0.8602561930019874,0.9616666436195374,0.07299382403492927,0.1764622926712036,0.9907143115997314,0.10364517569541931,2.7031199311526994
mfeat,full,0.0,10,30,False,ctrlB,online,,0.9750000238418579,0.8681409599957988,0.949999988079071,0.1779857385158539,0.3255440592765808,0.9750000238418579,0.2746082544326782,4.444402381032684
mfeat,full,0.0,10,30,False,adadecay,online,,1.0,0.8601232279906981,0.9599999785423279,0.026364551385243733,0.1339811384677887,1.0,0.02495672181248665,
mfeat,full,0.0,10,30,False,awd,online,,1.0,0.8461120540014235,0.9583333134651184,0.016985944062471392,0.14389467239379883,1.0,0.002680622274056077,
mfeat,full,0.0,10,30,False,swd,online,,1.0,0.848697932990035,0.9583333134651184,0.014376820921897888,0.1360914260149002,1.0,0.004693095572292805,
mfeat,full,0.0,10,30,False,cwd,online,,1.0,0.8390826319955522,0.9649999737739563,0.019734696547190348,0.12300097197294235,1.0,0.003912079613655806,
mfeat,full,0.0,11,30,False,none,online,,1.0,0.8418443819973618,0.9666666388511658,0.01512289792299271,0.12644556164741516,1.0,0.0026983877178281546,0.0
mfeat,full,0.0,11,30,False,fixed1,online,,1.0,0.8516560969874263,0.9683333039283752,0.03490479004879793,0.11468181759119034,1.0,0.028048114851117134,0.9914879766985781
mfeat,full,0.0,11,30,False,ctrlA,online,,0.9900000095367432,0.836237193987472,0.9599999785423279,0.07626803780595462,0.1765279620885849,0.9900000095367432,0.10583820939064026,2.602812034208599
mfeat,full,0.0,11,30,False,ctrlB,online,,0.9750000238418579,0.8642066949978471,0.949999988079071,0.18709491908550263,0.3382795453071594,0.9750000238418579,0.2875928282737732,4.631495583311379
mfeat,full,0.0,11,30,False,adadecay,online,,1.0,0.8629150680062594,0.9733333587646484,0.028169145559271178,0.11169061064720154,1.0,0.024175073951482773,
mfeat,full,0.0,11,30,False,awd,online,,1.0,0.8501480539998738,0.9649999737739563,0.012169792652130126,0.12575680017471313,1.0,0.0027058154810220003,
mfeat,full,0.0,11,30,False,swd,online,,1.0,0.847116635995917,0.9683333039283752,0.015272494306166966,0.11571474373340607,1.0,0.004984804429113865,
mfeat,full,0.0,11,30,False,cwd,online,,1.0,0.858956632000627,0.9683333039283752,0.017175106604894002,0.10711620002985,1.0,0.003711893456056714,
mfeat,full,0.0,12,30,False,none,online,,1.0,0.8576390410016757,0.9633333086967468,0.015482704664270083,0.12200526148080826,1.0,0.003010930260643363,0.0
mfeat,full,0.0,12,30,False,fixed1,online,,0.9992856979370117,0.86224596700049,0.9683333039283752,0.029315850362181664,0.11890769749879837,0.9992856979370117,0.029351642355322838,0.9914879766985781
mfeat,full,0.0,12,30,False,ctrlA,online,,0.991428554058075,0.8341008470015367,0.9649999737739563,0.08144157379865646,0.1806367039680481,0.991428554058075,0.11022087186574936,2.6540847657998765
mfeat,full,0.0,12,30,False,ctrlB,online,,0.9714285731315613,0.8376813280046917,0.9549999833106995,0.1619919389486313,0.29541879892349243,0.9714285731315613,0.2464572638273239,4.527376624570553
mfeat,full,0.0,12,30,False,adadecay,online,,0.9992856979370117,0.859049293998396,0.9733333587646484,0.036800937776764235,0.1181093230843544,0.9992856979370117,0.02634425088763237,
mfeat,full,0.0,12,30,False,awd,online,,1.0,0.8520524689956801,0.9633333086967468,0.015504516164461773,0.12196463346481323,1.0,0.0030018752440810204,
mfeat,full,0.0,12,30,False,swd,online,,1.0,0.8539898860035464,0.9633333086967468,0.014143012563387555,0.11561185121536255,1.0,0.00532913114875555,
mfeat,full,0.0,12,30,False,cwd,online,,1.0,0.8530208220036002,0.9633333086967468,0.016068204243977865,0.11116166412830353,1.0,0.004439010750502348,
mfeat,full,0.0,13,30,False,none,online,,1.0,0.86515265100752,0.9666666388511658,0.01484474485119184,0.13659250736236572,1.0,0.0028308373875916004,0.0
mfeat,full,0.0,13,30,False,fixed1,online,,1.0,0.8739347170048859,0.9683333039283752,0.03825868864854177,0.1270190328359604,1.0,0.028468681499361992,0.9914879766985781
mfeat,full,0.0,13,30,False,ctrlA,online,,0.9928571581840515,0.8802301779942354,0.9616666436195374,0.07574195767442386,0.17918521165847778,0.9928571581840515,0.10094313323497772,2.5417621083635686
mfeat,full,0.0,13,30,False,ctrlB,online,,0.9742857217788696,0.8788532030011993,0.95333331823349,0.1532834660510222,0.28825199604034424,0.9742857217788696,0.22928224503993988,4.320521730951494
mfeat,full,0.0,13,30,False,adadecay,online,,1.0,0.8906521019962383,0.9633333086967468,0.026579293111960094,0.13194440305233002,1.0,0.02484579011797905,
mfeat,full,0.0,13,30,False,awd,online,,1.0,0.885248528997181,0.9666666388511658,0.01574655517935753,0.13655985891819,1.0,0.002832014812156558,
mfeat,full,0.0,13,30,False,swd,online,,1.0,0.8526057709968882,0.9666666388511658,0.01127655824025472,0.12722383439540863,1.0,0.0051839775405824184,
mfeat,full,0.0,13,30,False,cwd,online,,1.0,0.8663513479987159,0.9700000286102295,0.014282055348157881,0.11568956077098846,1.0,0.004099431913346052,
mfeat,full,0.0,14,30,False,none,online,,1.0,0.8532298229984008,0.9700000286102295,0.011434891919294993,0.1311260163784027,1.0,0.0028815590776503086,0.0
mfeat,full,0.0,14,30,False,fixed1,online,,0.9992856979370117,0.8627441010030452,0.971666693687439,0.025510709335406626,0.12004805356264114,0.9992856979370117,0.02792818285524845,0.9914879766985781
mfeat,full,0.0,14,30,False,ctrlA,online,,0.991428554058075,0.8373972599947592,0.95333331823349,0.06715750428537529,0.18551233410835266,0.991428554058075,0.104461669921875,2.637115339527931
mfeat,full,0.0,14,30,False,ctrlB,online,,0.977142870426178,0.83534115900693,0.9433333277702332,0.14097320877015593,0.30060431361198425,0.977142870426178,0.23919235169887543,4.582220506906559
mfeat,full,0.0,14,30,False,adadecay,online,,1.0,0.8594876129936893,0.9683333039283752,0.02376945808529854,0.11898188292980194,1.0,0.025223173201084137,
mfeat,full,0.0,14,30,False,awd,online,,1.0,0.8551221730012912,0.9700000286102295,0.012107701500256855,0.1310744434595108,1.0,0.0028830310329794884,
mfeat,full,0.0,14,30,False,swd,online,,1.0,0.8744604389939923,0.9700000286102295,0.014200646330912907,0.12016204744577408,1.0,0.005320766009390354,
mfeat,full,0.0,14,30,False,cwd,online,,1.0,0.8698210919974372,0.971666693687439,0.00957304244240125,0.11345073580741882,1.0,0.004049783572554588,
mfeat,full,0.2,10,30,False,none,online,,0.8571428656578064,0.8613376450084615,0.8316666483879089,0.03367554686963558,0.580181896686554,0.9078571200370789,0.31566712260246277,0.0
mfeat,full,0.2,10,30,False,fixed1,online,,0.9214285612106323,0.8666501529951347,0.8949999809265137,0.16696148052811624,0.4984135031700134,0.8378571271896362,0.5925188064575195,0.9914879766985781
mfeat,full,0.2,10,30,False,ctrlA,online,,0.9578571319580078,0.8654141690058168,0.9266666769981384,0.2817798155049483,0.5438524484634399,0.7964285612106323,0.8576506972312927,2.390316556354789
mfeat,full,0.2,10,30,False,ctrlB,online,,0.9535714387893677,0.8959696929960046,0.9366666674613953,0.362488223016262,0.6463471055030823,0.7799999713897705,1.027305006980896,3.883859377768057
mfeat,full,0.2,10,30,False,adadecay,online,,0.9107142686843872,1.0226274760061642,0.8849999904632568,0.1476662327349186,0.5058536529541016,0.8485714197158813,0.565618097782135,
mfeat,full,0.2,10,30,False,awd,online,,0.8585714101791382,0.8538717140036169,0.8233333230018616,0.04528740669290225,0.5793160796165466,0.9092857241630554,0.3191591501235962,
mfeat,full,0.2,10,30,False,swd,online,,0.8621428608894348,0.8822826289979275,0.8349999785423279,0.04395609050989151,0.5673999786376953,0.9064285755157471,0.3394714593887329,
mfeat,full,0.2,10,30,False,cwd,online,,0.8728571534156799,0.8487842419999652,0.8399999737739563,0.07260200579961142,0.5426989793777466,0.8985714316368103,0.3689849078655243,
mfeat,full,0.2,11,30,False,none,online,,0.8607142567634583,0.8466341089952039,0.8333333134651184,0.02995381288230419,0.551960289478302,0.925000011920929,0.2902877926826477,0.0
mfeat,full,0.2,11,30,False,fixed1,online,,0.927142858505249,0.8545223949913634,0.8999999761581421,0.15185016525288422,0.4578093886375427,0.8478571176528931,0.5761933922767639,0.9914879766985781
mfeat,full,0.2,11,30,False,ctrlA,online,,0.9585714340209961,0.8690876330074389,0.9366666674613953,0.26597007051110266,0.5009458065032959,0.8014285564422607,0.822688102722168,2.2607716017911317
mfeat,full,0.2,11,30,False,ctrlB,online,,0.9585714340209961,0.8660289569961606,0.9466666579246521,0.3332970636834702,0.5849261283874512,0.7900000214576721,0.9505274891853333,3.3347995250188185
mfeat,full,0.2,11,30,False,adadecay,online,,0.9221428632736206,0.9761351569904946,0.903333306312561,0.14560289288560546,0.462890625,0.8535714149475098,0.5468806028366089,
mfeat,full,0.2,11,30,False,awd,online,,0.8628571629524231,0.8400049839983694,0.8366666436195374,0.021330557689070703,0.5612071752548218,0.9264285564422607,0.2922651767730713,
mfeat,full,0.2,11,30,False,swd,online,,0.8657143115997314,0.885124801992788,0.8416666388511658,0.04324943025906881,0.5409881472587585,0.9200000166893005,0.307475745677948,
mfeat,full,0.2,11,30,False,cwd,online,,0.8764285445213318,0.8753398160042707,0.846666693687439,0.04293308176100254,0.5141098499298096,0.9128571152687073,0.331188440322876,
mfeat,full,0.2,12,30,False,none,online,,0.8642857074737549,0.8541448899923125,0.8516666889190674,0.06874435765047868,0.5333548188209534,0.8928571343421936,0.376519113779068,0.0
mfeat,full,0.2,12,30,False,fixed1,online,,0.9399999976158142,0.8687486409908161,0.9200000166893005,0.20703742782274884,0.4760426878929138,0.8142856955528259,0.6632086038589478,0.9914879766985781
mfeat,full,0.2,12,30,False,ctrlA,online,,0.9571428298950195,0.8610933640011353,0.9300000071525574,0.2974675469597181,0.5567823052406311,0.7771428823471069,0.9087795615196228,2.3095671519693464
mfeat,full,0.2,12,30,False,ctrlB,online,,0.9535714387893677,0.8805351449991576,0.9316666722297668,0.3650839614619812,0.6636857986450195,0.7621428370475769,1.060989499092102,3.8281611213461764
mfeat,full,0.2,12,30,False,adadecay,online,,0.9328571557998657,1.0212303699954646,0.9166666865348816,0.19589731425046922,0.4713534414768219,0.8221428394317627,0.6254846453666687,
mfeat,full,0.2,12,30,False,awd,online,,0.8671428561210632,0.8042589079996105,0.8533333539962769,0.07278390412529309,0.5274944305419922,0.8921428322792053,0.3784661889076233,
mfeat,full,0.2,12,30,False,swd,online,,0.8757143020629883,0.8738673690095311,0.8583333492279053,0.08206386752426624,0.5140053033828735,0.883571445941925,0.40097931027412415,
mfeat,full,0.2,12,30,False,cwd,online,,0.883571445941925,0.8663126000028569,0.878333330154419,0.09997000897924105,0.49148687720298767,0.8799999952316284,0.4155559539794922,
mfeat,full,0.2,13,30,False,none,online,,0.8778571486473083,0.852957733994117,0.8450000286102295,0.0412440670778354,0.5140140652656555,0.9214285612106323,0.2947193384170532,0.0
mfeat,full,0.2,13,30,False,fixed1,online,,0.9392856955528259,0.8345460560085485,0.8949999809265137,0.14926896691322325,0.46960926055908203,0.8450000286102295,0.5642340779304504,0.9914879766985781
mfeat,full,0.2,13,30,False,ctrlA,online,,0.9635714292526245,0.8598873640003148,0.92166668176651,0.25661057703197004,0.5198215842247009,0.8028571605682373,0.8218730092048645,2.296506183402261
mfeat,full,0.2,13,30,False,ctrlB,online,,0.9599999785423279,0.848607957988861,0.9366666674613953,0.33522463406125713,0.5990144610404968,0.7878571152687073,0.9723735451698303,3.7895789231506516
mfeat,full,0.2,13,30,False,adadecay,online,,0.9328571557998657,0.9444559809926432,0.8866666555404663,0.13835207521915435,0.4803405702114105,0.854285717010498,0.531384289264679,
mfeat,full,0.2,13,30,False,awd,online,,0.8799999952316284,0.8312711299950024,0.8450000286102295,0.04342146863540014,0.5125465989112854,0.9200000166893005,0.2953852713108063,
mfeat,full,0.2,13,30,False,swd,online,,0.8864285945892334,0.8682076270051766,0.8583333492279053,0.05002035414179166,0.49169519543647766,0.9142857193946838,0.3142562508583069,
mfeat,full,0.2,13,30,False,cwd,online,,0.9021428823471069,0.8750717340008123,0.8650000095367432,0.06845803608496984,0.4689851999282837,0.895714282989502,0.347244530916214,
mfeat,full,0.2,14,30,False,none,online,,0.8378571271896362,0.8618154220021097,0.8033333420753479,0.04202864800890287,0.6469496488571167,0.9221428632736206,0.29966530203819275,0.0
mfeat,full,0.2,14,30,False,fixed1,online,,0.9264285564422607,0.8672840299987001,0.878333330154419,0.15979975591103235,0.5123153328895569,0.8271428346633911,0.6040766835212708,0.9914879766985781
mfeat,full,0.2,14,30,False,ctrlA,online,,0.9571428298950195,0.8563927029899787,0.925000011920929,0.28464167423546316,0.5562180876731873,0.7814285755157471,0.888395369052887,2.3488996441850527
mfeat,full,0.2,14,30,False,ctrlB,online,,0.9492856860160828,0.8813782779907342,0.9316666722297668,0.3568258488426606,0.653023362159729,0.7635714411735535,1.0467157363891602,3.869625942464258
mfeat,full,0.2,14,30,False,adadecay,online,,0.9150000214576721,0.944917971995892,0.871666669845581,0.14598592743277553,0.5102290511131287,0.8378571271896362,0.574140727519989,
mfeat,full,0.2,14,30,False,awd,online,,0.8435714244842529,0.8682463609875413,0.8050000071525574,0.03999026482303937,0.6284781098365784,0.9200000166893005,0.29910629987716675,
mfeat,full,0.2,14,30,False,swd,online,,0.845714271068573,0.8785425490059424,0.8116666674613953,0.040076846877733864,0.6274728178977966,0.9100000262260437,0.32065871357917786,
mfeat,full,0.2,14,30,False,cwd,online,,0.8550000190734863,0.8802930459933123,0.8166666626930237,0.04554103938241799,0.5966184139251709,0.8992857336997986,0.3596768081188202,
mfeat,half,0.0,10,30,False,none,online,,1.0,0.8589607540052384,0.9283333420753479,0.03864062731464704,0.2680046260356903,1.0,0.0011941272532567382,0.0
mfeat,half,0.0,10,30,False,fixed1,online,,1.0,0.85983721500088,0.9266666769981384,0.03098779852191607,0.21822509169578552,1.0,0.015281056985259056,0.9914879766985781
mfeat,half,0.0,10,30,False,ctrlA,online,,0.9971428513526917,0.8413201840012334,0.9300000071525574,0.06965949131796759,0.2517709732055664,0.9971428513526917,0.07404986023902893,2.8228534319580874
mfeat,half,0.0,10,30,False,ctrlB,online,,0.9928571581840515,0.8833572870062198,0.925000011920929,0.16822710685431957,0.3712455630302429,0.9928571581840515,0.22776970267295837,4.694025520815086
mfeat,half,0.0,10,30,False,adadecay,online,,1.0,0.9875496570020914,0.9183333516120911,0.028244566991925242,0.2361609935760498,1.0,0.01553492434322834,
mfeat,half,0.0,10,30,False,awd,online,,1.0,0.8484073080035159,0.9266666769981384,0.03998825579881668,0.267404705286026,1.0,0.0011916178045794368,
mfeat,half,0.0,10,30,False,swd,online,,1.0,0.9194628130062483,0.925000011920929,0.03103675310810407,0.2465001940727234,1.0,0.0026396389584988356,
mfeat,half,0.0,10,30,False,cwd,online,,1.0,0.8356104670092463,0.9300000071525574,0.035180404819548136,0.238906130194664,1.0,0.001338746165856719,
mfeat,half,0.0,11,30,False,none,online,,1.0,0.8580996930104448,0.9466666579246521,0.020789258182048798,0.19229623675346375,1.0,0.0014822082594037056,0.0
mfeat,half,0.0,11,30,False,fixed1,online,,1.0,0.8478216789953876,0.9516666531562805,0.02107298711935679,0.16925929486751556,1.0,0.018671292811632156,0.9914879766985781
mfeat,half,0.0,11,30,False,ctrlA,online,,1.0,0.8894774360087467,0.9449999928474426,0.0661405569066604,0.2167329639196396,1.0,0.07139941304922104,2.6291844059734255
mfeat,half,0.0,11,30,False,ctrlB,online,,0.9900000095367432,0.836997666003299,0.9333333373069763,0.14923806664844355,0.33775782585144043,0.9900000095367432,0.21348822116851807,4.37258613923651
mfeat,half,0.0,11,30,False,adadecay,online,,1.0,0.9534570520045236,0.9466666579246521,0.028752161512772247,0.1720632016658783,1.0,0.018037578091025352,
mfeat,half,0.0,11,30,False,awd,online,,1.0,0.8394971840025391,0.9466666579246521,0.022846865902344384,0.19346405565738678,1.0,0.0014817883493378758,
mfeat,half,0.0,11,30,False,swd,online,,1.0,0.845436037008767,0.9483333230018616,0.016041800876458488,0.1773078590631485,1.0,0.003425072180107236,
mfeat,half,0.0,11,30,False,cwd,online,,1.0,0.9160503070015693,0.9483333230018616,0.02331874628861745,0.16760753095149994,1.0,0.0016452018171548843,
mfeat,half,0.0,12,30,False,none,online,,1.0,0.8546024399984162,0.9416666626930237,0.02059906671444575,0.1971433162689209,1.0,0.0015718057984486222,0.0
mfeat,half,0.0,12,30,False,fixed1,online,,1.0,0.8685964040050749,0.9516666531562805,0.033509768719474475,0.16474086046218872,1.0,0.019375940784811974,0.9914879766985781
mfeat,half,0.0,12,30,False,ctrlA,online,,0.9971428513526917,0.8431768369919155,0.9483333230018616,0.07621843159198761,0.21142984926700592,0.9971428513526917,0.08220680058002472,2.762324030649136
mfeat,half,0.0,12,30,False,ctrlB,online,,0.9828571677207947,0.8949964509956772,0.9466666579246521,0.1733453434209029,0.3392270505428314,0.9828571677207947,0.23990687727928162,4.878792833483077
mfeat,half,0.0,12,30,False,adadecay,online,,1.0,1.022005075996276,0.9449999928474426,0.02949251413345337,0.1783406138420105,1.0,0.01873750612139702,
mfeat,half,0.0,12,30,False,awd,online,,1.0,0.8250036730023567,0.9416666626930237,0.020599136799573897,0.1971661001443863,1.0,0.0015723598189651966,
mfeat,half,0.0,12,30,False,swd,online,,1.0,0.8098689269972965,0.9449999928474426,0.014369956801335019,0.18011082708835602,1.0,0.0035033293534070253,
mfeat,half,0.0,12,30,False,cwd,online,,1.0,0.8728862080024555,0.949999988079071,0.018078415890534716,0.17118921875953674,1.0,0.0018504216568544507,
mfeat,half,0.0,13,30,False,none,online,,1.0,0.8537695660052123,0.9433333277702332,0.027983591333031653,0.2022983431816101,1.0,0.0015174390282481909,0.0
mfeat,half,0.0,13,30,False,fixed1,online,,1.0,0.8434278640052071,0.9516666531562805,0.030733855366706846,0.16826893389225006,1.0,0.01850084960460663,0.9914879766985781
mfeat,half,0.0,13,30,False,ctrlA,online,,1.0,0.8406185589992674,0.9466666579246521,0.07328985216716925,0.2126515656709671,1.0,0.07445399463176727,2.633538914153556
mfeat,half,0.0,13,30,False,ctrlB,online,,0.9857142567634583,0.8490415400010534,0.9449999928474426,0.1769355095922947,0.346223920583725,0.9857142567634583,0.23868364095687866,4.783487518914305
mfeat,half,0.0,13,30,False,adadecay,online,,1.0,1.03452419200039,0.9549999833106995,0.030522434264421465,0.17756055295467377,1.0,0.01892106793820858,
mfeat,half,0.0,13,30,False,awd,online,,1.0,0.8597449639928527,0.9433333277702332,0.02553237644334634,0.20226117968559265,1.0,0.0015178305329754949,
mfeat,half,0.0,13,30,False,swd,online,,1.0,0.8695975309965434,0.9433333277702332,0.026585695544878638,0.18503177165985107,1.0,0.0034310088958591223,
mfeat,half,0.0,13,30,False,cwd,online,,1.0,0.8861973919993034,0.9516666531562805,0.01835717904071013,0.1690468192100525,1.0,0.0017403485253453255,
mfeat,half,0.0,14,30,False,none,online,,1.0,0.8773290230019484,0.9449999928474426,0.029153512641787525,0.20886655151844025,1.0,0.0010860644979402423,0.0
mfeat,half,0.0,14,30,False,fixed1,online,,1.0,0.880264879000606,0.9466666579246521,0.03068050456543763,0.16849267482757568,1.0,0.01420450210571289,0.9914879766985781
mfeat,half,0.0,14,30,False,ctrlA,online,,1.0,0.8707825650053564,0.9483333230018616,0.06577411820491155,0.20489220321178436,1.0,0.06376226991415024,2.7263564051700646
mfeat,half,0.0,14,30,False,ctrlB,online,,0.9928571581840515,0.868897209991701,0.9366666674613953,0.11735441389183204,0.2866879999637604,0.9928571581840515,0.15509846806526184,4.391526157118529
mfeat,half,0.0,14,30,False,adadecay,online,,1.0,0.9818500440014759,0.9449999928474426,0.02140467931826909,0.17373080551624298,1.0,0.01478694099932909,
mfeat,half,0.0,14,30,False,awd,online,,1.0,0.8483038419944933,0.9449999928474426,0.02845917212466399,0.20877060294151306,1.0,0.0010867660166695714,
mfeat,half,0.0,14,30,False,swd,online,,1.0,0.8469508389971452,0.9433333277702332,0.020071171273787818,0.1942494660615921,1.0,0.002546034986153245,
mfeat,half,0.0,14,30,False,cwd,online,,1.0,0.8492596850119298,0.9516666531562805,0.019357103457053503,0.17851917445659637,1.0,0.0014666649512946606,
mfeat,half,0.2,10,30,False,none,online,,0.7985714077949524,0.8377487980033038,0.7950000166893005,0.07668763354420662,0.9257106781005859,0.9957143068313599,0.034860532730817795,0.0
mfeat,half,0.2,10,30,False,fixed1,online,,0.8157142996788025,0.8485705040075118,0.8116666674613953,0.0567356213927269,0.6811262369155884,0.977142870426178,0.1762537658214569,0.9914879766985781
mfeat,half,0.2,10,30,False,ctrlA,online,,0.9428571462631226,0.8536111249995884,0.878333330154419,0.2658971291283766,0.6556789875030518,0.8185714483261108,0.7053530216217041,2.9874907316441237
mfeat,half,0.2,10,30,False,ctrlB,online,,0.9428571462631226,0.8635799519979628,0.9100000262260437,0.3704264723012845,0.7506011724472046,0.7742857336997986,0.9380866289138794,4.322228970455241
mfeat,half,0.2,10,30,False,adadecay,online,,0.8185714483261108,0.9923640250053722,0.8016666769981384,0.03954563116033872,0.7088382840156555,0.9728571176528931,0.16433168947696686,
mfeat,half,0.2,10,30,False,awd,online,,0.7985714077949524,0.831254404009087,0.800000011920929,0.06525467678904534,0.9238956570625305,0.9957143068313599,0.034740425646305084,
mfeat,half,0.2,10,30,False,swd,online,,0.7985714077949524,0.8302453369979048,0.7983333468437195,0.0672997698187828,0.8812760710716248,0.9957143068313599,0.04011717438697815,
mfeat,half,0.2,10,30,False,cwd,online,,0.7985714077949524,0.8560493300028611,0.7916666865348816,0.06747180936237177,0.8569576740264893,0.9957143068313599,0.04299553111195564,
mfeat,half,0.2,11,30,False,none,online,,0.8042857050895691,0.8352924510109005,0.8016666769981384,0.07609381621082624,0.7329312562942505,0.9985714554786682,0.02603265456855297,0.0
mfeat,half,0.2,11,30,False,fixed1,online,,0.8342857360839844,0.8331687839963706,0.8399999737739563,0.05567632431785265,0.5276006460189819,0.9657142758369446,0.18159784376621246,0.9914879766985781
mfeat,half,0.2,11,30,False,ctrlA,online,,0.9342857003211975,0.8225961499992991,0.8933333158493042,0.23118119622270267,0.5776064395904541,0.8342857360839844,0.6540040969848633,2.833661470945192
mfeat,half,0.2,11,30,False,ctrlB,online,,0.9485714435577393,0.8172624040016672,0.8999999761581421,0.31461071136097113,0.6706715226173401,0.7971428632736206,0.8838284015655518,4.196557115619364
mfeat,half,0.2,11,30,False,adadecay,online,,0.8271428346633911,0.9569793289992958,0.8383333086967468,0.048314803044001264,0.5427535772323608,0.9728571176528931,0.15465901792049408,
mfeat,half,0.2,11,30,False,awd,online,,0.8042857050895691,0.8599378879880533,0.8033333420753479,0.08234230888386568,0.7304006814956665,0.9985714554786682,0.025563964620232582,
mfeat,half,0.2,11,30,False,swd,online,,0.8042857050895691,0.81232340799761,0.8100000023841858,0.0625782682746649,0.6967084407806396,0.9985714554786682,0.0330021008849144,
mfeat,half,0.2,11,30,False,cwd,online,,0.8042857050895691,0.8394504719908582,0.8216666579246521,0.05170081242918969,0.6467072367668152,0.9985714554786682,0.036267638206481934,
mfeat,half,0.2,12,30,False,none,online,,0.7785714268684387,0.8208229419979034,0.7716666460037231,0.09982846745600302,0.896415114402771,0.9985714554786682,0.0292989369481802,0.0
mfeat,half,0.2,12,30,False,fixed1,online,,0.8057143092155457,0.8808954600099241,0.8133333325386047,0.05180581952134768,0.6367505192756653,0.9671428799629211,0.20029690861701965,0.9914879766985781
mfeat,half,0.2,12,30,False,ctrlA,online,,0.9371428489685059,0.8356117359944619,0.8983333110809326,0.2723921441286802,0.6238350868225098,0.8171428442001343,0.7317067384719849,2.8688889294021545
mfeat,half,0.2,12,30,False,ctrlB,online,,0.941428542137146,0.8642040390113834,0.9150000214576721,0.35250600991149744,0.700557291507721,0.7771428823471069,0.9457635283470154,4.091828159789324
mfeat,half,0.2,12,30,False,adadecay,online,,0.800000011920929,0.9893225869891467,0.8050000071525574,0.04364044487476349,0.6628473997116089,0.9757142663002014,0.16906407475471497,
mfeat,half,0.2,12,30,False,awd,online,,0.7785714268684387,0.869001668994315,0.7733333110809326,0.09721495658159256,0.8984779119491577,0.9985714554786682,0.029080979526042938,
mfeat,half,0.2,12,30,False,swd,online,,0.7785714268684387,0.8332544090080773,0.7833333611488342,0.08118693786362807,0.8610590696334839,0.9985714554786682,0.0350579172372818,
mfeat,half,0.2,12,30,False,cwd,online,,0.7799999713897705,0.8457217069953913,0.7749999761581421,0.07861514267822106,0.8291721940040588,0.9971428513526917,0.03950086981058121,
mfeat,half,0.2,13,30,False,none,online,,0.822857141494751,0.875444894991233,0.79666668176651,0.07984766160448392,0.8452645540237427,0.9971428513526917,0.027228742837905884,0.0
mfeat,half,0.2,13,30,False,fixed1,online,,0.8514285683631897,0.8409217540029204,0.8233333230018616,0.05080240490535895,0.6066949367523193,0.9671428799629211,0.16406089067459106,0.9914879766985781
mfeat,half,0.2,13,30,False,ctrlA,online,,0.9571428298950195,0.8704735820065252,0.8866666555404663,0.24577963672578335,0.6011559963226318,0.845714271068573,0.6216546893119812,2.797437073378719
mfeat,half,0.2,13,30,False,ctrlB,online,,0.9599999785423279,0.8729321209975751,0.903333306312561,0.3332212353001038,0.6900985240936279,0.8128571510314941,0.8463388681411743,4.087851352691905
mfeat,half,0.2,13,30,False,adadecay,online,,0.8428571224212646,1.019995786002255,0.8100000023841858,0.0425056174894174,0.6179041266441345,0.9757142663002014,0.14461390674114227,
mfeat,half,0.2,13,30,False,awd,online,,0.822857141494751,0.8960924329876434,0.7850000262260437,0.08754466506342093,0.8456836342811584,0.9971428513526917,0.027301978319883347,
mfeat,half,0.2,13,30,False,swd,online,,0.822857141494751,0.9069597790075932,0.7916666865348816,0.07304091262320678,0.8005568981170654,0.9971428513526917,0.03257347270846367,
mfeat,half,0.2,13,30,False,cwd,online,,0.8199999928474426,0.9194963250047294,0.7866666913032532,0.06834799937903882,0.771838366985321,0.9971428513526917,0.03730732575058937,
mfeat,half,0.2,14,30,False,none,online,,0.8171428442001343,0.8810016060015187,0.7833333611488342,0.08676131447156271,0.9009748101234436,0.9985714554786682,0.025783928111195564,0.0
mfeat,half,0.2,14,30,False,fixed1,online,,0.8428571224212646,0.8934910089883488,0.8199999928474426,0.05560351108511289,0.6468737721443176,0.9757142663002014,0.17661206424236298,0.9914879766985781
mfeat,half,0.2,14,30,False,ctrlA,online,,0.949999988079071,0.8499245630082441,0.8799999952316284,0.23723122862478097,0.6143208742141724,0.8442857265472412,0.6456833481788635,2.9178049178498
mfeat,half,0.2,14,30,False,ctrlB,online,,0.9471428394317627,0.8460984909906983,0.8966666460037231,0.3059976003319025,0.6689755916595459,0.8057143092155457,0.8482669591903687,4.311890849632911
mfeat,half,0.2,14,30,False,adadecay,online,,0.8328571319580078,1.0139687490009237,0.8133333325386047,0.04757733086744944,0.6569534540176392,0.9857142567634583,0.15143339335918427,
mfeat,half,0.2,14,30,False,awd,online,,0.8171428442001343,0.829765057991608,0.7866666913032532,0.08712590212623278,0.8997340798377991,0.9985714554786682,0.026543106883764267,
mfeat,half,0.2,14,30,False,swd,online,,0.8171428442001343,0.8456279200036079,0.7850000262260437,0.07343979855378469,0.8563501238822937,0.9985714554786682,0.03256208449602127,
mfeat,half,0.2,14,30,False,cwd,online,,0.8171428442001343,0.8674777510022977,0.7850000262260437,0.07114933361609777,0.8164294362068176,0.9985714554786682,0.03484750911593437,
satimage,full,0.0,10,30,False,none,online,,0.9371250867843628,1.0524904839985538,0.9072058200836182,0.0294076350144366,0.26771461963653564,0.9371250867843628,0.16924628615379333,0.0
satimage,full,0.0,10,30,False,fixed1,online,,0.8964674472808838,1.0729244140093215,0.889061689376831,0.020060846577227086,0.29259899258613586,0.8964674472808838,0.26652833819389343,3.24486974192262
satimage,full,0.0,10,30,False,ctrlA,online,,0.8942457437515259,1.1105476960074157,0.88698810338974,0.018581710914183674,0.2959795892238617,0.8942457437515259,0.2725292146205902,3.238502681855812
satimage,full,0.0,10,30,False,ctrlB,online,,0.8682515025138855,1.1051087460073177,0.8652151226997375,0.04319634197782889,0.3537618815898895,0.8682515025138855,0.34270623326301575,6.647308265541198
satimage,full,0.0,10,30,False,adadecay,online,,0.9037991762161255,1.4611187679984141,0.8942457437515259,0.011721826058524206,0.281657338142395,0.9037991762161255,0.24712194502353668,
satimage,full,0.0,10,30,False,awd,online,,0.9360142350196838,1.1976564709912054,0.9082425832748413,0.022498300064407277,0.2676800489425659,0.9360142350196838,0.17125160992145538,
satimage,full,0.0,10,30,False,swd,online,,0.9342368245124817,1.1524210709903855,0.9077242016792297,0.019253060770133668,0.2616513669490814,0.9342368245124817,0.1755204200744629,
satimage,full,0.0,10,30,False,cwd,online,,0.9231281876564026,1.1906284790020436,0.9030585885047913,0.013739793025007392,0.26468873023986816,0.9231281876564026,0.2023676484823227,
satimage,full,0.0,11,30,False,none,online,,0.9364585876464844,1.161330029994133,0.9020217657089233,0.023493178679326335,0.28279438614845276,0.9364585876464844,0.16800224781036377,0.0
satimage,full,0.0,11,30,False,fixed1,online,,0.8931348323822021,1.143878125003539,0.8797304034233093,0.024310951547464477,0.3044360280036926,0.8931348323822021,0.2752966582775116,3.24486974192262
satimage,full,0.0,11,30,False,ctrlA,online,,0.8940235376358032,1.0582209390122443,0.8818040490150452,0.03362916046130712,0.3069520890712738,0.8940235376358032,0.277385413646698,3.1600317160291804
satimage,full,0.0,11,30,False,ctrlB,online,,0.8675850033760071,1.102134954999201,0.8553654551506042,0.03134990347179494,0.3526633381843567,0.8675850033760071,0.33430010080337524,6.10146960624167
satimage,full,0.0,11,30,False,adadecay,online,,0.9004665613174438,1.4469245779910125,0.8895800709724426,0.023816845890090154,0.29672771692276,0.9004665613174438,0.26069653034210205,
satimage,full,0.0,11,30,False,awd,online,,0.9364585876464844,1.144676119001815,0.8973561525344849,0.01933480574406139,0.28311964869499207,0.9364585876464844,0.16757921874523163,
satimage,full,0.0,11,30,False,swd,online,,0.9320151209831238,1.1920422109978972,0.8963193297386169,0.016604345479179626,0.28068357706069946,0.9320151209831238,0.1821630448102951,
satimage,full,0.0,11,30,False,cwd,online,,0.920684278011322,1.2316461320006056,0.8942457437515259,0.012237458787723303,0.27643126249313354,0.920684278011322,0.20852673053741455,
satimage,full,0.0,12,30,False,none,online,,0.9333481192588806,1.12447394800256,0.895282506942749,0.01644767132554418,0.27643394470214844,0.9333481192588806,0.1755397617816925,0.0
satimage,full,0.0,12,30,False,fixed1,online,,0.8964674472808838,1.1867642140132375,0.8880248665809631,0.03283002639663472,0.30411767959594727,0.8964674472808838,0.27517470717430115,3.24486974192262
satimage,full,0.0,12,30,False,ctrlA,online,,0.8962453007698059,1.0776730740035418,0.8864696621894836,0.03175973084196641,0.3068283796310425,0.8962453007698059,0.2787260413169861,3.1045633717060097
satimage,full,0.0,12,30,False,ctrlB,online,,0.8640302419662476,1.1253890259977197,0.8506998419761658,0.03051263963762128,0.3633376359939575,0.8640302419662476,0.34776318073272705,6.272761772248174
satimage,full,0.0,12,30,False,adadecay,online,,0.9026882648468018,1.4476971410040278,0.8937273025512695,0.028495769084519583,0.2952594459056854,0.9026882648468018,0.26064473390579224,
satimage,full,0.0,12,30,False,awd,online,,0.9355698823928833,1.2187140780006303,0.8983929753303528,0.013059790267914673,0.272923082113266,0.9355698823928833,0.17453771829605103,
satimage,full,0.0,12,30,False,swd,online,,0.9304599165916443,1.1487618060054956,0.8983929753303528,0.016178879127902897,0.27162274718284607,0.9304599165916443,0.18226470053195953,
satimage,full,0.0,12,30,False,cwd,online,,0.9220173358917236,1.1994140559982043,0.8983929753303528,0.010121704414757255,0.2707684338092804,0.9220173358917236,0.206686332821846,
satimage,full,0.0,13,30,False,none,online,,0.9389024376869202,0.9933638520014938,0.9056506156921387,0.03326032335057414,0.26562806963920593,0.9389024376869202,0.15946532785892487,0.0
satimage,full,0.0,13,30,False,fixed1,online,,0.8991335034370422,1.0217495079996297,0.8838776350021362,0.017555378798439814,0.2939431071281433,0.8991335034370422,0.266783207654953,3.24486974192262
satimage,full,0.0,13,30,False,ctrlA,online,,0.8993557095527649,1.0064720289956313,0.88698810338974,0.019691314519285966,0.2952382564544678,0.8993557095527649,0.26797735691070557,3.222734357398693
satimage,full,0.0,13,30,False,ctrlB,online,,0.8706954121589661,1.0242146050004521,0.8600311279296875,0.03439801211428803,0.34974607825279236,0.8706954121589661,0.3318449556827545,6.277012564871494
satimage,full,0.0,13,30,False,adadecay,online,,0.9057987332344055,1.465526067011524,0.8895800709724426,0.015116103808455914,0.2872767746448517,0.9057987332344055,0.2494966983795166,
satimage,full,0.0,13,30,False,awd,online,,0.9413463473320007,1.1248101010132814,0.9066873788833618,0.02815501502352468,0.26378604769706726,0.9413463473320007,0.15780317783355713,
satimage,full,0.0,13,30,False,swd,online,,0.9346811771392822,1.1121377919916995,0.9077242016792297,0.03307054556052631,0.26259279251098633,0.9346811771392822,0.16730980575084686,
satimage,full,0.0,13,30,False,cwd,online,,0.9264608025550842,1.1822620860039024,0.9004665613174438,0.014000600162350867,0.2593339681625366,0.9264608025550842,0.19665318727493286,
satimage,full,0.0,14,30,False,none,online,,0.9273494482040405,1.0350459909968777,0.8989113569259644,0.022381810943594618,0.2715248465538025,0.9273494482040405,0.19238144159317017,0.0
satimage,full,0.0,14,30,False,fixed1,online,,0.8938013911247253,1.1329840719990898,0.8854328393936157,0.024131201423932505,0.30286863446235657,0.8938013911247253,0.2769049108028412,3.24486974192262
satimage,full,0.0,14,30,False,ctrlA,online,,0.8884692192077637,1.0148622230044566,0.8838776350021362,0.03277607610137306,0.3099477291107178,0.8884692192077637,0.2855234444141388,3.250806469346511
satimage,full,0.0,14,30,False,ctrlB,online,,0.8609197735786438,1.0327059869887307,0.8636599183082581,0.0361071173362376,0.36231717467308044,0.8609197735786438,0.3506491184234619,6.67797515117776
satimage,full,0.0,14,30,False,adadecay,online,,0.8995778560638428,1.4548355110018747,0.8880248665809631,0.0249737224596161,0.29399973154067993,0.8995778560638428,0.26379019021987915,
satimage,full,0.0,14,30,False,awd,online,,0.9246833920478821,1.1302147370006423,0.8947641253471375,0.025367420114588403,0.27161461114883423,0.9246833920478821,0.19103629887104034,
satimage,full,0.0,14,30,False,swd,online,,0.923794686794281,1.0972569660079898,0.8999481797218323,0.019474206099305023,0.26539042592048645,0.923794686794281,0.19510816037654877,
satimage,full,0.0,14,30,False,cwd,online,,0.9126860499382019,1.0947207599965623,0.8989113569259644,0.015329040196845417,0.2765117883682251,0.9126860499382019,0.2251211255788803,
satimage,full,0.2,10,30,False,none,online,,0.9106864929199219,1.0627856670034816,0.8916537165641785,0.1611467774295016,0.45402681827545166,0.736503005027771,0.9190975427627563,0.0
satimage,full,0.2,10,30,False,fixed1,online,,0.8793601393699646,0.9881459159951191,0.8755832314491272,0.19364630624443338,0.5188367366790771,0.7096200585365295,0.9974711537361145,3.24486974192262
satimage,full,0.2,10,30,False,ctrlA,online,,0.8875805139541626,0.981571612006519,0.8828408718109131,0.18962574982315597,0.5009661912918091,0.7167296409606934,0.983404278755188,2.1351273696132016
satimage,full,0.2,10,30,False,ctrlB,online,,0.8660297989845276,1.0198329810082214,0.8621047139167786,0.2015295304307794,0.5589195489883423,0.6954010128974915,1.021419882774353,4.4175613034478705
satimage,full,0.2,10,30,False,adadecay,online,,0.8882470726966858,1.4369559839979047,0.8854328393936157,0.1976067834780462,0.5119553208351135,0.7158409357070923,0.9859336018562317,
satimage,full,0.2,10,30,False,awd,online,,0.908464789390564,1.169407465000404,0.8916537165641785,0.16018707703406976,0.45320823788642883,0.7362807989120483,0.9193899035453796,
satimage,full,0.2,10,30,False,swd,online,,0.9071317315101624,1.101933067999198,0.8942457437515259,0.17016316554038372,0.46101054549217224,0.7331703901290894,0.9257470965385437,
satimage,full,0.2,10,30,False,cwd,online,,0.900244414806366,1.1141454040043755,0.8906168937683105,0.1726312142245939,0.4678463637828827,0.7267273664474487,0.9520851969718933,
satimage,full,0.2,11,30,False,none,online,,0.9137969613075256,1.003243074999773,0.8994297385215759,0.1772060714712286,0.45360419154167175,0.7536103129386902,0.8715928792953491,0.0
satimage,full,0.2,11,30,False,fixed1,online,,0.8724727630615234,1.0287285919912392,0.866770327091217,0.18742150101499772,0.5282871127128601,0.7156187295913696,0.9723702073097229,3.24486974192262
satimage,full,0.2,11,30,False,ctrlA,online,,0.8866918683052063,0.9802204159932444,0.8812856674194336,0.19225585001809042,0.5059677958488464,0.7260608673095703,0.9461329579353333,1.840573890609214
satimage,full,0.2,11,30,False,ctrlB,online,,0.8598089218139648,1.0346440589928534,0.8522550463676453,0.18873221669375062,0.5545220375061035,0.7053987979888916,0.9906874895095825,4.228166466375272
satimage,full,0.2,11,30,False,adadecay,online,,0.8784714341163635,1.4488378050009487,0.8750647902488708,0.19099668192857286,0.5185681581497192,0.7202844023704529,0.9635660648345947,
satimage,full,0.2,11,30,False,awd,online,,0.910464346408844,1.0735294100013562,0.8968377113342285,0.17063450670384447,0.4524274468421936,0.7507220506668091,0.8748601675033569,
satimage,full,0.2,11,30,False,swd,online,,0.9129082560539246,1.1115115900029195,0.8968377113342285,0.17486531092380225,0.4502132833003998,0.7513886094093323,0.8836820721626282,
satimage,full,0.2,11,30,False,cwd,online,,0.9006887078285217,1.1478915400075493,0.8942457437515259,0.1935172271333005,0.4822533130645752,0.738502562046051,0.9244358539581299,
satimage,full,0.2,12,30,False,none,online,,0.9091312885284424,1.0801566390000517,0.8828408718109131,0.1953677413236792,0.502947211265564,0.7347255945205688,0.9412334561347961,0.0
satimage,full,0.2,12,30,False,fixed1,online,,0.8702510595321655,1.1841291019954951,0.8621047139167786,0.20705391394776837,0.5623499155044556,0.6974005699157715,1.0189979076385498,3.24486974192262
satimage,full,0.2,12,30,False,ctrlA,online,,0.8869140148162842,1.0510417139885249,0.8766199946403503,0.21148203811601013,0.5313296914100647,0.7122861742973328,0.9974483847618103,1.8316716032421048
satimage,full,0.2,12,30,False,ctrlB,online,,0.8622528314590454,1.055169573999592,0.8538102507591248,0.20634801725979107,0.5755214691162109,0.6905131936073303,1.0269464254379272,3.433380306748085
satimage,full,0.2,12,30,False,adadecay,online,,0.872917115688324,1.443446896999376,0.8636599183082581,0.1990413790913429,0.5501569509506226,0.7000666260719299,1.0137946605682373,
satimage,full,0.2,12,30,False,awd,online,,0.9075760841369629,1.1020799680118216,0.8849144577980042,0.1954559349933395,0.5000172257423401,0.7347255945205688,0.9377410411834717,
satimage,full,0.2,12,30,False,swd,online,,0.9082425832748413,1.160802970000077,0.8838776350021362,0.1954476351624267,0.49613693356513977,0.7322817444801331,0.9448718428611755,
satimage,full,0.2,12,30,False,cwd,online,,0.9000222086906433,1.228633095000987,0.8849144577980042,0.20906174153537563,0.5150484442710876,0.7233948111534119,0.9712058305740356,
satimage,full,0.2,13,30,False,none,online,,0.9142412543296814,0.9807232879975345,0.8906168937683105,0.15136769871256894,0.44017690420150757,0.7420573234558105,0.8956202268600464,0.0
satimage,full,0.2,13,30,False,fixed1,online,,0.8818040490150452,1.0326890029973583,0.8621047139167786,0.20372251315769474,0.5533491969108582,0.7125083208084106,0.9905198216438293,3.24486974192262
satimage,full,0.2,13,30,False,ctrlA,online,,0.8951343894004822,1.006973998999456,0.8771384358406067,0.20161082654681586,0.5224694013595581,0.7249500155448914,0.9635253548622131,1.8409724917858143
satimage,full,0.2,13,30,False,ctrlB,online,,0.872917115688324,1.0076831890037283,0.8569206595420837,0.21050796377776262,0.5794135928153992,0.70606529712677,1.0112864971160889,4.015389422569623
satimage,full,0.2,13,30,False,adadecay,online,,0.8826927542686462,1.3935531439929036,0.870917558670044,0.19537612461345438,0.532543957233429,0.7140635251998901,0.9792479872703552,
satimage,full,0.2,13,30,False,awd,online,,0.9120195508003235,1.2799965840094956,0.89217209815979,0.15451610912585767,0.4469255208969116,0.7413908243179321,0.896925687789917,
satimage,full,0.2,13,30,False,swd,online,,0.908464789390564,1.1174180899979547,0.8880248665809631,0.1642921953203766,0.45628586411476135,0.738502562046051,0.9048780202865601,
satimage,full,0.2,13,30,False,cwd,online,,0.9020217657089233,1.1545774480036926,0.8828408718109131,0.1819650279295265,0.4882386028766632,0.7318373918533325,0.936342716217041,
satimage,full,0.2,14,30,False,none,online,,0.9089091420173645,0.9587516219908139,0.8843960762023926,0.18649759916458306,0.4970427453517914,0.73761385679245,0.923526406288147,0.0
satimage,full,0.2,14,30,False,fixed1,online,,0.8751388788223267,0.9635727310087532,0.8735095858573914,0.2152476576695237,0.5523135662078857,0.70406574010849,1.0142943859100342,3.24486974192262
satimage,full,0.2,14,30,False,ctrlA,online,,0.8860253095626831,0.9816367470048135,0.8833592534065247,0.2055987322682726,0.5242167711257935,0.7140635251998901,0.9908941388130188,1.8841767383611638
satimage,full,0.2,14,30,False,ctrlB,online,,0.8611419796943665,1.003260505007347,0.8636599183082581,0.21631411821067242,0.5793276429176331,0.692734956741333,1.0392366647720337,4.601276081847606
satimage,full,0.2,14,30,False,adadecay,online,,0.8829149007797241,1.3773920009989524,0.8823224306106567,0.22303858247984867,0.5469458699226379,0.7113974690437317,1.0017868280410767,
satimage,full,0.2,14,30,False,awd,online,,0.907353937625885,1.044578265005839,0.8818040490150452,0.1838896586571783,0.495693176984787,0.7358365058898926,0.9226499199867249,
satimage,full,0.2,14,30,False,swd,online,,0.908464789390564,1.0402479600015795,0.89217209815979,0.18947924416321063,0.489107608795166,0.7347255945205688,0.9231142997741699,
satimage,full,0.2,14,30,False,cwd,online,,0.8982448577880859,1.0567926019866718,0.8880248665809631,0.20590604789180417,0.5081804394721985,0.7251721620559692,0.959685742855072,
satimage,half,0.0,10,30,False,none,online,,0.9564444422721863,1.0103491940099047,0.8849144577980042,0.052308820222807154,0.34615558385849,0.9564444422721863,0.11648772656917572,0.0
satimage,half,0.0,10,30,False,fixed1,online,,0.914222240447998,1.1162824799976079,0.8875064849853516,0.023144839757337915,0.30005204677581787,0.914222240447998,0.23355621099472046,3.24486974192262
satimage,half,0.0,10,30,False,ctrlA,online,,0.9079999923706055,0.9754720069904579,0.8849144577980042,0.026935643130723157,0.3078300356864929,0.9079999923706055,0.2532048523426056,3.575991341532962
satimage,half,0.0,10,30,False,ctrlB,online,,0.8822222352027893,0.9881350509967888,0.8719543814659119,0.03480796067130077,0.3533877730369568,0.8822222352027893,0.32519152760505676,6.546548931932233
satimage,half,0.0,10,30,False,adadecay,online,,0.9222221970558167,1.331945561003522,0.8885433077812195,0.0167787227762246,0.2946869730949402,0.9222221970558167,0.21531160175800323,
satimage,half,0.0,10,30,False,awd,online,,0.9577777981758118,1.0664951270009624,0.88698810338974,0.04912008078621112,0.34421154856681824,0.9577777981758118,0.1158677190542221,
satimage,half,0.0,10,30,False,swd,online,,0.95333331823349,1.088405641989084,0.8854328393936157,0.0441741164852882,0.3276994824409485,0.95333331823349,0.125716894865036,
satimage,half,0.0,10,30,False,cwd,online,,0.9453333616256714,1.166128598008072,0.889061689376831,0.017008963506910207,0.29659876227378845,0.9453333616256714,0.15785552561283112,
satimage,half,0.0,11,30,False,none,online,,0.9555555582046509,0.9396464349993039,0.8895800709724426,0.050164904138348516,0.3464677929878235,0.9555555582046509,0.1317177265882492,0.0
satimage,half,0.0,11,30,False,fixed1,online,,0.9066666960716248,1.0058103170013055,0.8797304034233093,0.01228672752669588,0.3158685863018036,0.9066666960716248,0.25948071479797363,3.24486974192262
satimage,half,0.0,11,30,False,ctrlA,online,,0.9039999842643738,0.9409329199988861,0.8802488446235657,0.022648732493182056,0.3135727643966675,0.9039999842643738,0.2649930417537689,3.405565271261097
satimage,half,0.0,11,30,False,ctrlB,online,,0.8751111030578613,0.9069190000009257,0.8631415367126465,0.03354818616863852,0.36605921387672424,0.8751111030578613,0.33733707666397095,7.11130017218998
satimage,half,0.0,11,30,False,adadecay,online,,0.9111111164093018,1.3812365190096898,0.8880248665809631,0.013517267750976862,0.3002849221229553,0.9111111164093018,0.22918161749839783,
satimage,half,0.0,11,30,False,awd,online,,0.9528889060020447,1.0602115820074687,0.8911352753639221,0.05299586856408463,0.34156060218811035,0.9528889060020447,0.13689221441745758,
satimage,half,0.0,11,30,False,swd,online,,0.9506666660308838,1.003457722006715,0.8849144577980042,0.051872988418323995,0.33374762535095215,0.9506666660308838,0.1471623182296753,
satimage,half,0.0,11,30,False,cwd,online,,0.937333345413208,1.0517297470069025,0.8885433077812195,0.032453112246274576,0.29318830370903015,0.937333345413208,0.17505668103694916,
satimage,half,0.0,12,30,False,none,online,,0.9577777981758118,0.9477898939949227,0.8859512805938721,0.03916320522997032,0.33433160185813904,0.9577777981758118,0.11744342744350433,0.0
satimage,half,0.0,12,30,False,fixed1,online,,0.9102222323417664,0.997044208997977,0.8916537165641785,0.03184084656048217,0.2997547686100006,0.9102222323417664,0.248760387301445,3.24486974192262
satimage,half,0.0,12,30,False,ctrlA,online,,0.902222216129303,1.0187413329986157,0.8859512805938721,0.030428826808929443,0.3082897961139679,0.902222216129303,0.26621654629707336,3.584367234925788
satimage,half,0.0,12,30,False,ctrlB,online,,0.867111086845398,1.0875921489932807,0.8532918691635132,0.03968690435400647,0.35894644260406494,0.867111086845398,0.341866672039032,7.159593349048484
satimage,half,0.0,12,30,False,adadecay,online,,0.9088888764381409,1.4422673599910922,0.8859512805938721,0.030853320876819103,0.30335766077041626,0.9088888764381409,0.23432695865631104,
satimage,half,0.0,12,30,False,awd,online,,0.9555555582046509,1.1215601689909818,0.8849144577980042,0.038845224878589005,0.3389853239059448,0.9555555582046509,0.12069958448410034,
satimage,half,0.0,12,30,False,swd,online,,0.9528889060020447,1.0901832110102987,0.8854328393936157,0.031176234061017192,0.32464855909347534,0.9528889060020447,0.12953631579875946,
satimage,half,0.0,12,30,False,cwd,online,,0.9359999895095825,1.2184112980030477,0.8797304034233093,0.02143641402524886,0.30176249146461487,0.9359999895095825,0.167944997549057,
satimage,half,0.0,13,30,False,none,online,,0.9617778062820435,1.1430599739978788,0.8916537165641785,0.04350742337739548,0.31639689207077026,0.9617778062820435,0.10445323586463928,0.0
satimage,half,0.0,13,30,False,fixed1,online,,0.9182222485542297,1.0768022010015557,0.8864696621894836,0.016467549737220356,0.2967109978199005,0.9182222485542297,0.23266129195690155,3.24486974192262
satimage,half,0.0,13,30,False,ctrlA,online,,0.9146666526794434,1.0099305570038268,0.88698810338974,0.012143445469172523,0.3009459376335144,0.9146666526794434,0.2452217936515808,3.389529529834802
satimage,half,0.0,13,30,False,ctrlB,online,,0.8742222189903259,1.0688208430074155,0.8688439726829529,0.03944938317783266,0.35368406772613525,0.8742222189903259,0.3207987844944,6.975974638657782
satimage,half,0.0,13,30,False,adadecay,online,,0.9262222051620483,1.4054659770044964,0.889061689376831,0.013574101861243795,0.28702816367149353,0.9262222051620483,0.2092035561800003,
satimage,half,0.0,13,30,False,awd,online,,0.9613333344459534,1.0679517590033356,0.8906168937683105,0.04539508556009514,0.3172147870063782,0.9613333344459534,0.10253065079450607,
satimage,half,0.0,13,30,False,swd,online,,0.9591110944747925,1.0463004510093015,0.8937273025512695,0.0399906983673418,0.3045629858970642,0.9591110944747925,0.11267922818660736,
satimage,half,0.0,13,30,False,cwd,online,,0.9453333616256714,1.09532977300114,0.893208920955658,0.027680357737575805,0.2774627208709717,0.9453333616256714,0.14353041350841522,
satimage,half,0.0,14,30,False,none,online,,0.9559999704360962,0.9582404049870092,0.8843960762023926,0.05367808498948148,0.38379332423210144,0.9559999704360962,0.10942541807889938,0.0
satimage,half,0.0,14,30,False,fixed1,online,,0.909333348274231,0.9880344730045181,0.8797304034233093,0.02688196820567592,0.3194386959075928,0.909333348274231,0.23515556752681732,3.24486974192262
satimage,half,0.0,14,30,False,ctrlA,online,,0.9044444561004639,1.0454274810035713,0.8766199946403503,0.01817942152312532,0.32096585631370544,0.9044444561004639,0.2541263699531555,3.578388769242304
satimage,half,0.0,14,30,False,ctrlB,online,,0.8768888711929321,1.1054870219959412,0.8631415367126465,0.023591533032892402,0.3575863540172577,0.8768888711929321,0.31446021795272827,6.562861190518149
satimage,half,0.0,14,30,False,adadecay,online,,0.9191111326217651,1.4006462170073064,0.8771384358406067,0.018406398049780223,0.3229391574859619,0.9191111326217651,0.21061697602272034,
satimage,half,0.0,14,30,False,awd,online,,0.9546666741371155,1.0981322190054925,0.8823224306106567,0.05505349326776432,0.3886706233024597,0.9546666741371155,0.1126767173409462,
satimage,half,0.0,14,30,False,swd,online,,0.9502221941947937,1.0774559459969169,0.8833592534065247,0.04938235775431924,0.36677348613739014,0.9502221941947937,0.12259003520011902,
satimage,half,0.0,14,30,False,cwd,online,,0.9337777495384216,1.0969595489877975,0.8761016130447388,0.037889312962412894,0.3375003933906555,0.9337777495384216,0.1623520851135254,
satimage,half,0.2,10,30,False,none,online,,0.8933333158493042,1.107172816991806,0.8569206595420837,0.17912059538780933,0.5799257159233093,0.7519999742507935,0.8543823957443237,0.0
satimage,half,0.2,10,30,False,fixed1,online,,0.886222243309021,1.0843999950011494,0.8693623542785645,0.18167166749450936,0.5345586538314819,0.7204444408416748,0.964002251625061,3.24486974192262
satimage,half,0.2,10,30,False,ctrlA,online,,0.8888888955116272,1.0182019909989322,0.8729912042617798,0.18522265273836253,0.5307454466819763,0.723111093044281,0.9491864442825317,2.288912801290756
satimage,half,0.2,10,30,False,ctrlB,online,,0.8728888630867004,1.0343664989923127,0.861586332321167,0.18839668442759258,0.5558421015739441,0.7097777724266052,0.9863303899765015,3.96840239257004
satimage,half,0.2,10,30,False,adadecay,online,,0.8768888711929321,1.3956075629976112,0.866770327091217,0.17880988542807416,0.5446200966835022,0.7173333168029785,0.9562593102455139,
satimage,half,0.2,10,30,False,awd,online,,0.8875555396080017,1.1089431880100165,0.8589943051338196,0.17612726670463447,0.5687369108200073,0.7511110901832581,0.847366213798523,
satimage,half,0.2,10,30,False,swd,online,,0.8884444236755371,1.152966337001999,0.8595126867294312,0.1721064023337505,0.5516967177391052,0.7457777857780457,0.8624467253684998,
satimage,half,0.2,10,30,False,cwd,online,,0.8946666717529297,1.1504677409975557,0.8755832314491272,0.18654786871467124,0.5354671478271484,0.7386666536331177,0.9049287438392639,
satimage,half,0.2,11,30,False,none,online,,0.9151111245155334,1.040058394006337,0.8735095858573914,0.14500080687879838,0.5228772759437561,0.7919999957084656,0.724518358707428,0.0
satimage,half,0.2,11,30,False,fixed1,online,,0.8817777633666992,1.075458872001036,0.8750647902488708,0.18962781389276248,0.5227859020233154,0.7391111254692078,0.8984709978103638,3.24486974192262
satimage,half,0.2,11,30,False,ctrlA,online,,0.8853333592414856,0.9887274509965209,0.8761016130447388,0.17852887103383316,0.5051701664924622,0.741777777671814,0.8806551694869995,2.328050407729856
satimage,half,0.2,11,30,False,ctrlB,online,,0.8653333187103271,0.9683965989970602,0.8605495095252991,0.203014772225069,0.5672179460525513,0.7248888611793518,0.9391294717788696,5.105002665770511
satimage,half,0.2,11,30,False,adadecay,online,,0.8888888955116272,1.3911102030106122,0.8823224306106567,0.1891140604711308,0.5122000575065613,0.746222198009491,0.8752158284187317,
satimage,half,0.2,11,30,False,awd,online,,0.918666660785675,1.1032626850064844,0.8766199946403503,0.12221864416631409,0.4850650727748871,0.7897777557373047,0.7247852087020874,
satimage,half,0.2,11,30,False,swd,online,,0.9173333048820496,1.0498173339874484,0.8755832314491272,0.14178875315801165,0.49682891368865967,0.7848888635635376,0.7425046563148499,
satimage,half,0.2,11,30,False,cwd,online,,0.9124444723129272,1.103409614006523,0.8781751990318298,0.15733813338788946,0.4850672483444214,0.7702222466468811,0.8031548261642456,
satimage,half,0.2,12,30,False,none,online,,0.9075555801391602,1.1346852659917204,0.8641783595085144,0.15161105820463996,0.5327653884887695,0.7511110901832581,0.8347704410552979,0.0
satimage,half,0.2,12,30,False,fixed1,online,,0.8884444236755371,1.1051472929975716,0.8761016130447388,0.22497237799327072,0.5533919930458069,0.7124444246292114,0.9783446192741394,3.24486974192262
satimage,half,0.2,12,30,False,ctrlA,online,,0.8991110920906067,1.0250210340018384,0.8823224306106567,0.223159911256803,0.5379579663276672,0.7262222170829773,0.9551831483840942,2.2613571605594536
satimage,half,0.2,12,30,False,ctrlB,online,,0.8684444427490234,1.0488983370014466,0.8564022779464722,0.23633030983930797,0.6051778793334961,0.6942222118377686,1.0247390270233154,4.747044971771739
satimage,half,0.2,12,30,False,adadecay,online,,0.8955555558204651,1.4671227060025558,0.8724727630615234,0.2120651577562171,0.5405656695365906,0.7217777967453003,0.9653486609458923,
satimage,half,0.2,12,30,False,awd,online,,0.9106666445732117,1.0642652709939284,0.8729912042617798,0.1569344018981394,0.5204731225967407,0.7573333382606506,0.8236624598503113,
satimage,half,0.2,12,30,False,swd,online,,0.9124444723129272,1.1839290890056873,0.8719543814659119,0.1720545045479151,0.5287743806838989,0.7555555701255798,0.837519645690918,
satimage,half,0.2,12,30,False,cwd,online,,0.9031111001968384,1.1453053709992673,0.8719543814659119,0.18130181698121825,0.523932695388794,0.7404444217681885,0.9002048373222351,
satimage,half,0.2,13,30,False,none,online,,0.914222240447998,0.9998734959954163,0.8688439726829529,0.12304370900149665,0.4770124554634094,0.7675555348396301,0.7780393362045288,0.0
satimage,half,0.2,13,30,False,fixed1,online,,0.8893333077430725,1.0048106250033015,0.8698807954788208,0.20091577508463154,0.5457892417907715,0.7222222089767456,0.9604803323745728,3.24486974192262
satimage,half,0.2,13,30,False,ctrlA,online,,0.8995555639266968,1.0037541100027738,0.8698807954788208,0.19338254167849436,0.5330657362937927,0.730222225189209,0.9456574320793152,2.4005545181247006
satimage,half,0.2,13,30,False,ctrlB,online,,0.8697777986526489,0.9926849750045221,0.858475923538208,0.2084154972624074,0.5735397934913635,0.7026666402816772,0.9996800422668457,4.692123749846798
satimage,half,0.2,13,30,False,adadecay,online,,0.8982222080230713,1.427104781003436,0.8714359998703003,0.1896842885057564,0.5248457193374634,0.730222225189209,0.9387326240539551,
satimage,half,0.2,13,30,False,awd,online,,0.9160000085830688,1.0693317120021675,0.8761016130447388,0.13111497859623597,0.4729388952255249,0.7680000066757202,0.7807930707931519,
satimage,half,0.2,13,30,False,swd,online,,0.9124444723129272,1.1874620900052832,0.8740279674530029,0.13326893083291574,0.47387850284576416,0.7622222304344177,0.795754075050354,
satimage,half,0.2,13,30,False,cwd,online,,0.9115555286407471,1.1678633359988453,0.8792120218276978,0.1724355683201888,0.4921790659427643,0.746222198009491,0.8602173924446106,
satimage,half,0.2,14,30,False,none,online,,0.9160000085830688,0.9395748800016008,0.8693623542785645,0.12677894227550462,0.5209953188896179,0.7604444622993469,0.8006399273872375,0.0
satimage,half,0.2,14,30,False,fixed1,online,,0.8928889036178589,0.9553409290092532,0.8652151226997375,0.18104773410680444,0.5404187440872192,0.7191110849380493,0.973391056060791,3.24486974192262
satimage,half,0.2,14,30,False,ctrlA,online,,0.8964444398880005,1.1033375039987732,0.8703991770744324,0.18050662738291817,0.5308182835578918,0.7226666808128357,0.958699643611908,2.302838074503287
satimage,half,0.2,14,30,False,ctrlB,online,,0.8773333430290222,1.085517939995043,0.8595126867294312,0.19304593072739704,0.5679349899291992,0.7057777643203735,1.0059062242507935,4.391502535449777
satimage,half,0.2,14,30,False,adadecay,online,,0.8924444317817688,1.3980410549993394,0.8672887682914734,0.17512426208250878,0.5333163142204285,0.723111093044281,0.9606567025184631,
satimage,half,0.2,14,30,False,awd,online,,0.918666660785675,1.1248177139932523,0.8719543814659119,0.12006307904308729,0.5147253274917603,0.7631111145019531,0.8045989871025085,
satimage,half,0.2,14,30,False,swd,online,,0.914222240447998,1.0773352099931799,0.8740279674530029,0.13386707297565406,0.5028543472290039,0.753333330154419,0.8215625286102295,
satimage,half,0.2,14,30,False,cwd,online,,0.9115555286407471,1.1576869929995155,0.8714359998703003,0.14842988463372625,0.5060859322547913,0.746222198009491,0.8872696161270142,
adult,full,0.0,10,30,False,ctrlA,replay,11,0.8799999952316284,2.0511579120066017,0.8402222394943237,0.04473623643981086,0.35799604654312134,0.8799999952316284,0.2608434855937958,3.3389713071016067
adult,full,0.0,10,30,False,ctrlA,reverse,11,0.8842856884002686,2.0865023539954564,0.8371111154556274,0.05501710475815667,0.3856354355812073,0.8842856884002686,0.2554347813129425,3.3389713071016067
adult,full,0.0,10,30,False,ctrlA,constant,11,0.8800952434539795,1.71683114800544,0.8393333554267883,0.04973704642719693,0.36993303894996643,0.8800952434539795,0.26157206296920776,3.3389713071016063
adult,full,0.0,10,30,False,ctrlB,replay,11,0.8662857413291931,1.6815438369958429,0.8471111059188843,0.01617098483774397,0.32705482840538025,0.8662857413291931,0.29569000005722046,10.000835079366528
adult,full,0.0,10,30,False,ctrlB,reverse,11,0.8698095083236694,1.7325333850021707,0.8424444198608398,0.03714234154754215,0.3386496603488922,0.8698095083236694,0.282297819852829,10.000835079366528
adult,full,0.0,10,30,False,ctrlB,constant,11,0.8653333187103271,1.6988019700074801,0.8435555696487427,0.02243627263440026,0.33207735419273376,0.8653333187103271,0.2942536473274231,10.000835079366528
adult,full,0.0,11,30,False,ctrlA,replay,12,0.8829523921012878,1.773539843998151,0.8382222056388855,0.04564812996652391,0.36505812406539917,0.8829523921012878,0.2575291097164154,3.2551592696884466
adult,full,0.0,11,30,False,ctrlA,reverse,12,0.885619044303894,1.76207451299706,0.8355555534362793,0.05242233386304643,0.383561372756958,0.885619044303894,0.2543010413646698,3.2551592696884466
adult,full,0.0,11,30,False,ctrlA,constant,12,0.8836190700531006,1.7281770359986695,0.836222231388092,0.049638774712880446,0.36955803632736206,0.8836190700531006,0.26124638319015503,3.255159269688446
adult,full,0.0,11,30,False,ctrlB,replay,12,0.8669523596763611,1.7379310960095609,0.8431110978126526,0.021367285728454588,0.33297571539878845,0.8669523596763611,0.2959032952785492,10.623475472859358
adult,full,0.0,11,30,False,ctrlB,reverse,12,0.8727619051933289,1.6943955269962316,0.8402222394943237,0.03814017815060086,0.3422292172908783,0.8727619051933289,0.27965012192726135,10.623475472859358
adult,full,0.0,11,30,False,ctrlB,constant,12,0.8650476336479187,1.6573582839919254,0.8402222394943237,0.02011851120657391,0.33580282330513,0.8650476336479187,0.2957558333873749,10.62347547285936
adult,full,0.0,12,30,False,ctrlA,replay,13,0.8796190619468689,1.6005002300080378,0.835777759552002,0.04313317182328966,0.3612593412399292,0.8796190619468689,0.26556891202926636,3.2843896411376257
adult,full,0.0,12,30,False,ctrlA,reverse,13,0.880476176738739,1.648287835996598,0.8393333554267883,0.04867643837134043,0.3782471716403961,0.880476176738739,0.26305091381073,3.2843896411376257
adult,full,0.0,12,30,False,ctrlA,constant,13,0.8795238137245178,1.6331242269952781,0.8386666774749756,0.038525294337007736,0.362535297870636,0.8795238137245178,0.2647157609462738,3.284389641137625
adult,full,0.0,12,30,False,ctrlB,replay,13,0.8606666922569275,1.6507711519952863,0.8415555357933044,0.01569775080680847,0.33487021923065186,0.8606666922569275,0.30274698138237,10.209436218701642
adult,full,0.0,12,30,False,ctrlB,reverse,13,0.8710476160049438,1.649506209010724,0.8422222137451172,0.025988097601466705,0.34356486797332764,0.8710476160049438,0.2854151427745819,10.209436218701642
adult,full,0.0,12,30,False,ctrlB,constant,13,0.8653333187103271,1.6353181220038095,0.8422222137451172,0.013846492118305631,0.33251604437828064,0.8653333187103271,0.29698094725608826,10.209436218701642
adult,full,0.0,13,30,False,ctrlA,replay,14,0.8833333253860474,1.662053970998386,0.8417778015136719,0.03624579291873508,0.35508278012275696,0.8833333253860474,0.2574799656867981,3.2665848050869677
adult,full,0.0,13,30,False,ctrlA,reverse,14,0.8825713992118835,1.6926533860096242,0.8455555438995361,0.04566315007209778,0.3665381669998169,0.8825713992118835,0.2555864453315735,3.2665848050869677
adult,full,0.0,13,30,False,ctrlA,constant,14,0.878000020980835,1.60015332599869,0.8415555357933044,0.05004918671978845,0.367441862821579,0.878000020980835,0.26390403509140015,3.2665848050869677
adult,full,0.0,13,30,False,ctrlB,replay,14,0.8603809475898743,1.59267125299084,0.8422222137451172,0.02898375164137946,0.33532169461250305,0.8603809475898743,0.30630940198898315,12.021780735996918
adult,full,0.0,13,30,False,ctrlB,reverse,14,0.8701905012130737,1.638943145997473,0.8431110978126526,0.03981387603282928,0.34366658329963684,0.8701905012130737,0.2901262044906616,12.021780735996918
adult,full,0.0,13,30,False,ctrlB,constant,14,0.8614285588264465,1.6615403589967173,0.8433333039283752,0.026111880474620392,0.33301737904548645,0.8614285588264465,0.3033796548843384,12.02178073599692
adult,full,0.0,14,30,False,ctrlA,replay,10,0.880476176738739,1.6274282339873025,0.8322222232818604,0.03084203925397661,0.35853251814842224,0.880476176738739,0.2651500105857849,3.360596429022178
adult,full,0.0,14,30,False,ctrlA,reverse,10,0.8842856884002686,1.62375021900516,0.8320000171661377,0.03919657854239146,0.37604424357414246,0.8842856884002686,0.2522462010383606,3.360596429022178
adult,full,0.0,14,30,False,ctrlA,constant,10,0.8827618956565857,1.6281511939887423,0.8331111073493958,0.02968966423140632,0.35827016830444336,0.8827618956565857,0.26125019788742065,3.360596429022177
adult,full,0.0,14,30,False,ctrlB,replay,10,0.862666666507721,1.6305258089996642,0.8348888754844666,0.014546624932024212,0.3359370529651642,0.862666666507721,0.30236414074897766,11.51281405960232
adult,full,0.0,14,30,False,ctrlB,reverse,10,0.8726666569709778,1.631233528998564,0.8368889093399048,0.025115555816226535,0.34372055530548096,0.8726666569709778,0.28320688009262085,11.51281405960232
adult,full,0.0,14,30,False,ctrlB,constant,10,0.8637142777442932,1.6817716099903919,0.8384444713592529,0.009957922988467746,0.3398537039756775,0.8637142777442932,0.3009888827800751,11.512814059602322
adult,full,0.2,10,30,False,ctrlA,replay,11,0.8316190242767334,1.65694332899875,0.8146666884422302,0.07614251914289262,0.4476335048675537,0.7429524064064026,0.5136488676071167,3.6366893108703717
adult,full,0.2,10,30,False,ctrlA,reverse,11,0.8180952668190002,1.760569164995104,0.7997778058052063,0.07056892732779185,0.4778849184513092,0.7513333559036255,0.4993690550327301,3.6366893108703717
adult,full,0.2,10,30,False,ctrlA,constant,11,0.8280952572822571,1.648592847996042,0.8057777881622314,0.07661818063259125,0.47476470470428467,0.7460952401161194,0.5065554976463318,3.6366893108703726
adult,full,0.2,10,30,False,ctrlB,replay,11,0.8386666774749756,1.6209598120040027,0.81977778673172,0.10057473570770688,0.4457443654537201,0.7298095226287842,0.5392976403236389,5.455166431344551
adult,full,0.2,10,30,False,ctrlB,reverse,11,0.8367618918418884,1.6803228649951052,0.8186666369438171,0.09071341796716056,0.4603548049926758,0.7360952496528625,0.5186854004859924,5.455166431344551
adult,full,0.2,10,30,False,ctrlB,constant,11,0.8289523720741272,1.639568484009942,0.8153333067893982,0.09222823394669427,0.4523789584636688,0.7292380928993225,0.5364426970481873,5.455166431344553
adult,full,0.2,11,30,False,ctrlA,replay,12,0.840666651725769,1.6538822279981105,0.8142222166061401,0.07294998586177825,0.44192349910736084,0.7464761734008789,0.5143366456031799,3.6149029319003474
adult,full,0.2,11,30,False,ctrlA,reverse,12,0.8366666436195374,1.7535624199954327,0.8031111359596252,0.06253157484531402,0.4592570662498474,0.7563809752464294,0.4925037622451782,3.6149029319003474
adult,full,0.2,11,30,False,ctrlA,constant,12,0.8358095288276672,1.6879379980091471,0.8075555562973022,0.05708184386624231,0.4407447874546051,0.7496190667152405,0.5052682161331177,3.6149029319003474
adult,full,0.2,11,30,False,ctrlB,replay,12,0.8444761633872986,1.655098821996944,0.8193333148956299,0.09252143108844758,0.43214553594589233,0.732952356338501,0.5379378199577332,5.193126074556974
adult,full,0.2,11,30,False,ctrlB,reverse,12,0.835523784160614,1.6347045190050267,0.8080000281333923,0.061904731260405646,0.441751092672348,0.7485714554786682,0.507112443447113,5.193126074556974
adult,full,0.2,11,30,False,ctrlB,constant,12,0.8409523963928223,1.662153016004595,0.8184444308280945,0.07554534886942971,0.42847293615341187,0.7397142648696899,0.52983158826828,5.193126074556973
adult,full,0.2,12,30,False,ctrlA,replay,13,0.8268571496009827,1.631404924992239,0.8106666803359985,0.10880375085936653,0.48446908593177795,0.7411428689956665,0.5263242125511169,3.555130240871575
adult,full,0.2,12,30,False,ctrlA,reverse,13,0.8290476202964783,1.6738641470001312,0.8111110925674438,0.09336502205000984,0.47742921113967896,0.7440952658653259,0.5131500363349915,3.555130240871575
adult,full,0.2,12,30,False,ctrlA,constant,13,0.8367618918418884,1.6599240979994647,0.8233333230018616,0.10854322608311971,0.46499213576316833,0.7396190762519836,0.522643506526947,3.5551302408715744
adult,full,0.2,12,30,False,ctrlB,replay,13,0.83647620677948,1.6255346499965526,0.8233333230018616,0.12052093003855811,0.44699668884277344,0.7235237956047058,0.5544727444648743,5.862814781162262
adult,full,0.2,12,30,False,ctrlB,reverse,13,0.8349523544311523,1.6978849050065037,0.8193333148956299,0.09155523759788936,0.4586169123649597,0.729619026184082,0.5374504327774048,5.862814781162262
adult,full,0.2,12,30,False,ctrlB,constant,13,0.8367618918418884,1.6915039949963102,0.8211110830307007,0.11601262149545881,0.46095725893974304,0.7302857041358948,0.5465695858001709,5.862814781162262
adult,full,0.2,13,30,False,ctrlA,replay,14,0.8419047594070435,1.7501565739949,0.8264444470405579,0.06747033784124586,0.4389810860157013,0.7440000176429749,0.5189093947410583,3.5090465673219926
adult,full,0.2,13,30,False,ctrlA,reverse,14,0.8412380814552307,1.6960355539922602,0.8282222151756287,0.05816611852910784,0.4567837417125702,0.7484762072563171,0.5137370824813843,3.5090465673219926
adult,full,0.2,13,30,False,ctrlA,constant,14,0.838952362537384,1.6266442279884359,0.8244444727897644,0.07075499913427566,0.4457627236843109,0.7437142729759216,0.5142843723297119,3.5090465673219935
adult,full,0.2,13,30,False,ctrlB,replay,14,0.8430476188659668,1.6972898269887082,0.8286666870117188,0.10085348598162333,0.4392794072628021,0.7285714149475098,0.5451773405075073,5.600606037739031
adult,full,0.2,13,30,False,ctrlB,reverse,14,0.8418095111846924,1.6792073329997947,0.828000009059906,0.06328728793727027,0.4309035539627075,0.7317143082618713,0.5328165292739868,5.600606037739031
adult,full,0.2,13,30,False,ctrlB,constant,14,0.8451428413391113,1.6446307459991658,0.8317777514457703,0.08497996173964607,0.42760831117630005,0.7319999933242798,0.5398288369178772,5.6006060377390305
adult,full,0.2,14,30,False,ctrlA,replay,10,0.8317142724990845,1.72422282199841,0.8059999942779541,0.05503907815615336,0.4570475220680237,0.735619068145752,0.5336633324623108,3.686841411067207
adult,full,0.2,14,30,False,ctrlA,reverse,10,0.8327618837356567,1.7670755839935737,0.8015555739402771,0.04713203734821744,0.45137810707092285,0.7467619180679321,0.5165759921073914,3.686841411067207
adult,full,0.2,14,30,False,ctrlA,constant,10,0.8359047770500183,1.649530460999813,0.8075555562973022,0.05315539493825701,0.447338342666626,0.7405714392662048,0.5277315378189087,3.6868414110672076
adult,full,0.2,14,30,False,ctrlB,replay,10,0.836571455001831,1.7173459129990079,0.8137778043746948,0.07748761223422157,0.44374987483024597,0.7280952334403992,0.5568662881851196,5.931423177093452
adult,full,0.2,14,30,False,ctrlB,reverse,10,0.8378095030784607,1.6248031599971,0.8137778043746948,0.05084057684739431,0.4344692826271057,0.7361904978752136,0.5383849740028381,5.931423177093452
adult,full,0.2,14,30,False,ctrlB,constant,10,0.8360000252723694,1.6741180730023189,0.8117777705192566,0.07066205202208624,0.44292715191841125,0.7277143001556396,0.5516901612281799,5.931423177093451
adult,half,0.0,10,30,False,ctrlA,replay,11,0.9038095474243164,1.696876311005326,0.8417778015136719,0.05954439266522725,0.5164562463760376,0.9038095474243164,0.2144966721534729,3.9739980754083044
adult,half,0.0,10,30,False,ctrlA,reverse,11,0.908380925655365,1.744869269998162,0.8306666612625122,0.07854006191094717,0.6362205147743225,0.908380925655365,0.19637449085712433,3.9739980754083044
adult,half,0.0,10,30,False,ctrlA,constant,11,0.9043809771537781,1.6163962879945757,0.8295555710792542,0.06825221017996469,0.5977290272712708,0.9043809771537781,0.21545468270778656,3.973998075408306
adult,half,0.0,10,30,False,ctrlB,replay,11,0.869523823261261,1.6745394080062397,0.8435555696487427,0.01956429974238078,0.3408963084220886,0.869523823261261,0.2823106348514557,13.227370612488544
adult,half,0.0,10,30,False,ctrlB,reverse,11,0.8866666555404663,1.6589024489949225,0.843999981880188,0.047447449604670205,0.44713687896728516,0.8866666555404663,0.2519628405570984,13.227370612488544
adult,half,0.0,10,30,False,ctrlB,constant,11,0.8687618970870972,1.6457348419935443,0.8428888916969299,0.023901092847188315,0.3501775562763214,0.8687618970870972,0.277863085269928,13.22737061248855
adult,half,0.0,11,30,False,ctrlA,replay,12,0.9085714221000671,1.6300136109930463,0.8295555710792542,0.07203046656979455,0.5335494875907898,0.9085714221000671,0.1935165375471115,3.9757161841526707
adult,half,0.0,11,30,False,ctrlA,reverse,12,0.9209523797035217,1.68235274599283,0.824222207069397,0.08817832889821794,0.7192818522453308,0.9209523797035217,0.17168480157852173,3.9757161841526707
adult,half,0.0,11,30,False,ctrlA,constant,12,0.9163809418678284,1.721567941000103,0.824222207069397,0.07887381562921736,0.5587949156761169,0.9163809418678284,0.18420161306858063,3.9757161841526703
adult,half,0.0,11,30,False,ctrlB,replay,12,0.8824762105941772,1.6648597919993335,0.8355555534362793,0.037634830004639096,0.3472273051738739,0.8824762105941772,0.25673457980155945,14.171676009422725
adult,half,0.0,11,30,False,ctrlB,reverse,12,0.897523820400238,1.6856805840070592,0.8328889012336731,0.06696184034479989,0.455890953540802,0.897523820400238,0.2251472771167755,14.171676009422725
adult,half,0.0,11,30,False,ctrlB,constant,12,0.8859047889709473,1.7158848209946882,0.8391110897064209,0.039087428530057276,0.35590192675590515,0.8859047889709473,0.2511255443096161,14.171676009422727
adult,half,0.0,12,30,False,ctrlA,replay,13,0.9051428437232971,1.6474344770103926,0.8322222232818604,0.06774193749162886,0.4641154408454895,0.9051428437232971,0.21289482712745667,3.8391828027970503
adult,half,0.0,12,30,False,ctrlA,reverse,13,0.9148571491241455,1.6425888770027086,0.8337777853012085,0.07558827965789372,0.5837363600730896,0.9148571491241455,0.19681593775749207,3.8391828027970503
adult,half,0.0,12,30,False,ctrlA,constant,13,0.9140952229499817,1.720186255988665,0.8331111073493958,0.06799799319108327,0.4890216886997223,0.9140952229499817,0.2036152184009552,3.8391828027970507
adult,half,0.0,12,30,False,ctrlB,replay,13,0.8758095502853394,1.6351144020009087,0.8457777500152588,0.026436115450329253,0.34264248609542847,0.8758095502853394,0.2816600501537323,13.800063549661141
adult,half,0.0,12,30,False,ctrlB,reverse,13,0.8878095149993896,1.606232780002756,0.8448888659477234,0.052556164609061345,0.4283932149410248,0.8878095149993896,0.25623324513435364,13.800063549661141
adult,half,0.0,12,30,False,ctrlB,constant,13,0.8767619132995605,1.6445593569951598,0.8428888916969299,0.03013924237092336,0.35049039125442505,0.8767619132995605,0.27931031584739685,13.800063549661138
adult,half,0.0,13,30,False,ctrlA,replay,14,0.9007619023323059,1.6136190129909664,0.8382222056388855,0.06464879777696397,0.5013637542724609,0.9007619023323059,0.21089664101600647,4.173128845104266
adult,half,0.0,13,30,False,ctrlA,reverse,14,0.9095237851142883,1.5761469389981357,0.8348888754844666,0.07742567178938123,0.6130561232566833,0.9095237851142883,0.1881192922592163,4.173128845104266
adult,half,0.0,13,30,False,ctrlA,constant,14,0.9060952663421631,1.634789208008442,0.8364444375038147,0.06742635104391309,0.552795946598053,0.9060952663421631,0.2074863314628601,4.173128845104266
adult,half,0.0,13,30,False,ctrlB,replay,14,0.8761904835700989,1.6282904609979596,0.8431110978126526,0.033816918028725516,0.35234636068344116,0.8761904835700989,0.27518230676651,14.482272554215145
adult,half,0.0,13,30,False,ctrlB,reverse,14,0.8900952339172363,1.5902743019978516,0.8426666855812073,0.053418925722440086,0.42735013365745544,0.8900952339172363,0.24520577490329742,14.482272554215145
adult,half,0.0,13,30,False,ctrlB,constant,14,0.8731428384780884,1.5951873099984368,0.8435555696487427,0.03551092743873596,0.35287418961524963,0.8731428384780884,0.2724078893661499,14.482272554215147
adult,half,0.0,14,30,False,ctrlA,replay,10,0.9074285626411438,1.6241921740001999,0.8273333311080933,0.07276279407739639,0.5074583888053894,0.9074285626411438,0.2034156620502472,3.9344908654593227
adult,half,0.0,14,30,False,ctrlA,reverse,10,0.9219047427177429,1.605840554999304,0.8293333053588867,0.08476991693178812,0.7234803438186646,0.9219047427177429,0.1740248054265976,3.9344908654593227
adult,half,0.0,14,30,False,ctrlA,constant,10,0.9160000085830688,1.6079674509965116,0.8286666870117188,0.06556029148896536,0.5194970369338989,0.9160000085830688,0.18941299617290497,3.9344908654593223
adult,half,0.0,14,30,False,ctrlB,replay,10,0.8765714168548584,1.6368470299930777,0.8397777676582336,0.027600729174084137,0.3414664566516876,0.8765714168548584,0.26957255601882935,14.000164599592452
adult,half,0.0,14,30,False,ctrlB,reverse,10,0.8935238122940063,1.6166365339886397,0.8364444375038147,0.05688903570837445,0.4511803984642029,0.8935238122940063,0.23146191239356995,14.000164599592452
adult,half,0.0,14,30,False,ctrlB,constant,10,0.8805714249610901,1.6044264800002566,0.8433333039283752,0.030434505701065064,0.3490694761276245,0.8805714249610901,0.2653222382068634,14.000164599592452
adult,half,0.2,10,30,False,ctrlA,replay,11,0.7777143120765686,1.5824590349948267,0.7351111173629761,0.027511848926544187,0.6040658354759216,0.7992380857467651,0.42757272720336914,4.454723341522592
adult,half,0.2,10,30,False,ctrlA,reverse,11,0.7575238347053528,1.6311214489978738,0.7133333086967468,0.06337949789894952,0.6933794617652893,0.8087618947029114,0.4019925594329834,4.454723341522592
adult,half,0.2,10,30,False,ctrlA,constant,11,0.7940952181816101,1.66305026000191,0.7517777681350708,0.02459777600235409,0.5890633463859558,0.7923809289932251,0.4378587603569031,4.454723341522593
adult,half,0.2,10,30,False,ctrlB,replay,11,0.8335238099098206,1.6101826389931375,0.8106666803359985,0.08201331194241843,0.4968622028827667,0.7441904544830322,0.5086784958839417,8.9641761333641
adult,half,0.2,10,30,False,ctrlB,reverse,11,0.8099047541618347,1.593522163995658,0.777999997138977,0.06587871600521934,0.6387237906455994,0.772761881351471,0.45605719089508057,8.9641761333641
adult,half,0.2,10,30,False,ctrlB,constant,11,0.817714273929596,1.5969481139909476,0.7962222099304199,0.06576597034931182,0.5070018768310547,0.7546666860580444,0.4956628978252411,8.964176133364099
adult,half,0.2,11,30,False,ctrlA,replay,12,0.8215237855911255,1.6242448889970547,0.7726666927337646,0.023391664809650846,0.5692093372344971,0.8015238046646118,0.4191076159477234,4.798426756595491
adult,half,0.2,11,30,False,ctrlA,reverse,12,0.7954285740852356,1.612162780991639,0.7488889098167419,0.03461463367938995,0.6471131443977356,0.8234285712242126,0.38061490654945374,4.798426756595491
adult,half,0.2,11,30,False,ctrlA,constant,12,0.8329523801803589,1.6218876739876578,0.7826666831970215,0.03437290138668484,0.5525322556495667,0.8003809452056885,0.42083653807640076,4.798426756595491
adult,half,0.2,11,30,False,ctrlB,replay,12,0.8413333296775818,1.626439207000658,0.8073333501815796,0.07166793269581266,0.46231114864349365,0.7565714120864868,0.4903557598590851,9.411234008647288
adult,half,0.2,11,30,False,ctrlB,reverse,12,0.8209523558616638,1.6356121459975839,0.7744444608688354,0.04120553561051687,0.5876866579055786,0.7963809370994568,0.42560532689094543,9.411234008647288
adult,half,0.2,11,30,False,ctrlB,constant,12,0.8379047513008118,1.6782194139959756,0.8037777543067932,0.05806639655431112,0.4615616202354431,0.7718095183372498,0.4805588722229004,9.411234008647288
adult,half,0.2,12,30,False,ctrlA,replay,13,0.800000011920929,1.6389768500084756,0.7657777667045593,0.024150077025095622,0.5184693932533264,0.8053333163261414,0.42257654666900635,4.389131477214903
adult,half,0.2,12,30,False,ctrlA,reverse,13,0.7809523940086365,1.6144789919926552,0.7517777681350708,0.05569122433662414,0.6039066314697266,0.819428563117981,0.384289413690567,4.389131477214903
adult,half,0.2,12,30,False,ctrlA,constant,13,0.7996190190315247,1.631428925000364,0.7688888907432556,0.02586552421251933,0.518378496170044,0.7980952262878418,0.4228505790233612,4.389131477214903
adult,half,0.2,12,30,False,ctrlB,replay,13,0.8146666884422302,1.609549975997652,0.7951111197471619,0.08730495227707756,0.47974517941474915,0.7400000095367432,0.5228232741355896,9.38563474311541
adult,half,0.2,12,30,False,ctrlB,reverse,13,0.7973333597183228,1.5440630369994324,0.7680000066757202,0.027411242736710445,0.5339255332946777,0.7782857418060303,0.4507179260253906,9.38563474311541
adult,half,0.2,12,30,False,ctrlB,constant,13,0.8169524073600769,1.595869541997672,0.8033333420753479,0.0822554010020362,0.483727365732193,0.7499047517776489,0.5069944858551025,9.38563474311541
adult,half,0.2,13,30,False,ctrlA,replay,14,0.7965714335441589,1.6131979799974943,0.7542222142219543,0.036325171894497334,0.5503548979759216,0.8043809533119202,0.41768550872802734,4.5801974549401425
adult,half,0.2,13,30,False,ctrlA,reverse,14,0.7942857146263123,1.6434233740001218,0.7451111078262329,0.06091019105911255,0.6218289732933044,0.8215237855911255,0.380506306886673,4.5801974549401425
adult,half,0.2,13,30,False,ctrlA,constant,14,0.8080000281333923,1.5637534790002974,0.7720000147819519,0.043789969007174176,0.5671666860580444,0.7975237965583801,0.4273504912853241,4.580197454940142
adult,half,0.2,13,30,False,ctrlB,replay,14,0.8306666612625122,1.6138515030033886,0.8095555305480957,0.0838634498781628,0.47070741653442383,0.7455238103866577,0.5165454745292664,9.626289447611828
adult,half,0.2,13,30,False,ctrlB,reverse,14,0.8099047541618347,1.7289204630069435,0.7648888826370239,0.030586956037415396,0.5724743604660034,0.798285722732544,0.4327032268047333,9.626289447611828
adult,half,0.2,13,30,False,ctrlB,constant,14,0.8342857360839844,1.676848634990165,0.8057777881622314,0.07932457648383247,0.4812053442001343,0.7559999823570251,0.502102255821228,9.626289447611827
adult,half,0.2,14,30,False,ctrlA,replay,10,0.8207619190216064,1.6076432130066678,0.774222195148468,0.027230103227827283,0.5314081311225891,0.7868571281433105,0.43889498710632324,4.810266344943398
adult,half,0.2,14,30,False,ctrlA,reverse,10,0.7807618975639343,1.6558500760002062,0.7408888936042786,0.05272952409585317,0.6400513052940369,0.8036190271377563,0.40118131041526794,4.810266344943398
adult,half,0.2,14,30,False,ctrlA,constant,10,0.8100952506065369,1.6848337660048855,0.769777774810791,0.042885295470555626,0.5702317357063293,0.7960000038146973,0.43240392208099365,4.810266344943399
adult,half,0.2,14,30,False,ctrlB,replay,10,0.838857114315033,1.6689945779944537,0.8055555820465088,0.08171082074112362,0.47943559288978577,0.7447618842124939,0.5215322971343994,10.143082435311332
adult,half,0.2,14,30,False,ctrlB,reverse,10,0.8268571496009827,1.6303926709952066,0.7817777991294861,0.05994960064358181,0.5890697836875916,0.767047643661499,0.46754854917526245,10.143082435311332
adult,half,0.2,14,30,False,ctrlB,constant,10,0.8382856845855713,1.6558109289908316,0.8031111359596252,0.06758147086037529,0.47859591245651245,0.7487618923187256,0.5061215162277222,10.143082435311332
bank,full,0.0,10,30,False,ctrlA,replay,11,0.9382857084274292,1.6318913569994038,0.8964444398880005,0.03206902266873254,0.2410711795091629,0.9382857084274292,0.15017208456993103,2.7775205999243564
bank,full,0.0,10,30,False,ctrlA,reverse,11,0.9393333196640015,1.6231486399919959,0.8948888778686523,0.03884976881080203,0.26697275042533875,0.9393333196640015,0.1403377503156662,2.7775205999243564
bank,full,0.0,10,30,False,ctrlA,constant,11,0.9388571381568909,1.562807388996589,0.9011111259460449,0.03386738040712145,0.24383644759655,0.9388571381568909,0.1475600153207779,2.7775205999243564
bank,full,0.0,10,30,False,ctrlB,replay,11,0.9143809676170349,1.4637071300094249,0.8995555639266968,0.012714778012699553,0.2202688604593277,0.9143809676170349,0.1939811110496521,10.725890434844965
bank,full,0.0,10,30,False,ctrlB,reverse,11,0.9192380905151367,1.5994637279945891,0.8968889117240906,0.021951761153009203,0.22681720554828644,0.9192380905151367,0.1841181367635727,10.725890434844965
bank,full,0.0,10,30,False,ctrlB,constant,11,0.9145714044570923,1.5363238919962896,0.9008888602256775,0.011216880705621508,0.21978679299354553,0.9145714044570923,0.194519504904747,10.725890434844965
bank,full,0.0,11,30,False,ctrlA,replay,12,0.9410476088523865,1.5073858629912138,0.8957777619361877,0.030717554847399388,0.24019572138786316,0.9410476088523865,0.14717340469360352,2.7388717066582227
bank,full,0.0,11,30,False,ctrlA,reverse,12,0.9450476169586182,1.4907247819937766,0.8922222256660461,0.04258336393038431,0.2702889144420624,0.9450476169586182,0.13553248345851898,2.7388717066582227
bank,full,0.0,11,30,False,ctrlA,constant,12,0.9399999976158142,1.5938957259932067,0.8962222337722778,0.0319292409684923,0.24283461272716522,0.9399999976158142,0.14589546620845795,2.738871706658222
bank,full,0.0,11,30,False,ctrlB,replay,12,0.9176190495491028,1.566706912999507,0.9015555381774902,0.01754669793446859,0.21773982048034668,0.9176190495491028,0.1952294260263443,8.141637482479323
bank,full,0.0,11,30,False,ctrlB,reverse,12,0.927047610282898,1.8306400400033453,0.8953333497047424,0.02011905872159534,0.22593501210212708,0.927047610282898,0.17387618124485016,8.141637482479323
bank,full,0.0,11,30,False,ctrlB,constant,12,0.9213333129882812,1.5471785300032934,0.9035555720329285,0.011750254472096763,0.21655453741550446,0.9213333129882812,0.1900314837694168,8.141637482479323
bank,full,0.0,12,30,False,ctrlA,replay,13,0.9387618899345398,1.6596016399998916,0.8986666798591614,0.024149206472767727,0.23457403481006622,0.9387618899345398,0.15220895409584045,2.8317452829948118
bank,full,0.0,12,30,False,ctrlA,reverse,13,0.9430476427078247,1.5430604389985092,0.8931111097335815,0.04064868746863471,0.26522862911224365,0.9430476427078247,0.139682799577713,2.8317452829948118
bank,full,0.0,12,30,False,ctrlA,constant,13,0.9379047751426697,1.5129598360072123,0.8973333239555359,0.03056877899169922,0.2357719987630844,0.9379047751426697,0.14717890322208405,2.831745282994811
bank,full,0.0,12,30,False,ctrlB,replay,13,0.9148571491241455,1.4876542379934108,0.9028888940811157,0.008194674730300906,0.21521197259426117,0.9148571491241455,0.1949438452720642,10.995661490212568
bank,full,0.0,12,30,False,ctrlB,reverse,13,0.9220952391624451,1.5723633300076472,0.8999999761581421,0.01955730027622647,0.2212047427892685,0.9220952391624451,0.1808767169713974,10.995661490212568
bank,full,0.0,12,30,False,ctrlB,constant,13,0.9160952568054199,1.5912525250023464,0.9020000100135803,0.011977863046858047,0.2162044793367386,0.9160952568054199,0.19529208540916443,10.995661490212568
bank,full,0.0,13,30,False,ctrlA,replay,14,0.9342857003211975,1.507413250990794,0.9008888602256775,0.030682403710153364,0.23421186208724976,0.9342857003211975,0.1532290279865265,2.8060224237390687
bank,full,0.0,13,30,False,ctrlA,reverse,14,0.940666675567627,1.5380327149905497,0.8953333497047424,0.04314052270518409,0.25819119811058044,0.940666675567627,0.14163920283317566,2.8060224237390687
bank,full,0.0,13,30,False,ctrlA,constant,14,0.9386666417121887,1.5616509599931305,0.9008888602256775,0.03416970013247596,0.23650220036506653,0.9386666417121887,0.14796781539916992,2.806022423739069
bank,full,0.0,13,30,False,ctrlB,replay,14,0.9133333563804626,1.5694887540012132,0.9035555720329285,0.01117194496260749,0.21526968479156494,0.9133333563804626,0.1961379051208496,11.460721585685564
bank,full,0.0,13,30,False,ctrlB,reverse,14,0.9193333387374878,1.5332391370029654,0.9048888683319092,0.023833547711372374,0.22004133462905884,0.9193333387374878,0.18563787639141083,11.460721585685564
bank,full,0.0,13,30,False,ctrlB,constant,14,0.9122856855392456,1.51614052199875,0.9035555720329285,0.011267436795764498,0.21367070078849792,0.9122856855392456,0.19666464626789093,11.460721585685567
bank,full,0.0,14,30,False,ctrlA,replay,10,0.9394285678863525,1.6316026880085701,0.9008888602256775,0.02757638241185082,0.23884543776512146,0.9394285678863525,0.1496274471282959,2.7205841806777067
bank,full,0.0,14,30,False,ctrlA,reverse,10,0.9422857165336609,1.5999360010027885,0.9004444479942322,0.03758145860830943,0.25747501850128174,0.9422857165336609,0.13929660618305206,2.7205841806777067
bank,full,0.0,14,30,False,ctrlA,constant,10,0.9375237822532654,1.5140155450062593,0.9004444479942322,0.03319331087006463,0.24514944851398468,0.9375237822532654,0.14772741496562958,2.7205841806777067
bank,full,0.0,14,30,False,ctrlB,replay,10,0.9130476117134094,1.4892821760004153,0.9035555720329285,0.01725417387485504,0.21695062518119812,0.9130476117134094,0.19460929930210114,10.475994056457465
bank,full,0.0,14,30,False,ctrlB,reverse,10,0.9218094944953918,1.4869422170013422,0.9055555462837219,0.025641276624467635,0.22010931372642517,0.9218094944953918,0.18227000534534454,10.475994056457465
bank,full,0.0,14,30,False,ctrlB,constant,10,0.9129523634910583,1.5352415590023156,0.9031111001968384,0.018112561517291598,0.21598003804683685,0.9129523634910583,0.19336463510990143,10.475994056457466
bank,full,0.2,10,30,False,ctrlA,replay,11,0.91009521484375,1.5224704800057225,0.8880000114440918,0.09742546694808536,0.3339647352695465,0.7802857160568237,0.4925472140312195,2.7969563746514345
bank,full,0.2,10,30,False,ctrlA,reverse,11,0.9041904807090759,1.5527585539966822,0.8722222447395325,0.07233606978257497,0.36627742648124695,0.7907618880271912,0.471859335899353,2.7969563746514345
bank,full,0.2,10,30,False,ctrlA,constant,11,0.9045714139938354,1.5330087859911146,0.8851110935211182,0.09775612741046481,0.34571677446365356,0.7791428565979004,0.4869268834590912,2.796956374651435
bank,full,0.2,10,30,False,ctrlB,replay,11,0.9071428775787354,1.5599704530031886,0.8966666460037231,0.12295407328340742,0.33205345273017883,0.7613333463668823,0.5230185985565186,4.78738154939775
bank,full,0.2,10,30,False,ctrlB,reverse,11,0.9047619104385376,1.4884968209953513,0.887333333492279,0.10695783641603257,0.34712308645248413,0.7688571214675903,0.50615394115448,4.78738154939775
bank,full,0.2,10,30,False,ctrlB,constant,11,0.9065714478492737,1.5065332020021742,0.8953333497047424,0.12233644315931531,0.33471331000328064,0.7657142877578735,0.5188813209533691,4.787381549397751
bank,full,0.2,11,30,False,ctrlA,replay,12,0.8909524083137512,1.4982822320016567,0.8762221932411194,0.11368789070182377,0.3757616877555847,0.7815238237380981,0.4953330159187317,2.903613905599612
bank,full,0.2,11,30,False,ctrlA,reverse,12,0.892380952835083,1.4888336879957933,0.8682222366333008,0.10518591329786511,0.3937952518463135,0.7911428809165955,0.47805213928222656,2.903613905599612
bank,full,0.2,11,30,False,ctrlA,constant,12,0.8837142586708069,1.5697882660024334,0.8557778000831604,0.09692810961935257,0.39569440484046936,0.7843809723854065,0.48577919602394104,2.903613905599612
bank,full,0.2,11,30,False,ctrlB,replay,12,0.8961904644966125,1.5508354229968973,0.8891111016273499,0.1427522655063205,0.36298489570617676,0.7667618989944458,0.5201205611228943,4.971220434423678
bank,full,0.2,11,30,False,ctrlB,reverse,12,0.8943809270858765,1.608064681000542,0.8813333511352539,0.12624386461575823,0.3717294931411743,0.7735238075256348,0.5066576600074768,4.971220434423678
bank,full,0.2,11,30,False,ctrlB,constant,12,0.8947619199752808,1.492242748994613,0.8811110854148865,0.13068848606612946,0.3657209873199463,0.7712380886077881,0.5127256512641907,4.971220434423679
bank,full,0.2,12,30,False,ctrlA,replay,13,0.9012380838394165,1.4908550300024217,0.8833333253860474,0.13302082404825424,0.3840097486972809,0.7724761962890625,0.49961429834365845,2.8531841184377633
bank,full,0.2,12,30,False,ctrlA,reverse,13,0.8972380757331848,1.538626300985925,0.8755555748939514,0.1119385224978129,0.3911992311477661,0.7852380871772766,0.4855634272098541,2.8531841184377633
bank,full,0.2,12,30,False,ctrlA,constant,13,0.9019047617912292,1.5017511790065328,0.879111111164093,0.12763436630037098,0.38732922077178955,0.7784761786460876,0.4929307997226715,2.8531841184377638
bank,full,0.2,12,30,False,ctrlB,replay,13,0.9039999842643738,1.5239431679947302,0.8964444398880005,0.17101493779818217,0.3889128565788269,0.7594285607337952,0.5337931513786316,5.396372751144625
bank,full,0.2,12,30,False,ctrlB,reverse,13,0.8982856869697571,1.5528084469988244,0.88355553150177,0.14201996380752988,0.3984833061695099,0.7672380805015564,0.5187448859214783,5.396372751144625
bank,full,0.2,12,30,False,ctrlB,constant,13,0.9044761657714844,1.5562632840010338,0.8882222175598145,0.1532161230246226,0.387922078371048,0.7627618908882141,0.5295165777206421,5.396372751144626
bank,full,0.2,13,30,False,ctrlA,replay,14,0.9044761657714844,1.5284524059970863,0.8866666555404663,0.09614615843031142,0.33322104811668396,0.7764762043952942,0.4928654730319977,2.8663164216444543
bank,full,0.2,13,30,False,ctrlA,reverse,14,0.9030476212501526,1.5519178569957148,0.8817777633666992,0.06807897078990936,0.3319971263408661,0.7845714092254639,0.48547303676605225,2.8663164216444543
bank,full,0.2,13,30,False,ctrlA,constant,14,0.909333348274231,1.49611430701043,0.8888888955116272,0.09898802794350518,0.33557480573654175,0.7799999713897705,0.49006807804107666,2.8663164216444543
bank,full,0.2,13,30,False,ctrlB,replay,14,0.9062857031822205,1.5238309209962608,0.8966666460037231,0.11788839536243015,0.3282061517238617,0.7611428499221802,0.5231265425682068,4.785375543393979
bank,full,0.2,13,30,False,ctrlB,reverse,14,0.9052380919456482,1.5088487850007368,0.8866666555404663,0.09554702654149796,0.32523930072784424,0.7734285593032837,0.5102318525314331,4.785375543393979
bank,full,0.2,13,30,False,ctrlB,constant,14,0.9100000262260437,1.5270581750082783,0.8966666460037231,0.11537911631001367,0.3226477801799774,0.7652381062507629,0.5195884704589844,4.785375543393979
bank,full,0.2,14,30,False,ctrlA,replay,10,0.9063809514045715,1.5322011270036455,0.8911111354827881,0.11448822620179917,0.3570336699485779,0.7700952291488647,0.5077506899833679,3.014794900390508
bank,full,0.2,14,30,False,ctrlA,reverse,10,0.9002857208251953,1.5186818549991585,0.886222243309021,0.09491476484802032,0.36080753803253174,0.7750476002693176,0.49767592549324036,3.014794900390508
bank,full,0.2,14,30,False,ctrlA,constant,10,0.9059047698974609,1.5929622080002446,0.8855555653572083,0.10277053067419264,0.3557046055793762,0.771142840385437,0.507985532283783,3.014794900390508
bank,full,0.2,14,30,False,ctrlB,replay,10,0.9053333401679993,1.5370682170032524,0.8948888778686523,0.13389201101991866,0.3531300723552704,0.7614285945892334,0.5314692854881287,4.8505000097866775
bank,full,0.2,14,30,False,ctrlB,reverse,10,0.905047595500946,1.5822098039934644,0.8884444236755371,0.1119539277686013,0.3597325384616852,0.7660952210426331,0.5194228887557983,4.8505000097866775
bank,full,0.2,14,30,False,ctrlB,constant,10,0.9031428694725037,1.540082931998768,0.8911111354827881,0.12026337542798783,0.35046884417533875,0.7607619166374207,0.5291867852210999,4.850500009786678
bank,half,0.0,10,30,False,ctrlA,replay,11,0.9626666903495789,1.4846423779963516,0.890666663646698,0.05535396981239318,0.3111231327056885,0.9626666903495789,0.09853487461805344,3.6446937106537174
bank,half,0.0,10,30,False,ctrlA,reverse,11,0.9685714244842529,1.4697011739917798,0.8851110935211182,0.07671738925245072,0.42136868834495544,0.9685714244842529,0.08298243582248688,3.6446937106537174
bank,half,0.0,10,30,False,ctrlA,constant,11,0.95676189661026,1.5494750179932453,0.8886666893959045,0.06330606551302803,0.3569199740886688,0.95676189661026,0.11004766821861267,3.644693710653717
bank,half,0.0,10,30,False,ctrlB,replay,11,0.9329524040222168,1.5503599850053433,0.895111083984375,0.02974159321520064,0.24199709296226501,0.9329524040222168,0.1638832688331604,13.603953182964219
bank,half,0.0,10,30,False,ctrlB,reverse,11,0.9478095173835754,1.5080586390104145,0.8935555815696716,0.053829967021942135,0.3020600378513336,0.9478095173835754,0.13321958482265472,13.603953182964219
bank,half,0.0,10,30,False,ctrlB,constant,11,0.933904767036438,1.551538627987611,0.8973333239555359,0.02847012797991435,0.24321237206459045,0.933904767036438,0.16196869313716888,13.60395318296422
bank,half,0.0,11,30,False,ctrlA,replay,12,0.96019047498703,1.4955402429914102,0.8908888697624207,0.05821247677008311,0.3106605112552643,0.96019047498703,0.09871666878461838,3.525562439418904
bank,half,0.0,11,30,False,ctrlA,reverse,12,0.9683809280395508,1.538780732997111,0.8848888874053955,0.07400715770986346,0.39270684123039246,0.9683809280395508,0.08107428252696991,3.525562439418904
bank,half,0.0,11,30,False,ctrlA,constant,12,0.9592381119728088,1.5687779069994576,0.8893333077430725,0.061668271263440454,0.3282221555709839,0.9592381119728088,0.10816048085689545,3.5255624394189033
bank,half,0.0,11,30,False,ctrlB,replay,12,0.9253333210945129,1.6159377039875835,0.8984444737434387,0.0132479544878006,0.22939607501029968,0.9253333210945129,0.18234308063983917,13.938573105615703
bank,half,0.0,11,30,False,ctrlB,reverse,12,0.9405714273452759,1.5214127869985532,0.8942221999168396,0.04358677826325098,0.2633207142353058,0.9405714273452759,0.14212526381015778,13.938573105615703
bank,half,0.0,11,30,False,ctrlB,constant,12,0.9257143139839172,1.5465650830010418,0.8991110920906067,0.014174040304289924,0.23031437397003174,0.9257143139839172,0.17709007859230042,13.938573105615701
bank,half,0.0,12,30,False,ctrlA,replay,13,0.9573333263397217,1.5100211680110078,0.890666663646698,0.054192162341541714,0.2920355200767517,0.9573333263397217,0.10628797858953476,3.450375048379934
bank,half,0.0,12,30,False,ctrlA,reverse,13,0.9660952091217041,1.5579491640091874,0.8857777714729309,0.06793764542208777,0.3745042085647583,0.9660952091217041,0.08881781250238419,3.450375048379934
bank,half,0.0,12,30,False,ctrlA,constant,13,0.96019047498703,1.593233079998754,0.8880000114440918,0.05479633711444007,0.3118094205856323,0.96019047498703,0.10375846177339554,3.450375048379934
bank,half,0.0,12,30,False,ctrlB,replay,13,0.9283809661865234,1.5313891639962094,0.8980000019073486,0.01808409101433224,0.23285500705242157,0.9283809661865234,0.1805301010608673,14.494003039050943
bank,half,0.0,12,30,False,ctrlB,reverse,13,0.9369523525238037,1.5456867750035599,0.8924444317817688,0.0436312211089664,0.25756415724754333,0.9369523525238037,0.15406884253025055,14.494003039050943
bank,half,0.0,12,30,False,ctrlB,constant,13,0.9281904697418213,1.533643385002506,0.9004444479942322,0.015304725408554078,0.23073329031467438,0.9281904697418213,0.1781359612941742,14.494003039050941
bank,half,0.0,13,30,False,ctrlA,replay,14,0.9645714163780212,1.6178181800059974,0.8973333239555359,0.048452337940533954,0.28059861063957214,0.9645714163780212,0.09807978570461273,3.616752198732326
bank,half,0.0,13,30,False,ctrlA,reverse,14,0.9718095064163208,1.6230556489899755,0.8895555734634399,0.06856262334187826,0.36586350202560425,0.9718095064163208,0.07760000973939896,3.616752198732326
bank,half,0.0,13,30,False,ctrlA,constant,14,0.9693333506584167,1.57242970399966,0.8955555558204651,0.05276192707485623,0.30232876539230347,0.9693333506584167,0.09244166314601898,3.616752198732326
bank,half,0.0,13,30,False,ctrlB,replay,14,0.9266666769981384,1.569532549008727,0.9037777781486511,0.021129348198572796,0.2248106300830841,0.9266666769981384,0.17243988811969757,13.61581823333516
bank,half,0.0,13,30,False,ctrlB,reverse,14,0.9460952281951904,1.5208535409910837,0.8997777700424194,0.04189489017592536,0.26373976469039917,0.9460952281951904,0.13355888426303864,13.61581823333516
bank,half,0.0,13,30,False,ctrlB,constant,14,0.9306666851043701,1.5317937810032163,0.9024444222450256,0.01977012437582016,0.22462300956249237,0.9306666851043701,0.16352318227291107,13.615818233335165
bank,half,0.0,14,30,False,ctrlA,replay,10,0.9596190452575684,1.5705394950055052,0.8924444317817688,0.057882372121016185,0.3084566295146942,0.9596190452575684,0.10607806593179703,3.5814648514301464
bank,half,0.0,14,30,False,ctrlA,reverse,10,0.9666666388511658,1.5754431700042915,0.8866666555404663,0.07118949712647332,0.39672335982322693,0.9666666388511658,0.08849216997623444,3.5814648514301464
bank,half,0.0,14,30,False,ctrlA,constant,10,0.9577142596244812,1.479454029002227,0.8904444575309753,0.05715463373396132,0.3217439651489258,0.9577142596244812,0.10415027290582657,3.581464851430147
bank,half,0.0,14,30,False,ctrlB,replay,10,0.9302856922149658,1.5415102469996782,0.9006666541099548,0.020337553752793204,0.22945855557918549,0.9302856922149658,0.1720251888036728,13.376086255258587
bank,half,0.0,14,30,False,ctrlB,reverse,10,0.9415237903594971,1.4784158660040703,0.8933333158493042,0.049636846105257676,0.2884451150894165,0.9415237903594971,0.14301620423793793,13.376086255258587
bank,half,0.0,14,30,False,ctrlB,constant,10,0.9333333373069763,1.5488167909934418,0.8984444737434387,0.023715389569600422,0.23752696812152863,0.9333333373069763,0.16708990931510925,13.376086255258588
bank,half,0.2,10,30,False,ctrlA,replay,11,0.9030476212501526,1.5727727249905001,0.8633333444595337,0.06084512873490652,0.36752021312713623,0.8110476136207581,0.42378008365631104,4.196352195767356
bank,half,0.2,10,30,False,ctrlA,reverse,11,0.8908571600914001,1.5513035809999565,0.8544444441795349,0.05870466363430023,0.43430668115615845,0.8163809776306152,0.39588606357574463,4.196352195767356
bank,half,0.2,10,30,False,ctrlA,constant,11,0.8918095231056213,1.5949238339962903,0.858222246170044,0.058871415694554646,0.3868503272533417,0.8169524073600769,0.42184004187583923,4.196352195767356
bank,half,0.2,10,30,False,ctrlB,replay,11,0.9064761996269226,1.5215578500065021,0.8844444155693054,0.12093814207447899,0.3555331230163574,0.774476170539856,0.5001036524772644,8.481827507615751
bank,half,0.2,10,30,False,ctrlB,reverse,11,0.888952374458313,1.6253591560089262,0.862666666507721,0.07318830760320028,0.40136492252349854,0.7931428551673889,0.4538842439651489,8.481827507615751
bank,half,0.2,10,30,False,ctrlB,constant,11,0.9013333320617676,1.7083996979927178,0.8740000128746033,0.10243551863564385,0.35992658138275146,0.7819047570228577,0.4899200201034546,8.481827507615751
bank,half,0.2,11,30,False,ctrlA,replay,12,0.9005714058876038,1.7126538609882118,0.86644446849823,0.03368258126576742,0.3464479446411133,0.8276190757751465,0.4072759449481964,4.293059781904721
bank,half,0.2,11,30,False,ctrlA,reverse,12,0.8784762024879456,1.6701414919953095,0.8397777676582336,0.034396991663508944,0.4389297366142273,0.8360000252723694,0.37711817026138306,4.293059781904721
bank,half,0.2,11,30,False,ctrlA,constant,12,0.8908571600914001,1.6978202860045712,0.8564444184303284,0.04304858399762048,0.377466082572937,0.8308571577072144,0.40044674277305603,4.293059781904721
bank,half,0.2,11,30,False,ctrlB,replay,12,0.8893333077430725,1.6888288110058056,0.8608888983726501,0.08980862447950576,0.37176865339279175,0.7942857146263123,0.4727863669395447,7.880672559249366
bank,half,0.2,11,30,False,ctrlB,reverse,12,0.8990476131439209,1.6425259249954252,0.8640000224113464,0.04450463691022661,0.3818124532699585,0.8199999928474426,0.4196673631668091,7.880672559249366
bank,half,0.2,11,30,False,ctrlB,constant,12,0.8904761672019958,1.642741104005836,0.8644444346427917,0.07775624471902846,0.364000529050827,0.800000011920929,0.45499271154403687,7.880672559249367
bank,half,0.2,12,30,False,ctrlA,replay,13,0.8716190457344055,1.670423352989019,0.8444444537162781,0.07977173584037357,0.4178038537502289,0.819428563117981,0.41909292340278625,4.016235543753399
bank,half,0.2,12,30,False,ctrlA,reverse,13,0.8459047675132751,1.672195453007589,0.8184444308280945,0.07097612411446041,0.5077354907989502,0.8352380990982056,0.37651312351226807,4.016235543753399
bank,half,0.2,12,30,False,ctrlA,constant,13,0.8679999709129333,1.6966109819913981,0.8408889174461365,0.08376948012246026,0.43407222628593445,0.824571430683136,0.40932729840278625,4.016235543753399
bank,half,0.2,12,30,False,ctrlB,replay,13,0.882095217704773,1.6332800520031014,0.875333309173584,0.12714313373300765,0.3838662803173065,0.7697142958641052,0.5102891325950623,8.524319432078915
bank,half,0.2,12,30,False,ctrlB,reverse,13,0.8739047646522522,1.5504066129942657,0.8584444522857666,0.07629174041748046,0.40636512637138367,0.7939047813415527,0.4620223641395569,8.524319432078915
bank,half,0.2,12,30,False,ctrlB,constant,13,0.8792380690574646,1.5278091030049836,0.8693333268165588,0.11725087226761713,0.39445817470550537,0.7695237994194031,0.5055652260780334,8.524319432078915
bank,half,0.2,13,30,False,ctrlA,replay,14,0.8723809719085693,1.4571643700037384,0.8286666870117188,0.06817381433645885,0.43385377526283264,0.8222857117652893,0.41707244515419006,4.189621029935208
bank,half,0.2,13,30,False,ctrlA,reverse,14,0.8590475916862488,1.4707362769986503,0.8162222504615784,0.0475957877503501,0.47568023204803467,0.8424761891365051,0.3715759813785553,4.189621029935208
bank,half,0.2,13,30,False,ctrlA,constant,14,0.8727619051933289,1.4360213489999296,0.8331111073493958,0.05604471729861366,0.4201270341873169,0.8291428685188293,0.39976149797439575,4.189621029935209
bank,half,0.2,13,30,False,ctrlB,replay,14,0.8996190428733826,1.466634647003957,0.8737778067588806,0.13161004148589242,0.38918498158454895,0.7931428551673889,0.47888872027397156,7.7737792616155845
bank,half,0.2,13,30,False,ctrlB,reverse,14,0.8691428303718567,1.5175204090046464,0.8273333311080933,0.07827452741066615,0.4565443694591522,0.8091428279876709,0.4379950761795044,7.7737792616155845
bank,half,0.2,13,30,False,ctrlB,constant,14,0.8897143006324768,1.536283737004851,0.8684444427490234,0.11866178406609429,0.39560002088546753,0.7958095073699951,0.4720183312892914,7.773779261615585
bank,half,0.2,14,30,False,ctrlA,replay,10,0.8761904835700989,1.4603703530010534,0.8431110978126526,0.06821563243865968,0.4172908067703247,0.8129523992538452,0.4234718680381775,4.102244168502315
bank,half,0.2,14,30,False,ctrlA,reverse,10,0.8748571276664734,1.481471072009299,0.8377777934074402,0.05360348437892066,0.4661776125431061,0.8238095045089722,0.38884085416793823,4.102244168502315
bank,half,0.2,14,30,False,ctrlA,constant,10,0.8809523582458496,1.4643546779989265,0.8504444360733032,0.05699374299579196,0.42022305727005005,0.8123809695243835,0.41809532046318054,4.102244168502314
bank,half,0.2,14,30,False,ctrlB,replay,10,0.8828571438789368,1.439858361001825,0.8611111044883728,0.10580445868439145,0.39463797211647034,0.7678095102310181,0.5041810274124146,8.214122008788484
bank,half,0.2,14,30,False,ctrlB,reverse,10,0.8857142925262451,1.4486627010046504,0.8526666760444641,0.08540082999070485,0.447243332862854,0.7958095073699951,0.4501066207885742,8.214122008788484
bank,half,0.2,14,30,False,ctrlB,constant,10,0.8843809366226196,1.4619895680079935,0.8619999885559082,0.0953008897834354,0.3960854411125183,0.7777143120765686,0.49622130393981934,8.214122008788486
digits,full,0.0,10,30,False,ctrlA,replay,11,0.9904610514640808,0.8565219360025367,0.9703153967857361,0.08421580258459682,0.1737021654844284,0.9904610514640808,0.10638143867254257,2.559560374501087
digits,full,0.0,10,30,False,ctrlA,reverse,11,0.9936407208442688,0.8661569899995811,0.9684600830078125,0.023311935572544587,0.10511038452386856,0.9936407208442688,0.03601250424981117,2.559560374501087
digits,full,0.0,10,30,False,ctrlA,constant,11,0.9912559390068054,0.8208462140028132,0.9666048288345337,0.07272432868909748,0.16135835647583008,0.9912559390068054,0.09583458304405212,2.5595603745010864
digits,full,0.0,10,30,False,ctrlB,replay,11,0.973767876625061,0.857943201001035,0.9536178112030029,0.15329910115319856,0.2907997667789459,0.973767876625061,0.2234654575586319,4.022499969695093
digits,full,0.0,10,30,False,ctrlB,reverse,11,0.9888712167739868,0.8303227319993312,0.9647495150566101,0.024151491709675548,0.12383649498224258,0.9888712167739868,0.05556683987379074,4.022499969695093
digits,full,0.0,10,30,False,ctrlB,constant,11,0.980127215385437,0.8357939060078934,0.9628942608833313,0.13077526864403918,0.2485901266336441,0.980127215385437,0.18029876053333282,4.022499969695093
digits,full,0.0,11,30,False,ctrlA,replay,12,0.9896661639213562,0.8542415590054588,0.9666048288345337,0.09279468296189033,0.18752798438072205,0.9896661639213562,0.11878246814012527,2.6511131729105744
digits,full,0.0,11,30,False,ctrlA,reverse,12,0.9944356083869934,0.8461066780000692,0.9721707105636597,0.02921801324456875,0.10711669921875,0.9944356083869934,0.04224267974495888,2.6511131729105744
digits,full,0.0,11,30,False,ctrlA,constant,12,0.9904610514640808,0.8452257360040676,0.9684600830078125,0.08850820730258892,0.17773666977882385,0.9904610514640808,0.10795357823371887,2.6511131729105744
digits,full,0.0,11,30,False,ctrlB,replay,12,0.9793322682380676,0.8395932759885909,0.948051929473877,0.15555029883566063,0.29754891991615295,0.9793322682380676,0.22702108323574066,4.1669368596962695
digits,full,0.0,11,30,False,ctrlB,reverse,12,0.9920508861541748,0.825930042003165,0.9684600830078125,0.0314019082428573,0.11850378662347794,0.9920508861541748,0.058382224291563034,4.1669368596962695
digits,full,0.0,11,30,False,ctrlB,constant,12,0.980127215385437,0.8221835979929892,0.9573283791542053,0.13805192449097287,0.2615188956260681,0.980127215385437,0.19437332451343536,4.166936859696269
digits,full,0.0,12,30,False,ctrlA,replay,13,0.9936407208442688,0.8286452920001466,0.9666048288345337,0.08438133391688175,0.17884419858455658,0.9936407208442688,0.10626573860645294,2.4996537417281317
digits,full,0.0,12,30,False,ctrlA,reverse,13,0.9960254430770874,0.8337297839898383,0.9684600830078125,0.0259915444868615,0.10882679373025894,0.9960254430770874,0.035390082746744156,2.4996537417281317
digits,full,0.0,12,30,False,ctrlA,constant,13,0.9944356083869934,0.8256375140044838,0.9703153967857361,0.0799163717064654,0.16797851026058197,0.9944356083869934,0.09674236923456192,2.4996537417281326
digits,full,0.0,12,30,False,ctrlB,replay,13,0.972178041934967,0.8129843869974138,0.948051929473877,0.16185284117046667,0.3179607093334198,0.972178041934967,0.24938160181045532,4.2729546967477745
digits,full,0.0,12,30,False,ctrlB,reverse,13,0.9904610514640808,0.8314155669941101,0.9628942608833313,0.036551817035188484,0.13405556976795197,0.9904610514640808,0.061699818819761276,4.2729546967477745
digits,full,0.0,12,30,False,ctrlB,constant,13,0.9793322682380676,0.8312458340078592,0.9517624974250793,0.13695937925897855,0.27412745356559753,0.9793322682380676,0.20592451095581055,4.272954696747775
digits,full,0.0,13,30,False,ctrlA,replay,14,0.9888712167739868,0.8479342729988275,0.9721707105636597,0.0902811304315344,0.1749768853187561,0.9888712167739868,0.10711584985256195,2.5206377718782322
digits,full,0.0,13,30,False,ctrlA,reverse,14,0.9944356083869934,0.8609639319911366,0.9777365326881409,0.02851137353007117,0.10340683907270432,0.9944356083869934,0.03628581762313843,2.5206377718782322
digits,full,0.0,13,30,False,ctrlA,constant,14,0.9888712167739868,0.8664865960017778,0.9703153967857361,0.08055755446262394,0.16617706418037415,0.9888712167739868,0.09805905818939209,2.520637771878232
digits,full,0.0,13,30,False,ctrlB,replay,14,0.9777424335479736,0.8543199109990383,0.9573283791542053,0.1689283568861312,0.3038538992404938,0.9777424335479736,0.23477299511432648,4.102967175358423
digits,full,0.0,13,30,False,ctrlB,reverse,14,0.9880763292312622,0.8464020949904807,0.9740259647369385,0.03510814363306219,0.11378587782382965,0.9880763292312622,0.057613883167505264,4.102967175358423
digits,full,0.0,13,30,False,ctrlB,constant,14,0.9817169904708862,0.8482888580037979,0.9647495150566101,0.14090973238334586,0.25129908323287964,0.9817169904708862,0.18804879486560822,4.102967175358423
digits,full,0.0,14,30,False,ctrlA,replay,10,0.9896661639213562,0.8331308199994965,0.9703153967857361,0.09524656801807638,0.18526332080364227,0.9896661639213562,0.12129205465316772,2.596916473828483
digits,full,0.0,14,30,False,ctrlA,reverse,10,0.9928457736968994,0.8168776679958683,0.9740259647369385,0.028541351183004854,0.11242640763521194,0.9928457736968994,0.04370148852467537,2.596916473828483
digits,full,0.0,14,30,False,ctrlA,constant,10,0.9904610514640808,0.8652757460076828,0.9740259647369385,0.09344333576138697,0.17544025182724,0.9904610514640808,0.11085135489702225,2.596916473828482
digits,full,0.0,14,30,False,ctrlB,replay,10,0.9713831543922424,0.8636079919961048,0.9554731249809265,0.19320029130893204,0.3417440354824066,0.9713831543922424,0.2755659818649292,4.241914385527987
digits,full,0.0,14,30,False,ctrlB,reverse,10,0.9880763292312622,0.8392265239963308,0.9703153967857361,0.036496721415440095,0.12986354529857635,0.9880763292312622,0.06528136134147644,4.241914385527987
digits,full,0.0,14,30,False,ctrlB,constant,10,0.9809221029281616,0.8355469579983037,0.9591836929321289,0.15404608865062913,0.2799111008644104,0.9809221029281616,0.21354396641254425,4.241914385527987
digits,full,0.2,10,30,False,ctrlA,replay,11,0.9666136503219604,0.8277202609897358,0.9350649118423462,0.3041706718297084,0.5537599921226501,0.7806041240692139,0.9521926641464233,2.069403682226649
digits,full,0.2,10,30,False,ctrlA,reverse,11,0.9689984321594238,0.8382495389960241,0.9313543438911438,0.22240206809344676,0.43383046984672546,0.7901430726051331,0.9021205902099609,2.069403682226649
digits,full,0.2,10,30,False,ctrlA,constant,11,0.9682034850120544,0.8383766400074819,0.929499089717865,0.28338894723518887,0.5305770039558411,0.7853736281394958,0.937306821346283,2.0694036822266484
digits,full,0.2,10,30,False,ctrlB,replay,11,0.9642289280891418,0.863293442002032,0.923933207988739,0.34663759100083297,0.6458646655082703,0.7758346796035767,1.0525076389312744,3.343311933371251
digits,full,0.2,10,30,False,ctrlB,reverse,11,0.9658187627792358,0.8516767890105257,0.929499089717865,0.22766030437428786,0.44235479831695557,0.7821939587593079,0.9495680928230286,3.343311933371251
digits,full,0.2,10,30,False,ctrlB,constant,11,0.9658187627792358,0.833755525003653,0.9369202256202698,0.34045843022542005,0.606383740901947,0.7774244546890259,1.0263357162475586,3.343311933371251
digits,full,0.2,11,30,False,ctrlA,replay,12,0.970588207244873,0.8698695909988601,0.9517624974250793,0.2908740814961839,0.49711787700653076,0.793322741985321,0.8946408033370972,2.1725039298215947
digits,full,0.2,11,30,False,ctrlA,reverse,12,0.970588207244873,0.8636811019969173,0.948051929473877,0.20858295010281847,0.39091578125953674,0.794912576675415,0.8406987190246582,2.1725039298215947
digits,full,0.2,11,30,False,ctrlA,constant,12,0.973767876625061,0.8297359779971885,0.9536178112030029,0.2814289895689775,0.4812631607055664,0.793322741985321,0.878283679485321,2.1725039298215942
digits,full,0.2,11,30,False,ctrlB,replay,12,0.9642289280891418,0.849549175996799,0.9443413615226746,0.3402796845489177,0.5912460684776306,0.7821939587593079,0.9859257936477661,3.176280209936973
digits,full,0.2,11,30,False,ctrlB,reverse,12,0.970588207244873,0.8388044890016317,0.948051929473877,0.21433502568384716,0.401022732257843,0.7901430726051331,0.8817504644393921,3.176280209936973
digits,full,0.2,11,30,False,ctrlB,constant,12,0.9697933197021484,0.8626657909917412,0.9499072432518005,0.31814611248381724,0.5452663898468018,0.7885532379150391,0.9515626430511475,3.1762802099369725
digits,full,0.2,12,30,False,ctrlA,replay,13,0.9674085974693298,0.8787254649942042,0.9443413615226746,0.29692026461320814,0.5265067219734192,0.7853736281394958,0.9237249493598938,2.066939729732419
digits,full,0.2,12,30,False,ctrlA,reverse,13,0.9626390933990479,0.8668776819977211,0.9332096576690674,0.2142708939059546,0.4407339096069336,0.7845786809921265,0.8821568489074707,2.066939729732419
digits,full,0.2,12,30,False,ctrlA,constant,13,0.9666136503219604,0.8631493729917565,0.9369202256202698,0.2830643042894374,0.5209242701530457,0.7853736281394958,0.9146427512168884,2.066939729732419
digits,full,0.2,12,30,False,ctrlB,replay,13,0.9658187627792358,0.8792250940023223,0.9257885217666626,0.34300364943736117,0.6319907307624817,0.7726550102233887,1.046870231628418,3.5177383898048467
digits,full,0.2,12,30,False,ctrlB,reverse,13,0.9594594836235046,0.8543508500006283,0.9257885217666626,0.21558095556243234,0.45172202587127686,0.7790142893791199,0.9393032193183899,3.5177383898048467
digits,full,0.2,12,30,False,ctrlB,constant,13,0.9658187627792358,0.8418954520020634,0.9276437759399414,0.33123889112074434,0.6114075183868408,0.7774244546890259,1.0176129341125488,3.517738389804848
digits,full,0.2,13,30,False,ctrlA,replay,14,0.9689984321594238,0.8313096950005274,0.9350649118423462,0.29447542946502314,0.5364691615104675,0.796502411365509,0.8689755797386169,2.059162550428829
digits,full,0.2,13,30,False,ctrlA,reverse,14,0.9713831543922424,0.8419950959942071,0.9332096576690674,0.21999798209193902,0.4425579607486725,0.8020667433738708,0.8153228759765625,2.059162550428829
digits,full,0.2,13,30,False,ctrlA,constant,14,0.9689984321594238,0.880016725990572,0.9387755393981934,0.28792729890855207,0.5239976048469543,0.7980921864509583,0.855646014213562,2.059162550428829
digits,full,0.2,13,30,False,ctrlB,replay,14,0.9666136503219604,0.8636820660030935,0.9220778942108154,0.3510318333231231,0.649335503578186,0.7941176295280457,0.9854716062545776,3.278745247315698
digits,full,0.2,13,30,False,ctrlB,reverse,14,0.9650238752365112,0.8497339959867531,0.9202226400375366,0.21755845432821141,0.4525984227657318,0.794912576675415,0.869789719581604,3.278745247315698
digits,full,0.2,13,30,False,ctrlB,constant,14,0.9658187627792358,0.8256171669927426,0.929499089717865,0.328173530510936,0.5995832681655884,0.7925277948379517,0.9492184519767761,3.2787452473156984
digits,full,0.2,14,30,False,ctrlA,replay,10,0.9713831543922424,0.8001908430014737,0.9369202256202698,0.28750813759324284,0.5091871023178101,0.7798092365264893,0.9153889417648315,2.127299472049921
digits,full,0.2,14,30,False,ctrlA,reverse,10,0.9674085974693298,0.8329561569989892,0.9369202256202698,0.21035159137341883,0.401563823223114,0.7774244546890259,0.8708921074867249,2.127299472049921
digits,full,0.2,14,30,False,ctrlA,constant,10,0.9713831543922424,0.8625564399990253,0.9406307935714722,0.28209067314365577,0.49691036343574524,0.7798092365264893,0.9035165309906006,2.1272994720499216
digits,full,0.2,14,30,False,ctrlB,replay,10,0.953895092010498,0.8221851109992713,0.9406307935714722,0.36245584592969615,0.6381150484085083,0.7615262269973755,1.0290002822875977,3.436695056455392
digits,full,0.2,14,30,False,ctrlB,reverse,10,0.9650238752365112,0.834689902010723,0.9424861073493958,0.2204156053807165,0.40848588943481445,0.7726550102233887,0.916881263256073,3.436695056455392
digits,full,0.2,14,30,False,ctrlB,constant,10,0.9626390933990479,0.8409332570008701,0.9443413615226746,0.3377070993959129,0.5844253897666931,0.7694753408432007,0.9914632439613342,3.4366950564553913
digits,half,0.0,10,30,False,ctrlA,replay,11,0.998410165309906,0.8582763990125386,0.9610389471054077,0.08548064941820276,0.1929907649755478,0.998410165309906,0.08115122467279434,2.6231529846671204
digits,half,0.0,10,30,False,ctrlA,reverse,11,0.998410165309906,0.8701216319896048,0.9573283791542053,0.027593759083792097,0.1291777491569519,0.998410165309906,0.021094374358654022,2.6231529846671204
digits,half,0.0,10,30,False,ctrlA,constant,11,0.998410165309906,0.845991573005449,0.9573283791542053,0.07734626503955012,0.18880219757556915,0.998410165309906,0.07562313228845596,2.6231529846671204
digits,half,0.0,10,30,False,ctrlB,replay,11,0.9872813820838928,0.862426965002669,0.9443413615226746,0.15341072201949987,0.3113848567008972,0.9872813820838928,0.1979609727859497,4.319863129054214
digits,half,0.0,10,30,False,ctrlB,reverse,11,0.996820330619812,0.8728479559940752,0.9573283791542053,0.0321074663652781,0.1470736414194107,0.996820330619812,0.03511274233460426,4.319863129054214
digits,half,0.0,10,30,False,ctrlB,constant,11,0.9872813820838928,0.8843011709977873,0.9536178112030029,0.14313852245157416,0.28371956944465637,0.9872813820838928,0.16924484074115753,4.319863129054214
digits,half,0.0,11,30,False,ctrlA,replay,12,0.998410165309906,0.8881151030072942,0.9443413615226746,0.07776509300012535,0.23761238157749176,0.998410165309906,0.09095273166894913,2.678392241988447
digits,half,0.0,11,30,False,ctrlA,reverse,12,1.0,0.8954226139903767,0.948051929473877,0.02016948829776502,0.195661261677742,1.0,0.02200288325548172,2.678392241988447
digits,half,0.0,11,30,False,ctrlA,constant,12,0.998410165309906,0.8753843190061161,0.9443413615226746,0.06981351197539985,0.23393799364566803,0.998410165309906,0.08079556375741959,2.678392241988447
digits,half,0.0,11,30,False,ctrlB,replay,12,0.9761525988578796,0.8526919680007268,0.9369202256202698,0.14648101643308417,0.33936870098114014,0.9761525988578796,0.2044951319694519,4.462647477784735
digits,half,0.0,11,30,False,ctrlB,reverse,12,0.995230495929718,0.8505776329984656,0.9424861073493958,0.025283283725076787,0.20711861550807953,0.995230495929718,0.04009776562452316,4.462647477784735
digits,half,0.0,11,30,False,ctrlB,constant,12,0.9872813820838928,0.8562286079977639,0.9350649118423462,0.13329203952110766,0.31995803117752075,0.9872813820838928,0.1771736890077591,4.462647477784735
digits,half,0.0,12,30,False,ctrlA,replay,13,0.998410165309906,0.8729688450112008,0.9536178112030029,0.0904197473362337,0.23222708702087402,0.998410165309906,0.09080279618501663,2.5220172584965614
digits,half,0.0,12,30,False,ctrlA,reverse,13,1.0,0.8795308950066101,0.9517624974250793,0.01800970354416375,0.17637242376804352,1.0,0.021527880802750587,2.5220172584965614
digits,half,0.0,12,30,False,ctrlA,constant,13,0.998410165309906,0.9025777719944017,0.9499072432518005,0.07704346454209876,0.22089314460754395,0.998410165309906,0.08078447729349136,2.522017258496561
digits,half,0.0,12,30,False,ctrlB,replay,13,0.9856915473937988,0.8688771540037123,0.9369202256202698,0.15770359594437097,0.34718745946884155,0.9856915473937988,0.22181546688079834,4.322268397224485
digits,half,0.0,12,30,False,ctrlB,reverse,13,0.998410165309906,0.8743762369995238,0.9406307935714722,0.018882799900529115,0.1937245875597,0.998410165309906,0.033369917422533035,4.322268397224485
digits,half,0.0,12,30,False,ctrlB,constant,13,0.9904610514640808,0.8944517729978543,0.9443413615226746,0.13513621040974122,0.303837388753891,0.9904610514640808,0.17832285165786743,4.322268397224484
digits,half,0.0,13,30,False,ctrlA,replay,14,0.9936407208442688,0.8969955450011184,0.9499072432518005,0.07424531907451395,0.20107880234718323,0.9936407208442688,0.09439496695995331,2.6005008776935132
digits,half,0.0,13,30,False,ctrlA,reverse,14,0.998410165309906,0.8809261190035613,0.9554731249809265,0.02054856128728014,0.13877075910568237,0.998410165309906,0.025659291073679924,2.6005008776935132
digits,half,0.0,13,30,False,ctrlA,constant,14,0.9936407208442688,0.8674485430092318,0.9573283791542053,0.07335413375900496,0.19240428507328033,0.9936407208442688,0.08728938549757004,2.600500877693514
digits,half,0.0,13,30,False,ctrlB,replay,14,0.9809221029281616,0.8745812349952757,0.9369202256202698,0.16675943180448713,0.34794044494628906,0.9809221029281616,0.24510185420513153,4.438172359952453
digits,half,0.0,13,30,False,ctrlB,reverse,14,0.9936407208442688,0.8508628830022644,0.9461966753005981,0.022236459109247948,0.16294699907302856,0.9936407208442688,0.05088014155626297,4.438172359952453
digits,half,0.0,13,30,False,ctrlB,constant,14,0.9872813820838928,0.8668052940047346,0.9517624974250793,0.13770439966490186,0.2913488447666168,0.9872813820838928,0.18463079631328583,4.438172359952453
digits,half,0.0,14,30,False,ctrlA,replay,10,0.995230495929718,0.845933591001085,0.9517624974250793,0.081158109410132,0.2119845598936081,0.995230495929718,0.10537265241146088,2.632569704011669
digits,half,0.0,14,30,False,ctrlA,reverse,10,0.998410165309906,0.8410960039909696,0.9573283791542053,0.012755412781172204,0.1478561908006668,0.998410165309906,0.02724253386259079,2.632569704011669
digits,half,0.0,14,30,False,ctrlA,constant,10,0.995230495929718,0.844374448992312,0.9554731249809265,0.08269986477101668,0.20231829583644867,0.995230495929718,0.09475204348564148,2.63256970401167
digits,half,0.0,14,30,False,ctrlB,replay,10,0.9793322682380676,0.8535788019944448,0.9424861073493958,0.17421256157816672,0.3517645001411438,0.9793322682380676,0.26341599225997925,4.343734507080912
digits,half,0.0,14,30,False,ctrlB,reverse,10,0.9920508861541748,0.8472350280062528,0.9517624974250793,0.025233041377589523,0.17117919027805328,0.9920508861541748,0.05201033875346184,4.343734507080912
digits,half,0.0,14,30,False,ctrlB,constant,10,0.9809221029281616,0.8462736360088456,0.9424861073493958,0.1418563328780137,0.3061341941356659,0.9809221029281616,0.2118941694498062,4.343734507080912
digits,half,0.2,10,30,False,ctrlA,replay,11,0.9745628237724304,0.8818502789945342,0.9146567583084106,0.2865133052190734,0.5848551392555237,0.8060413599014282,0.787200391292572,2.422339869876736
digits,half,0.2,10,30,False,ctrlA,reverse,11,0.9697933197021484,0.8657247939991066,0.9016697406768799,0.1809740513563156,0.47141385078430176,0.8139904737472534,0.6741859912872314,2.422339869876736
digits,half,0.2,10,30,False,ctrlA,constant,11,0.9713831543922424,0.8744798880070448,0.9109461903572083,0.2622723746388211,0.5567382574081421,0.8092209696769714,0.7532815337181091,2.422339869876735
digits,half,0.2,10,30,False,ctrlB,replay,11,0.9666136503219604,0.8606706410064362,0.9165120720863342,0.3439527834888292,0.673658549785614,0.791732907295227,0.9217759966850281,3.4957999054995232
digits,half,0.2,10,30,False,ctrlB,reverse,11,0.9697933197021484,0.8611796799959848,0.9016697406768799,0.19009816790334813,0.48304978013038635,0.8044515252113342,0.7521136999130249,3.4957999054995232
digits,half,0.2,10,30,False,ctrlB,constant,11,0.9666136503219604,0.8653281860024435,0.9202226400375366,0.31864610557653467,0.6256715059280396,0.791732907295227,0.8764715194702148,3.4957999054995224
digits,half,0.2,11,30,False,ctrlA,replay,12,0.9697933197021484,0.8971238369995262,0.929499089717865,0.29671336398053916,0.5848861336708069,0.8012718558311462,0.7728762030601501,2.5380023493228987
digits,half,0.2,11,30,False,ctrlA,reverse,12,0.9586645364761353,0.9041996430023573,0.9220778942108154,0.18856063490674757,0.48462966084480286,0.8155803084373474,0.6523478031158447,2.5380023493228987
digits,half,0.2,11,30,False,ctrlA,constant,12,0.9745628237724304,0.8871593369985931,0.9257885217666626,0.2718032199288122,0.5603522658348083,0.8060413599014282,0.733908474445343,2.538002349322899
digits,half,0.2,11,30,False,ctrlB,replay,12,0.9634340405464172,0.8930653870047536,0.9165120720863342,0.34446855901234225,0.680768609046936,0.794912576675415,0.9103950262069702,3.6528065873197146
digits,half,0.2,11,30,False,ctrlB,reverse,12,0.9602543711662292,0.8822334650030825,0.9146567583084106,0.19146647634665465,0.4862441122531891,0.8076311349868774,0.7210133671760559,3.6528065873197146
digits,half,0.2,11,30,False,ctrlB,constant,12,0.9650238752365112,0.8781554969900753,0.918367326259613,0.3155710479324072,0.6281927824020386,0.796502411365509,0.8543715476989746,3.6528065873197146
digits,half,0.2,12,30,False,ctrlA,replay,13,0.9491255879402161,0.8474899720022222,0.9035250544548035,0.2816213503728771,0.6156266927719116,0.796502411365509,0.7898957133293152,2.3805042401896537
digits,half,0.2,12,30,False,ctrlA,reverse,13,0.9395866394042969,0.8164931350038387,0.8831169009208679,0.17014346864758706,0.5385226607322693,0.8139904737472534,0.6735473871231079,2.3805042401896537
digits,half,0.2,12,30,False,ctrlA,constant,13,0.9507154226303101,0.8295949320017826,0.9016697406768799,0.26495721059849625,0.5974858403205872,0.8044515252113342,0.7562181353569031,2.3805042401896532
digits,half,0.2,12,30,False,ctrlB,replay,13,0.952305257320404,0.8272172529977979,0.9090909361839294,0.37242519070354596,0.7417543530464172,0.7694753408432007,0.9944430589675903,3.8217308150672142
digits,half,0.2,12,30,False,ctrlB,reverse,13,0.9427663087844849,0.8242283400031738,0.8831169009208679,0.18831599444316802,0.5502177476882935,0.7869634628295898,0.780059814453125,3.8217308150672142
digits,half,0.2,12,30,False,ctrlB,constant,13,0.9554848670959473,0.82008654299716,0.9016697406768799,0.3258087555972898,0.6769812703132629,0.7806041240692139,0.9251465201377869,3.8217308150672156
digits,half,0.2,13,30,False,ctrlA,replay,14,0.9697933197021484,0.8239737980038626,0.9165120720863342,0.28537173218098993,0.5696831941604614,0.7980921864509583,0.7932113409042358,2.4201571383770615
digits,half,0.2,13,30,False,ctrlA,reverse,14,0.953895092010498,0.8457545440032845,0.9109461903572083,0.17948522997919833,0.4650992453098297,0.8108108043670654,0.6718707084655762,2.4201571383770615
digits,half,0.2,13,30,False,ctrlA,constant,14,0.9634340405464172,0.8075845959974686,0.9202226400375366,0.2651237895183528,0.5437395572662354,0.8012718558311462,0.7504810690879822,2.420157138377061
digits,half,0.2,13,30,False,ctrlB,replay,14,0.9570747017860413,0.8036812799982727,0.9053803086280823,0.3242527240669572,0.6482301950454712,0.7821939587593079,0.928185760974884,3.589911179100102
digits,half,0.2,13,30,False,ctrlB,reverse,14,0.9602543711662292,0.7986475749930833,0.9090909361839294,0.1837692536095741,0.4721372127532959,0.7980921864509583,0.7484198808670044,3.589911179100102
digits,half,0.2,13,30,False,ctrlB,constant,14,0.9650238752365112,0.7963966359966435,0.9202226400375366,0.3148556954343155,0.6149255633354187,0.7885532379150391,0.8771864175796509,3.5899111791001026
digits,half,0.2,14,30,False,ctrlA,replay,10,0.9602543711662292,0.8409682279889239,0.9332096576690674,0.2615795544657946,0.5053189396858215,0.8155803084373474,0.7219514846801758,2.4607571176884755
digits,half,0.2,14,30,False,ctrlA,reverse,10,0.9459459185600281,0.8144794379913947,0.9146567583084106,0.14008941516584278,0.3995661735534668,0.837837815284729,0.602603554725647,2.4607571176884755
digits,half,0.2,14,30,False,ctrlA,constant,10,0.952305257320404,0.8125159920018632,0.929499089717865,0.2387211515753079,0.4844515919685364,0.8267090916633606,0.6828358173370361,2.460757117688476
digits,half,0.2,14,30,False,ctrlB,replay,10,0.9411764740943909,0.8201984429906588,0.9257885217666626,0.30724568358157694,0.5946846604347229,0.7901430726051331,0.8632287383079529,3.6688804035259737
digits,half,0.2,14,30,False,ctrlB,reverse,10,0.953895092010498,0.8235132770059863,0.9257885217666626,0.162903229026936,0.40943068265914917,0.8139904737472534,0.6833187937736511,3.6688804035259737
digits,half,0.2,14,30,False,ctrlB,constant,10,0.9491255879402161,0.8222357479971834,0.9276437759399414,0.2928024694074727,0.5612132549285889,0.8044515252113342,0.8128873109817505,3.6688804035259737
phoneme,full,0.0,10,30,False,ctrlA,replay,11,0.8688871264457703,0.9821029000013368,0.8525601625442505,0.028178921016478967,0.333085298538208,0.8688871264457703,0.3132738173007965,1.5806719154271136
phoneme,full,0.0,10,30,False,ctrlA,reverse,11,0.8725879192352295,0.9984311950101983,0.8482418060302734,0.026497719723232577,0.33429625630378723,0.8725879192352295,0.30538058280944824,1.5806719154271136
phoneme,full,0.0,10,30,False,ctrlA,constant,11,0.8736452460289001,0.9323397870030021,0.8507094383239746,0.02428885935854573,0.334110826253891,0.8736452460289001,0.31140053272247314,1.5806719154271136
phoneme,full,0.0,10,30,False,ctrlB,replay,11,0.8181337714195251,0.9487137010000879,0.8025909662246704,0.035079558200118426,0.38076651096343994,0.8181337714195251,0.37006399035453796,5.484296920181031
phoneme,full,0.0,10,30,False,ctrlB,reverse,11,0.8379592895507812,0.991108043002896,0.8130783438682556,0.017289056463935804,0.3580082058906555,0.8379592895507812,0.34085601568222046,5.484296920181031
phoneme,full,0.0,10,30,False,ctrlB,constant,11,0.8220988512039185,0.9817132989992388,0.8032078742980957,0.02931332757339148,0.37726902961730957,0.8220988512039185,0.3660615384578705,5.4842969201810305
phoneme,full,0.0,11,30,False,ctrlA,replay,12,0.8598995208740234,1.0265915159980068,0.8402220606803894,0.015741554676640703,0.3334379196166992,0.8598995208740234,0.31261226534843445,1.513524419396452
phoneme,full,0.0,11,30,False,ctrlA,reverse,12,0.8636003136634827,1.0237209830083884,0.8470080494880676,0.018647013256242434,0.33045631647109985,0.8636003136634827,0.3035275936126709,1.513524419396452
phoneme,full,0.0,11,30,False,ctrlA,constant,12,0.8580491542816162,1.0626808520028135,0.8426896929740906,0.015197584983524463,0.33130353689193726,0.8580491542816162,0.3101826608181,1.513524419396452
phoneme,full,0.0,11,30,False,ctrlB,replay,12,0.8176050782203674,1.0536646999971708,0.7964219450950623,0.041629994599485305,0.3815069794654846,0.8176050782203674,0.36826860904693604,5.333705141345559
phoneme,full,0.0,11,30,False,ctrlB,reverse,12,0.8403383493423462,1.084812323009828,0.8149290680885315,0.024820995801470295,0.3535342216491699,0.8403383493423462,0.34320077300071716,5.333705141345559
phoneme,full,0.0,11,30,False,ctrlB,constant,12,0.822891891002655,1.0673738549958216,0.803824782371521,0.03720057348937329,0.37388738989830017,0.822891891002655,0.3620970547199249,5.33370514134556
phoneme,full,0.0,12,30,False,ctrlA,replay,13,0.8456251621246338,1.0590001689997735,0.8272671103477478,0.015117264102815773,0.3505971431732178,0.8456251621246338,0.3260040283203125,1.6820036059366912
phoneme,full,0.0,12,30,False,ctrlA,reverse,13,0.8583135008811951,1.035640396992676,0.8365206718444824,0.03252932940420731,0.3458153307437897,0.8583135008811951,0.32074856758117676,1.6820036059366912
phoneme,full,0.0,12,30,False,ctrlA,constant,13,0.8487972617149353,1.1312640050018672,0.833436131477356,0.01517004671838091,0.34889283776283264,0.8487972617149353,0.3260914385318756,1.6820036059366912
phoneme,full,0.0,12,30,False,ctrlB,replay,13,0.8094105124473572,1.0673629710072419,0.7828500866889954,0.03696556526301159,0.38964301347732544,0.8094105124473572,0.37269049882888794,5.225704533821246
phoneme,full,0.0,12,30,False,ctrlB,reverse,13,0.8292360305786133,1.0443648229993414,0.8124614357948303,0.03351530905199375,0.37295079231262207,0.8292360305786133,0.352267324924469,5.225704533821246
phoneme,full,0.0,12,30,False,ctrlB,constant,13,0.8133756518363953,1.04662425800052,0.7884021997451782,0.033419730724338244,0.3837049901485443,0.8133756518363953,0.36717650294303894,5.225704533821245
phoneme,full,0.0,13,30,False,ctrlA,replay,14,0.8585778474807739,1.0399424030038062,0.8439235091209412,0.03143234903028466,0.33216971158981323,0.8585778474807739,0.3151964843273163,1.602645463754976
phoneme,full,0.0,13,30,False,ctrlA,reverse,14,0.8686227798461914,1.0240938880015165,0.8482418060302734,0.01144363992674567,0.32315754890441895,0.8686227798461914,0.3003663718700409,1.602645463754976
phoneme,full,0.0,13,30,False,ctrlA,constant,14,0.8622786402702332,0.9427949370001443,0.8445404171943665,0.0219448503338945,0.3276457190513611,0.8622786402702332,0.310764878988266,1.602645463754976
phoneme,full,0.0,13,30,False,ctrlB,replay,14,0.8244779109954834,0.9329988169920398,0.8062924146652222,0.04010221227902383,0.37826773524284363,0.8244779109954834,0.36475053429603577,5.09535098988627
phoneme,full,0.0,13,30,False,ctrlB,reverse,14,0.8421887159347534,0.9983909829898039,0.8235657215118408,0.020794388653686356,0.34706273674964905,0.8421887159347534,0.3357362449169159,5.09535098988627
phoneme,full,0.0,13,30,False,ctrlB,constant,14,0.8257996439933777,1.0062059790070634,0.8019741177558899,0.042207151743308184,0.37173137068748474,0.8257996439933777,0.35808825492858887,5.095350989886269
phoneme,full,0.0,14,30,False,ctrlA,replay,10,0.863071620464325,1.001324211989413,0.8396051526069641,0.02341059699682157,0.3343993127346039,0.863071620464325,0.3137845993041992,1.4427855716056057
phoneme,full,0.0,14,30,False,ctrlA,reverse,10,0.8715305328369141,0.9813462980091572,0.8451573252677917,0.017754336277839948,0.32417356967926025,0.8715305328369141,0.29818668961524963,1.4427855716056057
phoneme,full,0.0,14,30,False,ctrlA,constant,10,0.8633359670639038,0.9728116619953653,0.8402220606803894,0.024323901870528682,0.3301161527633667,0.8633359670639038,0.3080015182495117,1.4427855716056057
phoneme,full,0.0,14,30,False,ctrlB,replay,10,0.8231562376022339,0.9556467520014849,0.7988895773887634,0.045050799975345196,0.3813246786594391,0.8231562376022339,0.36799564957618713,5.2075331121663035
phoneme,full,0.0,14,30,False,ctrlB,reverse,10,0.8392810225486755,0.9957020290021319,0.8204811811447144,0.03582960571277884,0.3533440828323364,0.8392810225486755,0.3397683799266815,5.2075331121663035
phoneme,full,0.0,14,30,False,ctrlB,constant,10,0.8310864567756653,0.9874410479969811,0.8075262308120728,0.04506623103322989,0.37524673342704773,0.8310864567756653,0.36241716146469116,5.207533112166302
phoneme,full,0.2,10,30,False,ctrlA,replay,11,0.8559344410896301,0.948374954998144,0.8241826295852661,0.12548861688923352,0.4358315169811249,0.7295796871185303,0.5684813261032104,0.8277683509765655
phoneme,full,0.2,10,30,False,ctrlA,reverse,11,0.8559344410896301,0.98803528600547,0.829734742641449,0.12264279055051197,0.4290600121021271,0.7290509939193726,0.5647774934768677,0.8277683509765655
phoneme,full,0.2,10,30,False,ctrlA,constant,11,0.8543484210968018,1.0053372450056486,0.829734742641449,0.1268345880552547,0.4326784014701843,0.7290509939193726,0.5669580698013306,0.8277683509765654
phoneme,full,0.2,10,30,False,ctrlB,replay,11,0.8387523293495178,1.0016723600128898,0.8155459761619568,0.12977009706479542,0.45012250542640686,0.72138512134552,0.5766546130180359,1.3869827714720901
phoneme,full,0.2,10,30,False,ctrlB,reverse,11,0.8503832817077637,0.962725228004274,0.8260332942008972,0.12420780650632458,0.4347831904888153,0.7245572209358215,0.5704351663589478,1.3869827714720901
phoneme,full,0.2,10,30,False,ctrlB,constant,11,0.8411313891410828,0.9569945020048181,0.8198642730712891,0.12910752639146886,0.44482865929603577,0.723764181137085,0.5738036632537842,1.3869827714720901
phoneme,full,0.2,11,30,False,ctrlA,replay,12,0.840602695941925,0.9239494560024468,0.8291178345680237,0.14075886067014504,0.46195876598358154,0.7219138145446777,0.5689094066619873,0.7708435290585399
phoneme,full,0.2,11,30,False,ctrlA,reverse,12,0.8408670425415039,0.9486549650027882,0.8303516507148743,0.13939550995164854,0.45990610122680664,0.7227068543434143,0.5681557655334473,0.7708435290585399
phoneme,full,0.2,11,30,False,ctrlA,constant,12,0.8440391421318054,1.0178687700099545,0.8340530395507812,0.14577382552925267,0.46272626519203186,0.7264075875282288,0.5685209035873413,0.7708435290585399
phoneme,full,0.2,11,30,False,ctrlB,replay,12,0.8310864567756653,1.0022096109896665,0.8161628842353821,0.13554804423280442,0.4640747606754303,0.7150409817695618,0.575680136680603,1.5770760323640858
phoneme,full,0.2,11,30,False,ctrlB,reverse,12,0.8337298631668091,0.9631926840083906,0.8210980892181396,0.12776306306484816,0.4584718942642212,0.7176843881607056,0.5718674659729004,1.5770760323640858
phoneme,full,0.2,11,30,False,ctrlB,constant,12,0.8339942097663879,0.96131713099021,0.8143121600151062,0.13413030793459454,0.4620167315006256,0.7174200415611267,0.5736200213432312,1.577076032364086
phoneme,full,0.2,12,30,False,ctrlA,replay,13,0.8464182019233704,0.9870062660047552,0.8247994780540466,0.13825890622265466,0.4537533223628998,0.7163626551628113,0.574468195438385,0.6956781132991688
phoneme,full,0.2,12,30,False,ctrlA,reverse,13,0.8588421940803528,1.0131259709887672,0.8328192234039307,0.1364482546352737,0.4396035373210907,0.7219138145446777,0.5698750615119934,0.6956781132991688
phoneme,full,0.2,12,30,False,ctrlA,constant,13,0.8567274808883667,0.9064949000021443,0.829734742641449,0.13129140402636802,0.4419853985309601,0.7272006273269653,0.5713090300559998,0.6956781132991688
phoneme,full,0.2,12,30,False,ctrlB,replay,13,0.8276500105857849,0.9038685190025717,0.8056755065917969,0.1283753255426994,0.4718888998031616,0.7028813362121582,0.5862593054771423,1.5816670762452205
phoneme,full,0.2,12,30,False,ctrlB,reverse,13,0.8398096561431885,0.9358747419901192,0.8229488134384155,0.12423664460132183,0.4502892792224884,0.7108114957809448,0.5786983370780945,1.5816670762452205
phoneme,full,0.2,12,30,False,ctrlB,constant,13,0.8379592895507812,0.971521699000732,0.8130783438682556,0.12634533805511824,0.46049171686172485,0.7121332287788391,0.5821956992149353,1.581667076245221
phoneme,full,0.2,13,30,False,ctrlA,replay,14,0.8363732695579529,0.8932859350024955,0.8235657215118408,0.13445928803128568,0.4468246102333069,0.7060533761978149,0.5813166499137878,0.7560462524096546
phoneme,full,0.2,13,30,False,ctrlA,reverse,14,0.8421887159347534,0.9180739089933923,0.829734742641449,0.12576185410438975,0.4380424916744232,0.7139835953712463,0.5771312713623047,0.7560462524096546
phoneme,full,0.2,13,30,False,ctrlA,constant,14,0.840602695941925,0.9090437919949181,0.8303516507148743,0.13610583584224786,0.44528892636299133,0.7108114957809448,0.5794416069984436,0.7560462524096546
phoneme,full,0.2,13,30,False,ctrlB,replay,14,0.8244779109954834,0.9320226929994533,0.8087600469589233,0.1388077782966854,0.4784720242023468,0.6957440972328186,0.5941036343574524,2.1459090762327073
phoneme,full,0.2,13,30,False,ctrlB,reverse,14,0.8302934169769287,0.9358853019948583,0.8130783438682556,0.1195570839032356,0.45421332120895386,0.7047317028045654,0.5886285305023193,2.1459090762327073
phoneme,full,0.2,13,30,False,ctrlB,constant,14,0.8268569707870483,0.9269122639962006,0.811844527721405,0.13495330590660526,0.47025781869888306,0.6997092366218567,0.5922262072563171,2.145909076232707
phoneme,full,0.2,14,30,False,ctrlA,replay,10,0.8392810225486755,0.9518200489983428,0.8229488134384155,0.11325711129551533,0.4303358495235443,0.7121332287788391,0.5778173208236694,0.8103184474634925
phoneme,full,0.2,14,30,False,ctrlA,reverse,10,0.8374305963516235,0.9585091490007471,0.8223319053649902,0.1008164464213979,0.42556482553482056,0.7118688821792603,0.5768010020256042,0.8103184474634925
phoneme,full,0.2,14,30,False,ctrlA,constant,10,0.8337298631668091,0.9154965900088428,0.8235657215118408,0.10746009713113493,0.4333054721355438,0.7086967825889587,0.5783941745758057,0.8103184474634924
phoneme,full,0.2,14,30,False,ctrlB,replay,10,0.8199841380119324,0.9416256750118919,0.8007403016090393,0.10706379943464657,0.44983458518981934,0.6975945234298706,0.5891532897949219,1.864903790729717
phoneme,full,0.2,14,30,False,ctrlB,reverse,10,0.8205128312110901,0.9809800179937156,0.8075262308120728,0.10587031373559949,0.4411463737487793,0.7007665634155273,0.5848708152770996,1.864903790729717
phoneme,full,0.2,14,30,False,ctrlB,constant,10,0.8281787037849426,0.9675071910023689,0.8106107115745544,0.11384531030090116,0.4473046362400055,0.7026169896125793,0.5857971906661987,1.864903790729717
phoneme,half,0.0,10,30,False,ctrlA,replay,11,0.8683236241340637,1.0229367379943142,0.8365206718444824,0.016852049640782595,0.3375561535358429,0.8683236241340637,0.30135419964790344,1.6998448640120443
phoneme,half,0.0,10,30,False,ctrlA,reverse,11,0.8683236241340637,1.0053106099949218,0.8340530395507812,0.026396454961707314,0.33733558654785156,0.8683236241340637,0.2892643213272095,1.6998448640120443
phoneme,half,0.0,10,30,False,ctrlA,constant,11,0.8677948117256165,1.0470043230016017,0.8278840184211731,0.021061628211213806,0.3381815254688263,0.8677948117256165,0.2990049123764038,1.6998448640120445
phoneme,half,0.0,10,30,False,ctrlB,replay,11,0.8207297921180725,1.031635956998798,0.784083902835846,0.047383076721029024,0.38365253806114197,0.8207297921180725,0.356914758682251,5.283126955566271
phoneme,half,0.0,10,30,False,ctrlB,reverse,11,0.8450555205345154,1.0577397009910783,0.8087600469589233,0.022223813566140813,0.36673325300216675,0.8450555205345154,0.33295467495918274,5.283126955566271
phoneme,half,0.0,10,30,False,ctrlB,constant,11,0.8307773470878601,1.0894344789994648,0.79210364818573,0.033027496255525174,0.3807019889354706,0.8307773470878601,0.3533701002597809,5.28312695556627
phoneme,half,0.0,11,30,False,ctrlA,replay,12,0.848757266998291,1.0398300289962208,0.8241826295852661,0.024376241753382277,0.34759849309921265,0.848757266998291,0.31337112188339233,1.6201134272810163
phoneme,half,0.0,11,30,False,ctrlA,reverse,12,0.8582760691642761,1.05444335800712,0.8383713960647583,0.02011502362709587,0.336646169424057,0.8582760691642761,0.2968997657299042,1.6201134272810163
phoneme,half,0.0,11,30,False,ctrlA,constant,12,0.8598625063896179,1.069533636997221,0.8365206718444824,0.01576364591929149,0.3431442677974701,0.8598625063896179,0.3073585033416748,1.6201134272810163
phoneme,half,0.0,11,30,False,ctrlB,replay,12,0.8170280456542969,1.0496056769916322,0.7914867401123047,0.039322979927504234,0.38298991322517395,0.8170280456542969,0.3642319440841675,5.280983068002513
phoneme,half,0.0,11,30,False,ctrlB,reverse,12,0.8302485346794128,1.057530381003744,0.8050585985183716,0.024891413357579946,0.36272209882736206,0.8302485346794128,0.3385043144226074,5.280983068002513
phoneme,half,0.0,11,30,False,ctrlB,constant,12,0.8143839240074158,1.0379528529883828,0.7945712804794312,0.04187744469792662,0.37706658244132996,0.8143839240074158,0.3574260473251343,5.280983068002512
phoneme,half,0.0,12,30,False,ctrlA,replay,13,0.8619778156280518,1.069633459992474,0.8204811811447144,0.02287235034240167,0.3478553891181946,0.8619778156280518,0.31438273191452026,1.6481019778590302
phoneme,half,0.0,12,30,False,ctrlA,reverse,13,0.8619778156280518,1.0669065630063415,0.8272671103477478,0.024915369221783213,0.3460191786289215,0.8619778156280518,0.30993199348449707,1.6481019778590302
phoneme,half,0.0,12,30,False,ctrlA,constant,13,0.8614489436149597,1.0359813009999925,0.8235657215118408,0.02828461976054272,0.34569045901298523,0.8614489436149597,0.31253156065940857,1.6481019778590305
phoneme,half,0.0,12,30,False,ctrlB,replay,13,0.8159703612327576,1.044256604000111,0.7816162705421448,0.04855681357377845,0.39440470933914185,0.8159703612327576,0.3728927671909332,5.5188567022569135
phoneme,half,0.0,12,30,False,ctrlB,reverse,13,0.8334214687347412,0.9835812100063777,0.7914867401123047,0.044076084814860014,0.375810444355011,0.8334214687347412,0.3528970777988434,5.5188567022569135
phoneme,half,0.0,12,30,False,ctrlB,constant,13,0.8186144828796387,0.9901077289978275,0.7884021997451782,0.04804472604112666,0.3867396414279938,0.8186144828796387,0.3665527105331421,5.5188567022569135
phoneme,half,0.0,13,30,False,ctrlA,replay,14,0.8640930652618408,1.0547910050081555,0.8371375799179077,0.022722498860203288,0.3387354016304016,0.8640930652618408,0.31364136934280396,1.7270975648782123
phoneme,half,0.0,13,30,False,ctrlA,reverse,14,0.8736118674278259,1.1000485600088723,0.8408389687538147,0.02865499960353976,0.33045774698257446,0.8736118674278259,0.2913253605365753,1.7270975648782123
phoneme,half,0.0,13,30,False,ctrlA,constant,14,0.8714965581893921,1.0769395609968342,0.8365206718444824,0.017488942956718528,0.33659374713897705,0.8714965581893921,0.3070024847984314,1.7270975648782123
phoneme,half,0.0,13,30,False,ctrlB,replay,14,0.808038055896759,1.0564837040001294,0.7908698320388794,0.03922429587060033,0.38058435916900635,0.808038055896759,0.37345364689826965,5.213060613584959
phoneme,half,0.0,13,30,False,ctrlB,reverse,14,0.8450555205345154,1.0381867060059449,0.8093769550323486,0.025319871510494498,0.3517114222049713,0.8450555205345154,0.33316770195961,5.213060613584959
phoneme,half,0.0,13,30,False,ctrlB,constant,14,0.8186144828796387,1.050629236997338,0.7951881289482117,0.04452351748685938,0.3714357912540436,0.8186144828796387,0.3641029894351959,5.21306061358496
phoneme,half,0.0,14,30,False,ctrlA,replay,10,0.8577471971511841,1.0764835879963357,0.8402220606803894,0.02535965775796324,0.34116753935813904,0.8577471971511841,0.31384342908859253,1.686098057361114
phoneme,half,0.0,14,30,False,ctrlA,reverse,10,0.8651506900787354,1.0519560829998227,0.8389883041381836,0.01216629112597824,0.33322781324386597,0.8651506900787354,0.301178902387619,1.686098057361114
phoneme,half,0.0,14,30,False,ctrlA,constant,10,0.8609201312065125,1.015415172005305,0.8396051526069641,0.02940569896156739,0.337359756231308,0.8609201312065125,0.31162911653518677,1.6860980573611135
phoneme,half,0.0,14,30,False,ctrlB,replay,10,0.8159703612327576,1.0067270339932293,0.7982726693153381,0.03275563557305356,0.38646200299263,0.8159703612327576,0.37611445784568787,5.257081238688446
phoneme,half,0.0,14,30,False,ctrlB,reverse,10,0.8381808400154114,1.0116603539936477,0.8186304569244385,0.025826459604601,0.3569335639476776,0.8381808400154114,0.3464781939983368,5.257081238688446
phoneme,half,0.0,14,30,False,ctrlB,constant,10,0.8186144828796387,1.0193929959932575,0.8062924146652222,0.03198538603862078,0.3811209201812744,0.8186144828796387,0.3712262213230133,5.257081238688447
phoneme,half,0.2,10,30,False,ctrlA,replay,11,0.8492860794067383,1.0195217700093053,0.8247994780540466,0.12147853353889836,0.44160139560699463,0.7387625575065613,0.5527926087379456,0.9257377400214516
phoneme,half,0.2,10,30,False,ctrlA,reverse,11,0.8439978957176208,0.997921229005442,0.8278840184211731,0.1122142016189029,0.43660879135131836,0.7334743738174438,0.5472709536552429,0.9257377400214516
phoneme,half,0.2,10,30,False,ctrlA,constant,11,0.8455843329429626,0.9772518550016684,0.8272671103477478,0.1184031620649259,0.4376463294029236,0.7329455018043518,0.5497087240219116,0.9257377400214517
phoneme,half,0.2,10,30,False,ctrlB,replay,11,0.8408249616622925,0.9981165729986969,0.8180135488510132,0.12821990652337328,0.45263171195983887,0.7366472482681274,0.5622889995574951,1.368106621623113
phoneme,half,0.2,10,30,False,ctrlB,reverse,11,0.8408249616622925,0.9666423019953072,0.8241826295852661,0.1113481698103851,0.4380396008491516,0.7303014397621155,0.5518490672111511,1.368106621623113
phoneme,half,0.2,10,30,False,ctrlB,constant,11,0.8381808400154114,0.9742271559953224,0.8167797923088074,0.11792347796679574,0.4467313587665558,0.7350608110427856,0.5571996569633484,1.3681066216231135
phoneme,half,0.2,11,30,False,ctrlA,replay,12,0.8291909098625183,0.9536482160037849,0.8069093227386475,0.10471133373902948,0.4363456070423126,0.7334743738174438,0.5493804812431335,1.054228461888652
phoneme,half,0.2,11,30,False,ctrlA,reverse,12,0.8344790935516357,0.9450857939955313,0.8247994780540466,0.0986511776066356,0.4242703318595886,0.7377049326896667,0.5428997874259949,1.054228461888652
phoneme,half,0.2,11,30,False,ctrlA,constant,12,0.835007905960083,0.9348784299945692,0.8180135488510132,0.10051808167504059,0.4292964041233063,0.7403489947319031,0.5458244681358337,1.0542284618886522
phoneme,half,0.2,11,30,False,ctrlB,replay,12,0.8202009797096252,0.9368516730028205,0.8013572096824646,0.10796840763768616,0.4467773735523224,0.7160232663154602,0.5631066560745239,1.9426123195836986
phoneme,half,0.2,11,30,False,ctrlB,reverse,12,0.8339502811431885,0.9731085030070972,0.8217149972915649,0.10273291052012883,0.4265209436416626,0.7318878769874573,0.5535844564437866,1.9426123195836986
phoneme,half,0.2,11,30,False,ctrlB,constant,12,0.8254891633987427,0.9669439669960411,0.8069093227386475,0.10767716867992866,0.4409121572971344,0.7223691344261169,0.5589656829833984,1.9426123195836984
phoneme,half,0.2,12,30,False,ctrlA,replay,13,0.846642017364502,0.9513574180018622,0.8260332942008972,0.141132834294488,0.4668673276901245,0.7445796132087708,0.554307222366333,0.9114301326740323
phoneme,half,0.2,12,30,False,ctrlA,reverse,13,0.8434690833091736,0.9205927190050716,0.8235657215118408,0.12274201639929648,0.4599170982837677,0.7371761202812195,0.5507768988609314,0.9114301326740323
phoneme,half,0.2,12,30,False,ctrlA,constant,13,0.8429402709007263,0.9312133619969245,0.8204811811447144,0.13206335532672606,0.4631168842315674,0.7398201823234558,0.5518874526023865,0.9114301326740324
phoneme,half,0.2,12,30,False,ctrlB,replay,13,0.8344790935516357,0.942555898000137,0.8025909662246704,0.15228147278002643,0.4849911034107208,0.7281861305236816,0.5718154907226562,1.8706276254098755
phoneme,half,0.2,12,30,False,ctrlB,reverse,13,0.841882586479187,0.9255569689994445,0.8192473649978638,0.13250425584811917,0.46873536705970764,0.7324166893959045,0.5611690282821655,1.8706276254098755
phoneme,half,0.2,12,30,False,ctrlB,constant,13,0.8365944027900696,0.9027119199890876,0.8099938035011292,0.1510504312459368,0.4774036109447479,0.7334743738174438,0.5688130259513855,1.8706276254098757
phoneme,half,0.2,13,30,False,ctrlA,replay,14,0.8450555205345154,0.9635882709990256,0.8340530395507812,0.1689708798774446,0.48191115260124207,0.7202538251876831,0.5774012207984924,0.9342126918449082
phoneme,half,0.2,13,30,False,ctrlA,reverse,14,0.8408249616622925,0.9571728019946022,0.833436131477356,0.15141287256655026,0.4756237864494324,0.7160232663154602,0.5722124576568604,0.9342126918449082
phoneme,half,0.2,13,30,False,ctrlA,constant,14,0.846642017364502,0.9914646450051805,0.8365206718444824,0.16253765419189906,0.4771692454814911,0.7186673879623413,0.5730290412902832,0.9342126918449081
phoneme,half,0.2,13,30,False,ctrlB,replay,14,0.8276044130325317,0.99341120099416,0.8032078742980957,0.15416552835155017,0.49872252345085144,0.7006874680519104,0.5968776345252991,2.2411148772223743
phoneme,half,0.2,13,30,False,ctrlB,reverse,14,0.8307773470878601,0.9483484789961949,0.8155459761619568,0.14410377350359477,0.481383740901947,0.7028027772903442,0.5861392021179199,2.2411148772223743
phoneme,half,0.2,13,30,False,ctrlB,constant,14,0.8313061594963074,1.0102386700018542,0.811844527721405,0.1576261056712349,0.4939732849597931,0.6980433464050293,0.5930496454238892,2.2411148772223743
phoneme,half,0.2,14,30,False,ctrlA,replay,10,0.8270756006240845,0.9813470209919615,0.8260332942008972,0.12833155481113762,0.4488184154033661,0.7297726273536682,0.5538967251777649,1.0293860863299233
phoneme,half,0.2,14,30,False,ctrlA,reverse,10,0.8244315385818481,0.9770555989962304,0.8173966407775879,0.114572266271863,0.4442148804664612,0.7281861305236816,0.5473839640617371,1.0293860863299233
phoneme,half,0.2,14,30,False,ctrlA,constant,10,0.8276044130325317,1.033161380997626,0.8223319053649902,0.12147162039290234,0.44707292318344116,0.7303014397621155,0.5491644740104675,1.0293860863299236
phoneme,half,0.2,14,30,False,ctrlB,replay,10,0.8302485346794128,1.058038770002895,0.8229488134384155,0.14027230736651883,0.461026132106781,0.7265996932983398,0.5675842761993408,1.7005110630617208
phoneme,half,0.2,14,30,False,ctrlB,reverse,10,0.8239027261734009,1.0113445049937582,0.8210980892181396,0.11959141411948981,0.4476615786552429,0.7265996932983398,0.5571526885032654,1.7005110630617208
phoneme,half,0.2,14,30,False,ctrlB,constant,10,0.8307773470878601,0.9824746930098627,0.8266502022743225,0.13714533639792525,0.45576784014701843,0.7324166893959045,0.5611565113067627,1.700511063061721
spambase,full,0.0,10,30,False,ctrlA,replay,11,0.9733002185821533,1.03893527299806,0.9347826242446899,0.03217398442219997,0.20303656160831451,0.9733002185821533,0.07946968078613281,2.040600200906283
spambase,full,0.0,10,30,False,ctrlA,reverse,11,0.9757839441299438,1.0428652679984225,0.9340579509735107,0.039185259912324986,0.22682920098304749,0.9757839441299438,0.07586275786161423,2.040600200906283
spambase,full,0.0,10,30,False,ctrlA,constant,11,0.9745420813560486,1.12034493801184,0.9289855360984802,0.03414123922154523,0.2075774073600769,0.9745420813560486,0.07871489226818085,2.040600200906283
spambase,full,0.0,10,30,False,ctrlB,replay,11,0.9469109177589417,1.0305146600003354,0.9202898740768433,0.016731218756109043,0.19294747710227966,0.9469109177589417,0.1425376534461975,7.192394690400691
spambase,full,0.0,10,30,False,ctrlB,reverse,11,0.9552933573722839,1.0251549980021082,0.9311594367027283,0.029068116087844403,0.20538020133972168,0.9552933573722839,0.11778853088617325,7.192394690400691
spambase,full,0.0,10,30,False,ctrlB,constant,11,0.9472213387489319,1.0141663079994032,0.9210144877433777,0.017814422841521276,0.1927037388086319,0.9472213387489319,0.14283530414104462,7.192394690400691
spambase,full,0.0,11,30,False,ctrlA,replay,12,0.9788885712623596,0.9895714630110888,0.9340579509735107,0.0235463700864626,0.1849076896905899,0.9788885712623596,0.07356815785169601,2.0472594743618973
spambase,full,0.0,11,30,False,ctrlA,reverse,12,0.9804408550262451,1.0425711599964416,0.9362319111824036,0.02797996751640154,0.19070115685462952,0.9804408550262451,0.06838878244161606,2.0472594743618973
spambase,full,0.0,11,30,False,ctrlA,constant,12,0.9782676100730896,0.9801694769994356,0.9362319111824036,0.021152565012807434,0.17918278276920319,0.9782676100730896,0.07343979179859161,2.047259474361897
spambase,full,0.0,11,30,False,ctrlB,replay,12,0.9534305930137634,0.9637702360050753,0.9275362491607666,0.01381820412217707,0.18857026100158691,0.9534305930137634,0.13879939913749695,6.810220469676914
spambase,full,0.0,11,30,False,ctrlB,reverse,12,0.9615026116371155,0.9732809099950828,0.928260862827301,0.0243374799904616,0.1908472627401352,0.9615026116371155,0.10969928652048111,6.810220469676914
spambase,full,0.0,11,30,False,ctrlB,constant,12,0.9543619751930237,0.9651841759914532,0.9253623485565186,0.01647633197514907,0.18749044835567474,0.9543619751930237,0.13344494998455048,6.810220469676914
spambase,full,0.0,12,30,False,ctrlA,replay,13,0.9760943651199341,0.9777605659910478,0.9275362491607666,0.030068839492573253,0.19954417645931244,0.9760943651199341,0.07630493491888046,1.9570911267999989
spambase,full,0.0,12,30,False,ctrlA,reverse,13,0.9770257472991943,0.9787094419880304,0.9275362491607666,0.039984155435493024,0.2374851405620575,0.9770257472991943,0.08065017312765121,1.9570911267999989
spambase,full,0.0,12,30,False,ctrlA,constant,13,0.9773362278938293,0.9907624720071908,0.9304347634315491,0.03166298207597456,0.21677365899085999,0.9773362278938293,0.08063079416751862,1.9570911267999986
spambase,full,0.0,12,30,False,ctrlB,replay,13,0.9534305930137634,1.0389867089979816,0.9318840503692627,0.013111225763956706,0.18885356187820435,0.9534305930137634,0.13874293863773346,6.809365978457354
spambase,full,0.0,12,30,False,ctrlB,reverse,13,0.963986337184906,0.9388410520041361,0.9297101497650146,0.027801243010638417,0.2038603574037552,0.963986337184906,0.11266737431287766,6.809365978457354
spambase,full,0.0,12,30,False,ctrlB,constant,13,0.9549829363822937,0.959170043002814,0.9289855360984802,0.008021856218144514,0.18792811036109924,0.9549829363822937,0.13195092976093292,6.809365978457353
spambase,full,0.0,13,30,False,ctrlA,replay,14,0.9708164930343628,0.9478174429968931,0.9362319111824036,0.02421715812406678,0.1879761666059494,0.9708164930343628,0.08333764970302582,2.056297749385317
spambase,full,0.0,13,30,False,ctrlA,reverse,14,0.9605712294578552,0.9402596709987847,0.9318840503692627,0.03679025499285131,0.21464160084724426,0.9605712294578552,0.09318667650222778,2.056297749385317
spambase,full,0.0,13,30,False,ctrlA,constant,14,0.9698851108551025,0.9709288849990116,0.9347826242446899,0.027324198553527614,0.19135956466197968,0.9698851108551025,0.08242839574813843,2.056297749385317
spambase,full,0.0,13,30,False,ctrlB,replay,14,0.9484632015228271,0.9567050189943984,0.9268115758895874,0.013439317371534264,0.18478065729141235,0.9484632015228271,0.13569676876068115,7.034372270908599
spambase,full,0.0,13,30,False,ctrlB,reverse,14,0.9552933573722839,0.9529948499985039,0.9275362491607666,0.027380732436111006,0.18990285694599152,0.9552933573722839,0.1133589893579483,7.034372270908599
spambase,full,0.0,13,30,False,ctrlB,constant,14,0.9487736821174622,0.9756859029876068,0.9304347634315491,0.007733442213224327,0.18266712129116058,0.9487736821174622,0.1332894265651703,7.034372270908598
spambase,full,0.0,14,30,False,ctrlA,replay,10,0.9795094728469849,1.0191237960098078,0.9413043260574341,0.02825800901737766,0.18886855244636536,0.9795094728469849,0.07441996783018112,1.929184017068326
spambase,full,0.0,14,30,False,ctrlA,reverse,10,0.9785780906677246,0.9635852189967409,0.9347826242446899,0.03566733192706453,0.213308647274971,0.9785780906677246,0.07222985476255417,1.929184017068326
spambase,full,0.0,14,30,False,ctrlA,constant,10,0.9779571294784546,0.9616317260079086,0.9347826242446899,0.024183327218760615,0.18352045118808746,0.9779571294784546,0.07635495066642761,1.9291840170683259
spambase,full,0.0,14,30,False,ctrlB,replay,10,0.9543619751930237,1.0030993730033515,0.9318840503692627,0.01535082757472992,0.18546752631664276,0.9543619751930237,0.13784463703632355,6.755725403657171
spambase,full,0.0,14,30,False,ctrlB,reverse,10,0.9590189456939697,1.0000718599912943,0.9333333373069763,0.021632894614468448,0.1958191990852356,0.9590189456939697,0.11449050158262253,6.755725403657171
spambase,full,0.0,14,30,False,ctrlB,constant,10,0.9546724557876587,1.030371243992704,0.9289855360984802,0.009751022812249002,0.1864272803068161,0.9546724557876587,0.13276565074920654,6.755725403657172
spambase,full,0.2,10,30,False,ctrlA,replay,11,0.9105867743492126,0.960590909991879,0.8855072259902954,0.0779140204191208,0.3354255259037018,0.8205526471138,0.4023735523223877,1.6983668930244653
spambase,full,0.2,10,30,False,ctrlA,reverse,11,0.9040670394897461,1.0318849589966703,0.886956512928009,0.06385416803152666,0.33557599782943726,0.823967695236206,0.3936937749385834,1.6983668930244653
spambase,full,0.2,10,30,False,ctrlA,constant,11,0.9105867743492126,0.9927406619972317,0.8862318992614746,0.07421514551708665,0.32404735684394836,0.8255200386047363,0.394795298576355,1.6983668930244653
spambase,full,0.2,10,30,False,ctrlB,replay,11,0.9267308115959167,0.9634046769933775,0.9137681126594543,0.14844770491987033,0.34010815620422363,0.7963365316390991,0.46765539050102234,3.968580618251547
spambase,full,0.2,10,30,False,ctrlB,reverse,11,0.9146227836608887,1.1175854760076618,0.8913043737411499,0.08535136316997419,0.33229875564575195,0.807823657989502,0.4395328760147095,3.968580618251547
spambase,full,0.2,10,30,False,ctrlB,constant,11,0.920211136341095,1.1144245129980845,0.904347836971283,0.13004698170268017,0.34118911623954773,0.7954051494598389,0.4655331075191498,3.968580618251548
spambase,full,0.2,11,30,False,ctrlA,replay,12,0.9046880006790161,0.9420587159984279,0.8746376633644104,0.10380094327788422,0.36689600348472595,0.811859667301178,0.4299212098121643,1.824223600375455
spambase,full,0.2,11,30,False,ctrlA,reverse,12,0.895684540271759,0.9414335039909929,0.8717391490936279,0.08553922059743302,0.35311341285705566,0.8183794021606445,0.41087278723716736,1.824223600375455
spambase,full,0.2,11,30,False,ctrlA,constant,12,0.9053089022636414,1.0169384030014044,0.8768116235733032,0.0960520901541779,0.3587456941604614,0.8131015300750732,0.421363890171051,1.8242236003754553
spambase,full,0.2,11,30,False,ctrlB,replay,12,0.9251785278320312,0.9930002559995046,0.8971014618873596,0.14932490548361904,0.36623048782348633,0.7888854146003723,0.485619455575943,3.965139481217762
spambase,full,0.2,11,30,False,ctrlB,reverse,12,0.9180378913879395,0.9417986460030079,0.8862318992614746,0.1284754841439966,0.3581998646259308,0.7991306781768799,0.4519866108894348,3.965139481217762
spambase,full,0.2,11,30,False,ctrlB,constant,12,0.9351133108139038,0.929303354001604,0.906521737575531,0.15511032291080643,0.35612013936042786,0.7932319045066833,0.47518545389175415,3.9651394812177614
spambase,full,0.2,12,30,False,ctrlA,replay,13,0.9115181565284729,0.9787644890020601,0.8731883764266968,0.08954686824826226,0.36205601692199707,0.8245886564254761,0.40724292397499084,1.653473843147218
spambase,full,0.2,12,30,False,ctrlA,reverse,13,0.8904067277908325,1.065296581000439,0.865217387676239,0.06582395274570023,0.3699991703033447,0.8171375393867493,0.4048483669757843,1.653473843147218
spambase,full,0.2,12,30,False,ctrlA,constant,13,0.9105867743492126,0.9701456750044599,0.8818840384483337,0.08671630737574205,0.33832821249961853,0.8137224316596985,0.4081096947193146,1.653473843147218
spambase,full,0.2,12,30,False,ctrlB,replay,13,0.9270412921905518,1.0431123830057913,0.9036231637001038,0.1490199520536091,0.34992989897727966,0.7904377579689026,0.4736689627170563,3.8880708348091972
spambase,full,0.2,12,30,False,ctrlB,reverse,13,0.9180378913879395,1.0149973609950393,0.8905797004699707,0.10737732959830243,0.33551573753356934,0.8019248843193054,0.44902902841567993,3.8880708348091972
spambase,full,0.2,12,30,False,ctrlB,constant,13,0.9285935759544373,0.9994784940063255,0.9014492630958557,0.14235379220782848,0.3401228189468384,0.7969574928283691,0.46816298365592957,3.8880708348091972
spambase,full,0.2,13,30,False,ctrlA,replay,14,0.9115181565284729,1.0076110790105304,0.893478274345398,0.10083702781062194,0.34646791219711304,0.8109282851219177,0.42609965801239014,1.8727658835748244
spambase,full,0.2,13,30,False,ctrlA,reverse,14,0.8932008743286133,0.9929554150003241,0.8666666746139526,0.085095900469932,0.3764365315437317,0.8248990774154663,0.410269558429718,1.8727658835748244
spambase,full,0.2,13,30,False,ctrlA,constant,14,0.9112076759338379,0.9943880329956301,0.8884057998657227,0.09335907965466596,0.34689146280288696,0.8174480199813843,0.4214147925376892,1.8727658835748242
spambase,full,0.2,13,30,False,ctrlB,replay,14,0.91990065574646,1.0522585889993934,0.9028985500335693,0.13939390217048536,0.3447849154472351,0.7895063757896423,0.47642436623573303,3.7674143627947005
spambase,full,0.2,13,30,False,ctrlB,reverse,14,0.9062402844429016,0.9693840469990391,0.8826087117195129,0.08902480554753456,0.34097978472709656,0.7981992959976196,0.44508254528045654,3.7674143627947005
spambase,full,0.2,13,30,False,ctrlB,constant,14,0.9164855480194092,0.9340097420063103,0.8992753624916077,0.1242547274067782,0.3397715985774994,0.7941632866859436,0.46418118476867676,3.7674143627947
spambase,full,0.2,14,30,False,ctrlA,replay,10,0.891648530960083,0.9651642059907317,0.8673912882804871,0.0704490415212037,0.3564944267272949,0.7994411587715149,0.43916431069374084,1.8119582055846002
spambase,full,0.2,14,30,False,ctrlA,reverse,10,0.8826451301574707,1.1047305740066804,0.863043487071991,0.04666181478811347,0.37151533365249634,0.807823657989502,0.43618273735046387,1.8119582055846002
spambase,full,0.2,14,30,False,ctrlA,constant,10,0.891648530960083,0.9869316779950168,0.8615942001342773,0.051679588055265124,0.3621370494365692,0.8062713146209717,0.43676453828811646,1.8119582055846002
spambase,full,0.2,14,30,False,ctrlB,replay,10,0.9254889488220215,0.9824553599901265,0.9050724506378174,0.1391291978134625,0.3471032977104187,0.7773983478546143,0.49688300490379333,4.040789093409858
spambase,full,0.2,14,30,False,ctrlB,reverse,10,0.9115181565284729,1.0081243820022792,0.8826087117195129,0.07936371517354163,0.33564645051956177,0.7826761603355408,0.46961310505867004,4.040789093409858
spambase,full,0.2,14,30,False,ctrlB,constant,10,0.9254889488220215,0.986026597005548,0.9007246494293213,0.12792781029922373,0.3424670398235321,0.775535523891449,0.4868263304233551,4.040789093409858
spambase,half,0.0,10,30,False,ctrlA,replay,11,0.9900621175765991,0.9638972599932458,0.9297101497650146,0.03695195556982704,0.24404747784137726,0.9900621175765991,0.04025620222091675,2.325990879448458
spambase,half,0.0,10,30,False,ctrlA,reverse,11,0.9888198971748352,0.97337081200385,0.9253623485565186,0.049380992946849354,0.30943912267684937,0.9888198971748352,0.03688877820968628,2.325990879448458
spambase,half,0.0,10,30,False,ctrlA,constant,11,0.9888198971748352,1.042586997995386,0.9318840503692627,0.04241931591776834,0.25274625420570374,0.9888198971748352,0.04160301759839058,2.325990879448458
spambase,half,0.0,10,30,False,ctrlB,replay,11,0.9689440727233887,1.0328165539976908,0.9297101497650146,0.010220542074977489,0.19152584671974182,0.9689440727233887,0.1061292290687561,7.218614316736371
spambase,half,0.0,10,30,False,ctrlB,reverse,11,0.9819875955581665,1.029305206000572,0.928260862827301,0.04175960905310037,0.254430890083313,0.9819875955581665,0.07286213338375092,7.218614316736371
spambase,half,0.0,10,30,False,ctrlB,constant,11,0.9726707935333252,1.1634937990020262,0.9289855360984802,0.02100435076416403,0.19458837807178497,0.9726707935333252,0.09738951176404953,7.218614316736371
spambase,half,0.0,11,30,False,ctrlA,replay,12,0.9838509559631348,0.9438938200037228,0.9188405871391296,0.03852182302785956,0.24353179335594177,0.9838509559631348,0.05365295335650444,2.452094095204324
spambase,half,0.0,11,30,False,ctrlA,reverse,12,0.9838509559631348,1.0827369269973133,0.936956524848938,0.04242890097092891,0.2535983622074127,0.9838509559631348,0.0498352088034153,2.452094095204324
spambase,half,0.0,11,30,False,ctrlA,constant,12,0.9813664555549622,1.075078901994857,0.9253623485565186,0.037916478190733044,0.2327575832605362,0.9813664555549622,0.052768126130104065,2.452094095204324
spambase,half,0.0,11,30,False,ctrlB,replay,12,0.9627329111099243,1.0390895119926427,0.9202898740768433,0.01204549616229707,0.20517009496688843,0.9627329111099243,0.1222764179110527,7.887196624610974
spambase,half,0.0,11,30,False,ctrlB,reverse,12,0.9739130139350891,1.114759743999457,0.928260862827301,0.03861925522054451,0.23116599023342133,0.9739130139350891,0.08914951235055923,7.887196624610974
spambase,half,0.0,11,30,False,ctrlB,constant,12,0.9627329111099243,0.9738059380033519,0.9224637746810913,0.01411465216374052,0.20273031294345856,0.9627329111099243,0.11796488612890244,7.887196624610972
spambase,half,0.0,12,30,False,ctrlA,replay,13,0.9906832575798035,0.9736690530116903,0.9268115758895874,0.04239156701858493,0.2396269142627716,0.9906832575798035,0.04212198778986931,2.171076037096868
spambase,half,0.0,12,30,False,ctrlA,reverse,13,0.9906832575798035,0.9877972700051032,0.9231883883476257,0.05238429744174515,0.2910715341567993,0.9906832575798035,0.03789273649454117,2.171076037096868
spambase,half,0.0,12,30,False,ctrlA,constant,13,0.9888198971748352,0.9177042749943212,0.926086962223053,0.045443988019141596,0.25097593665122986,0.9888198971748352,0.04329166188836098,2.1710760370968685
spambase,half,0.0,12,30,False,ctrlB,replay,13,0.969565212726593,0.9457427549932618,0.9246376752853394,0.019758432412493056,0.20245590806007385,0.969565212726593,0.09901499003171921,6.686714503306087
spambase,half,0.0,12,30,False,ctrlB,reverse,13,0.9826086759567261,1.0078120230027707,0.9210144877433777,0.04174019780711852,0.24301832914352417,0.9826086759567261,0.06640981137752533,6.686714503306087
spambase,half,0.0,12,30,False,ctrlB,constant,13,0.9708074331283569,0.9817886609962443,0.926086962223053,0.018503920971483425,0.2034025341272354,0.9708074331283569,0.09498844295740128,6.686714503306087
spambase,half,0.0,13,30,False,ctrlA,replay,14,0.9813664555549622,0.9503791330062086,0.9181159138679504,0.043433085127153256,0.2647789418697357,0.9813664555549622,0.0578867606818676,2.503695766508076
spambase,half,0.0,13,30,False,ctrlA,reverse,14,0.9813664555549622,0.9363184399990132,0.9181159138679504,0.0564823897636455,0.3441388010978699,0.9813664555549622,0.0598534420132637,2.503695766508076
spambase,half,0.0,13,30,False,ctrlA,constant,14,0.9819875955581665,0.9421150130074238,0.9210144877433777,0.04441737789606702,0.2668261229991913,0.9819875955581665,0.0578320138156414,2.503695766508076
spambase,half,0.0,13,30,False,ctrlB,replay,14,0.969565212726593,0.93610690299829,0.9188405871391296,0.02349623400663984,0.21408487856388092,0.969565212726593,0.10311641544103622,6.716840661549912
spambase,half,0.0,13,30,False,ctrlB,reverse,14,0.9726707935333252,0.9959380410000449,0.9159420132637024,0.05070992569992508,0.29147395491600037,0.9726707935333252,0.08253669738769531,6.716840661549912
spambase,half,0.0,13,30,False,ctrlB,constant,14,0.969565212726593,1.0112218239955837,0.9195652008056641,0.02146166910727819,0.21572689712047577,0.969565212726593,0.09918057173490524,6.716840661549911
spambase,half,0.0,14,30,False,ctrlA,replay,10,0.9900621175765991,0.9185554610012332,0.917391300201416,0.044201207808826276,0.31509995460510254,0.9900621175765991,0.04115043208003044,2.364033105573916
spambase,half,0.0,14,30,False,ctrlA,reverse,10,0.9900621175765991,1.0356272010103567,0.9144927263259888,0.0475144367935001,0.3514767289161682,0.9900621175765991,0.03268963471055031,2.364033105573916
spambase,half,0.0,14,30,False,ctrlA,constant,10,0.9881987571716309,1.0214605999935884,0.9188405871391296,0.040674972685350884,0.24614563584327698,0.9881987571716309,0.043759215623140335,2.364033105573915
spambase,half,0.0,14,30,False,ctrlB,replay,10,0.9596273303031921,0.982372137994389,0.926086962223053,0.022242011972095656,0.19772955775260925,0.9596273303031921,0.12903954088687897,8.405246980938976
spambase,half,0.0,14,30,False,ctrlB,reverse,10,0.9732919335365295,0.9449646870052675,0.9181159138679504,0.041559234304704526,0.25835859775543213,0.9732919335365295,0.08285603672266006,8.405246980938976
spambase,half,0.0,14,30,False,ctrlB,constant,10,0.9652174115180969,0.943924163992051,0.9239130616188049,0.01208483080069224,0.2032841295003891,0.9652174115180969,0.1138225793838501,8.405246980938976
spambase,half,0.2,10,30,False,ctrlA,replay,11,0.8478260636329651,1.011557851001271,0.8181159496307373,0.051379586410695226,0.4636079668998718,0.9024844765663147,0.24860434234142303,2.2566703111091497
spambase,half,0.2,10,30,False,ctrlA,reverse,11,0.8472049832344055,0.932610765012214,0.8333333134651184,0.06890656818514285,0.5227904915809631,0.9055900573730469,0.22852936387062073,2.2566703111091497
spambase,half,0.2,10,30,False,ctrlA,constant,11,0.8534161448478699,0.9568683239922393,0.8297101259231567,0.05272882267616798,0.46683287620544434,0.8981366753578186,0.25457608699798584,2.25667031110915
spambase,half,0.2,10,30,False,ctrlB,replay,11,0.9012422561645508,0.9237060589948669,0.876086950302124,0.06950100634409034,0.35071998834609985,0.8341615200042725,0.39266741275787354,5.8812965237384445
spambase,half,0.2,10,30,False,ctrlB,reverse,11,0.8720496892929077,0.9300519459939096,0.8405796885490417,0.04829132464052975,0.40648436546325684,0.8708074688911438,0.3012699782848358,5.8812965237384445
spambase,half,0.2,10,30,False,ctrlB,constant,11,0.895652174949646,0.9847100699989824,0.8673912882804871,0.04758397671191589,0.3623380661010742,0.8422360420227051,0.36830413341522217,5.8812965237384445
spambase,half,0.2,11,30,False,ctrlA,replay,12,0.8453416228294373,0.9497188410023227,0.8268116116523743,0.03564765315124954,0.4241887331008911,0.8708074688911438,0.3144063651561737,2.4791480210668775
spambase,half,0.2,11,30,False,ctrlA,reverse,12,0.8242235779762268,0.9789209190057591,0.7862318754196167,0.07652325055737426,0.5251895785331726,0.886956512928009,0.2798305153846741,2.4791480210668775
spambase,half,0.2,11,30,False,ctrlA,constant,12,0.8341615200042725,0.9225368850020459,0.8137680888175964,0.04199221581220627,0.4576774835586548,0.8645962476730347,0.3183504045009613,2.4791480210668784
spambase,half,0.2,11,30,False,ctrlB,replay,12,0.8776397705078125,0.9754108819906833,0.8666666746139526,0.09979058426359425,0.38422343134880066,0.8099378943443298,0.4354757070541382,5.744977498467492
spambase,half,0.2,11,30,False,ctrlB,reverse,12,0.8484472036361694,0.9498290259944042,0.8268116116523743,0.045397448755692744,0.45374181866645813,0.8465838432312012,0.3693140745162964,5.744977498467492
spambase,half,0.2,11,30,False,ctrlB,constant,12,0.8838509321212769,0.9814149479934713,0.8594202995300293,0.09192504187424977,0.3794925808906555,0.8186335563659668,0.42191243171691895,5.744977498467492
spambase,half,0.2,12,30,False,ctrlA,replay,13,0.8546583652496338,1.084171830007108,0.813043475151062,0.04668790637582972,0.4927096962928772,0.8999999761581421,0.2696409225463867,2.2466973196540523
spambase,half,0.2,12,30,False,ctrlA,reverse,13,0.834782600402832,0.9560031580040231,0.7862318754196167,0.08334301533042521,0.6579725742340088,0.9024844765663147,0.25123628973960876,2.2466973196540523
spambase,half,0.2,12,30,False,ctrlA,constant,13,0.8465838432312012,0.9889866419980535,0.804347813129425,0.04877743090408436,0.5219863653182983,0.9018633365631104,0.2653874456882477,2.2466973196540523
spambase,half,0.2,12,30,False,ctrlB,replay,13,0.9105589985847473,0.925610243997653,0.8557971119880676,0.08234507165093354,0.40014639496803284,0.8316770195960999,0.3971596360206604,5.325501672811744
spambase,half,0.2,12,30,False,ctrlB,reverse,13,0.8596273064613342,0.909122468001442,0.8028985261917114,0.040216024284777434,0.5039843320846558,0.8751552700996399,0.307751327753067,5.325501672811744
spambase,half,0.2,12,30,False,ctrlB,constant,13,0.8850931525230408,0.9938767739949981,0.8297101259231567,0.059407139493935356,0.4256730377674103,0.8559006452560425,0.37535998225212097,5.325501672811745
spambase,half,0.2,13,30,False,ctrlA,replay,14,0.8403726816177368,0.954606300991145,0.8362318873405457,0.053693660229876414,0.4206600487232208,0.8683229684829712,0.34359654784202576,2.56369283858125
spambase,half,0.2,13,30,False,ctrlA,reverse,14,0.8192546367645264,0.9415314569923794,0.8028985261917114,0.05479886981024258,0.4984322786331177,0.8720496892929077,0.31059935688972473,2.56369283858125
spambase,half,0.2,13,30,False,ctrlA,constant,14,0.8409937620162964,0.9113012499874458,0.8181159496307373,0.04161491350851198,0.4225606322288513,0.8590062260627747,0.3426234722137451,2.5636928385812503
spambase,half,0.2,13,30,False,ctrlB,replay,14,0.8981366753578186,0.958360963006271,0.8768116235733032,0.12504950697007386,0.3799417316913605,0.8006210923194885,0.45585405826568604,5.850662015681211
spambase,half,0.2,13,30,False,ctrlB,reverse,14,0.8763974905014038,0.9339206169970566,0.856521725654602,0.06833683092525039,0.3948172330856323,0.8335403800010681,0.3789350092411041,5.850662015681211
spambase,half,0.2,13,30,False,ctrlB,constant,14,0.8906832337379456,0.9543936840054812,0.8688405752182007,0.1086872897502305,0.3785536587238312,0.8118012547492981,0.4353107810020447,5.85066201568121
spambase,half,0.2,14,30,False,ctrlA,replay,10,0.8590062260627747,0.9681006300088484,0.8210144639015198,0.049880996497644894,0.53873211145401,0.8726708292961121,0.31242576241493225,2.391113544992849
spambase,half,0.2,14,30,False,ctrlA,reverse,10,0.8385093212127686,0.9537807220040122,0.8094202876091003,0.0551669446238573,0.7283266186714172,0.8919254541397095,0.27343469858169556,2.391113544992849
spambase,half,0.2,14,30,False,ctrlA,constant,10,0.8472049832344055,0.9280963029887062,0.8398550748825073,0.05162336701068325,0.5216490626335144,0.8782608509063721,0.2972402572631836,2.391113544992849
spambase,half,0.2,14,30,False,ctrlB,replay,10,0.9093167781829834,0.9539358110050671,0.8710144758224487,0.1090024878581365,0.4184423089027405,0.7950310707092285,0.4603538513183594,6.538956910530992
spambase,half,0.2,14,30,False,ctrlB,reverse,10,0.8751552700996399,1.0194682099972852,0.8485507369041443,0.047820637753044355,0.43751803040504456,0.8378881812095642,0.36701151728630066,6.538956910530992
spambase,half,0.2,14,30,False,ctrlB,constant,10,0.9006211161613464,0.9577960509923287,0.8746376633644104,0.11124408517194832,0.39096224308013916,0.8049689531326294,0.4388461410999298,6.5389569105309935
qsar,full,0.0,10,30,False,ctrlA,replay,11,0.9282814860343933,0.8392627160064876,0.8670886158943176,0.06982540348662605,0.40216532349586487,0.9282814860343933,0.17711466550827026,0.697393992652299
qsar,full,0.0,10,30,False,ctrlA,reverse,11,0.9282814860343933,0.8567892569990363,0.8702531456947327,0.0929973144319993,0.42792415618896484,0.9282814860343933,0.1762773096561432,0.697393992652299
qsar,full,0.0,10,30,False,ctrlA,constant,11,0.9269282817840576,0.8609234609903069,0.8670886158943176,0.07876110595615604,0.40689483284950256,0.9269282817840576,0.17796750366687775,0.697393992652299
qsar,full,0.0,10,30,False,ctrlB,replay,11,0.9147496819496155,0.856785530995694,0.8512658476829529,0.04656882055952579,0.35279399156570435,0.9147496819496155,0.24110279977321625,2.4455246306373772
qsar,full,0.0,10,30,False,ctrlB,reverse,11,0.9255750775337219,0.8449846820003586,0.8544303774833679,0.06968584326626379,0.3958114683628082,0.9255750775337219,0.20738328993320465,2.4455246306373772
qsar,full,0.0,10,30,False,ctrlB,constant,11,0.918809175491333,0.8415465440048138,0.857594907283783,0.04782270385494715,0.351716548204422,0.918809175491333,0.23056462407112122,2.4455246306373772
qsar,full,0.0,11,30,False,ctrlA,replay,12,0.9377537369728088,0.8201553639955819,0.8607594966888428,0.07322222390506841,0.41147175431251526,0.9377537369728088,0.1577686369419098,0.6607573773958164
qsar,full,0.0,11,30,False,ctrlA,reverse,12,0.9350473880767822,0.8457799040043028,0.8544303774833679,0.065521431686003,0.42415180802345276,0.9350473880767822,0.15646225214004517,0.6607573773958164
qsar,full,0.0,11,30,False,ctrlA,constant,12,0.9350473880767822,0.8146016910031904,0.8481012582778931,0.0658943136281605,0.4186962842941284,0.9350473880767822,0.15921667218208313,0.6607573773958165
qsar,full,0.0,11,30,False,ctrlB,replay,12,0.9147496819496155,0.8251759029953973,0.8702531456947327,0.036140777830836135,0.3406199812889099,0.9147496819496155,0.2418033927679062,2.6828130857575987
qsar,full,0.0,11,30,False,ctrlB,reverse,12,0.9174560308456421,0.8643045229982818,0.857594907283783,0.06557818426738812,0.38362962007522583,0.9174560308456421,0.19701780378818512,2.6828130857575987
qsar,full,0.0,11,30,False,ctrlB,constant,12,0.9174560308456421,0.8611453560006339,0.8607594966888428,0.029238914953002446,0.3418082594871521,0.9174560308456421,0.22333864867687225,2.6828130857575987
qsar,full,0.0,12,30,False,ctrlA,replay,13,0.9336941838264465,0.8277094649965875,0.857594907283783,0.0660226516708543,0.43450069427490234,0.9336941838264465,0.16867336630821228,0.5621200827111699
qsar,full,0.0,12,30,False,ctrlA,reverse,13,0.9336941838264465,0.8586316029977752,0.8607594966888428,0.07547531965412671,0.4432116746902466,0.9336941838264465,0.17236024141311646,0.5621200827111699
qsar,full,0.0,12,30,False,ctrlA,constant,13,0.9336941838264465,0.8293701899965527,0.8639240264892578,0.073429352686375,0.4195108115673065,0.9336941838264465,0.17017124593257904,0.5621200827111698
qsar,full,0.0,12,30,False,ctrlB,replay,13,0.9174560308456421,0.8175749860092765,0.8544303774833679,0.033873747232594065,0.3645385503768921,0.9174560308456421,0.23435592651367188,2.4931377581934657
qsar,full,0.0,12,30,False,ctrlB,reverse,13,0.924221932888031,0.8651447890006239,0.8481012582778931,0.07073926199463348,0.4227235019207001,0.924221932888031,0.20298300683498383,2.4931377581934657
qsar,full,0.0,12,30,False,ctrlB,constant,13,0.9215155839920044,0.8518229780020192,0.8481012582778931,0.033938326790362974,0.3689158856868744,0.9215155839920044,0.22265133261680603,2.493137758193466
qsar,full,0.0,13,30,False,ctrlA,replay,14,0.9296346306800842,0.8334379010047996,0.8734177350997925,0.06276593668551385,0.3889975845813751,0.9296346306800842,0.17221057415008545,0.6722481887136185
qsar,full,0.0,13,30,False,ctrlA,reverse,14,0.9336941838264465,0.8362372940027853,0.8670886158943176,0.0664204090267797,0.40820974111557007,0.9336941838264465,0.1702205240726471,0.6722481887136185
qsar,full,0.0,13,30,False,ctrlA,constant,14,0.9269282817840576,0.83676510299847,0.8734177350997925,0.07035058020036432,0.3921198844909668,0.9269282817840576,0.17312799394130707,0.6722481887136186
qsar,full,0.0,13,30,False,ctrlB,replay,14,0.9133964776992798,0.8283525269944221,0.8607594966888428,0.02971658091756362,0.34351980686187744,0.9133964776992798,0.2503163516521454,2.875186005491864
qsar,full,0.0,13,30,False,ctrlB,reverse,14,0.9106901288032532,0.8377698569966014,0.857594907283783,0.061534619218186495,0.39371657371520996,0.9106901288032532,0.207345649600029,2.875186005491864
qsar,full,0.0,13,30,False,ctrlB,constant,14,0.9147496819496155,0.8436370150011498,0.8639240264892578,0.05767058118989196,0.344687283039093,0.9147496819496155,0.233230859041214,2.8751860054918645
qsar,full,0.0,14,30,False,ctrlA,replay,10,0.9364005327224731,0.8948762109939707,0.844936728477478,0.06385331997011282,0.41869881749153137,0.9364005327224731,0.16669157147407532,0.606293349981414
qsar,full,0.0,14,30,False,ctrlA,reverse,10,0.9336941838264465,0.8570513050071895,0.8386076092720032,0.07778334853392613,0.429980993270874,0.9336941838264465,0.16845227777957916,0.606293349981414
qsar,full,0.0,14,30,False,ctrlA,constant,10,0.9364005327224731,0.8565582709998125,0.844936728477478,0.06584312436701377,0.41734954714775085,0.9364005327224731,0.1686888337135315,0.606293349981414
qsar,full,0.0,14,30,False,ctrlB,replay,10,0.9079837799072266,0.8641156950034201,0.8512658476829529,0.04851582420023182,0.3543962836265564,0.9079837799072266,0.24957022070884705,2.6661635412822857
qsar,full,0.0,14,30,False,ctrlB,reverse,10,0.9201623797416687,0.8683727059978992,0.8417721390724182,0.0630397662709031,0.40187543630599976,0.9201623797416687,0.20356103777885437,2.6661635412822857
qsar,full,0.0,14,30,False,ctrlB,constant,10,0.9133964776992798,0.8488485960115213,0.844936728477478,0.03201256956480727,0.3569490611553192,0.9133964776992798,0.2307424396276474,2.6661635412822857
qsar,full,0.2,10,30,False,ctrlA,replay,11,0.8470906615257263,0.8404532319982536,0.8101266026496887,0.06605021523523934,0.4831051528453827,0.8213802576065063,0.4141964316368103,0.5241277138444218
qsar,full,0.2,10,30,False,ctrlA,reverse,11,0.8443843126296997,0.851759946992388,0.7911392450332642,0.05736841553751426,0.49249112606048584,0.8132611513137817,0.40751194953918457,0.5241277138444218
qsar,full,0.2,10,30,False,ctrlA,constant,11,0.8470906615257263,0.8590964610048104,0.8101266026496887,0.05936371186111547,0.4768424332141876,0.8186739087104797,0.40963077545166016,0.5241277138444218
qsar,full,0.2,10,30,False,ctrlB,replay,11,0.8700947165489197,0.8533257379895076,0.8132911324501038,0.10192326692086232,0.4604179263114929,0.8010825514793396,0.452895849943161,1.1619498600478164
qsar,full,0.2,10,30,False,ctrlB,reverse,11,0.8606224656105042,0.8402994460047921,0.8069620132446289,0.05721340319023857,0.4793664515018463,0.8024356961250305,0.4362259805202484,1.1619498600478164
qsar,full,0.2,10,30,False,ctrlB,constant,11,0.8646820187568665,0.8685670449922327,0.8132911324501038,0.07309791351420972,0.47217974066734314,0.798376202583313,0.4439230263233185,1.1619498600478164
qsar,full,0.2,11,30,False,ctrlA,replay,12,0.8619756698608398,0.8531359059998067,0.8259493708610535,0.09526836796651912,0.45944517850875854,0.8186739087104797,0.43991830945014954,0.5783623793540817
qsar,full,0.2,11,30,False,ctrlA,reverse,12,0.8457374572753906,0.8680628209986025,0.8101266026496887,0.08545889771437343,0.4789572060108185,0.8294993042945862,0.43412408232688904,0.5783623793540817
qsar,full,0.2,11,30,False,ctrlA,constant,12,0.848443865776062,0.8354582750034751,0.8101266026496887,0.09110387018587016,0.468483030796051,0.8213802576065063,0.43829599022865295,0.5783623793540816
qsar,full,0.2,11,30,False,ctrlB,replay,12,0.8768606185913086,0.8682248080003774,0.8227847814559937,0.1267387306765665,0.4491138160228729,0.7794316411018372,0.4915418326854706,1.3711577564444657
qsar,full,0.2,11,30,False,ctrlB,reverse,12,0.874154269695282,0.8627493550011422,0.8196202516555786,0.0727067693502088,0.44936901330947876,0.792963445186615,0.46642398834228516,1.3711577564444657
qsar,full,0.2,11,30,False,ctrlB,constant,12,0.8782138228416443,0.8489343620021828,0.8164557218551636,0.11794120054456252,0.4491299092769623,0.7807848453521729,0.48428112268447876,1.3711577564444657
qsar,full,0.2,12,30,False,ctrlA,replay,13,0.8213802576065063,0.8575023809971754,0.7911392450332642,0.061545340037798574,0.4831959307193756,0.8159675002098083,0.4169676899909973,0.5310297480880375
qsar,full,0.2,12,30,False,ctrlA,reverse,13,0.817320704460144,0.882511001007515,0.7848101258277893,0.06164458875037447,0.48607543110847473,0.8200270533561707,0.4081636965274811,0.5310297480880375
qsar,full,0.2,12,30,False,ctrlA,constant,13,0.8213802576065063,0.8726442260085605,0.800632894039154,0.04690299135974691,0.4804393947124481,0.8132611513137817,0.41183987259864807,0.5310297480880374
qsar,full,0.2,12,30,False,ctrlB,replay,13,0.8403247594833374,0.891660702007357,0.8164557218551636,0.10852895328138447,0.46542543172836304,0.7889039516448975,0.46636563539505005,1.432573205170501
qsar,full,0.2,12,30,False,ctrlB,reverse,13,0.8132611513137817,0.861617557995487,0.7911392450332642,0.07065589009206506,0.4848398268222809,0.7916103005409241,0.43705180287361145,1.432573205170501
qsar,full,0.2,12,30,False,ctrlB,constant,13,0.8403247594833374,0.8758382860105485,0.8227847814559937,0.08797682387919364,0.469220906496048,0.7970229983329773,0.4542904794216156,1.432573205170501
qsar,full,0.2,13,30,False,ctrlA,replay,14,0.8917456269264221,0.85915557500266,0.844936728477478,0.07435918665384945,0.42193472385406494,0.8159675002098083,0.4100651144981384,0.5413996004478635
qsar,full,0.2,13,30,False,ctrlA,reverse,14,0.8809201717376709,0.8804530519992113,0.8322784900665283,0.07761656615553023,0.4275788962841034,0.8213802576065063,0.40272098779678345,0.5413996004478635
qsar,full,0.2,13,30,False,ctrlA,constant,14,0.8917456269264221,0.8512478369957535,0.857594907283783,0.07982445630846144,0.41731277108192444,0.8159675002098083,0.4074810743331909,0.5413996004478635
qsar,full,0.2,13,30,False,ctrlB,replay,14,0.8890392184257507,0.8642826430004789,0.8481012582778931,0.0953349916240837,0.41971442103385925,0.7943166494369507,0.4545677602291107,1.2295827862854531
qsar,full,0.2,13,30,False,ctrlB,reverse,14,0.8863328695297241,0.8497447659901809,0.8322784900665283,0.06438200977406924,0.43119093775749207,0.8105548024177551,0.42622485756874084,1.2295827862854531
qsar,full,0.2,13,30,False,ctrlB,constant,14,0.8795669674873352,0.8616989580041263,0.844936728477478,0.09116961722132524,0.42250528931617737,0.798376202583313,0.4425308108329773,1.2295827862854527
qsar,full,0.2,14,30,False,ctrlA,replay,10,0.8457374572753906,0.8536477820016444,0.800632894039154,0.04572728898706316,0.4645867645740509,0.8200270533561707,0.41519421339035034,0.48872099645035477
qsar,full,0.2,14,30,False,ctrlA,reverse,10,0.8416779637336731,0.8587628530076472,0.7943037748336792,0.05585947840274135,0.48298007249832153,0.8267929553985596,0.4098532497882843,0.48872099645035477
qsar,full,0.2,14,30,False,ctrlA,constant,10,0.8403247594833374,0.8617142930015689,0.7879746556282043,0.04423369363516192,0.4819714426994324,0.8281461596488953,0.41171953082084656,0.48872099645035477
qsar,full,0.2,14,30,False,ctrlB,replay,10,0.8579161167144775,0.9193631050002296,0.800632894039154,0.08999664025216163,0.4478203058242798,0.7861975431442261,0.47695282101631165,1.344912798697253
qsar,full,0.2,14,30,False,ctrlB,reverse,10,0.8457374572753906,0.9150054049969185,0.7784810066223145,0.05838626028993461,0.4597380459308624,0.8064952492713928,0.44758036732673645,1.344912798697253
qsar,full,0.2,14,30,False,ctrlB,constant,10,0.8538565635681152,0.8642809150042012,0.7943037748336792,0.08078979417870318,0.44239482283592224,0.7902570962905884,0.4652882218360901,1.3449127986972529
qsar,half,0.0,10,30,False,ctrlA,replay,11,0.9783197641372681,0.853308644000208,0.8544303774833679,0.08251170436792736,0.4528334438800812,0.9783197641372681,0.10255208611488342,0.8511582205044019
qsar,half,0.0,10,30,False,ctrlA,reverse,11,0.9756097793579102,0.8838411850010743,0.8544303774833679,0.08655475325222256,0.5131005644798279,0.9756097793579102,0.09643898159265518,0.8511582205044019
qsar,half,0.0,10,30,False,ctrlA,constant,11,0.9756097793579102,0.8953235579974717,0.8512658476829529,0.07616372906331774,0.46056631207466125,0.9756097793579102,0.10228051245212555,0.8511582205044019
qsar,half,0.0,10,30,False,ctrlB,replay,11,0.9403793811798096,0.8763347640051506,0.8607594966888428,0.02516650512248655,0.345191091299057,0.9403793811798096,0.2054787129163742,3.075556146914129
qsar,half,0.0,10,30,False,ctrlB,reverse,11,0.9512194991111755,0.8867609970038757,0.8512658476829529,0.08261955840678155,0.41885602474212646,0.9512194991111755,0.15413609147071838,3.075556146914129
qsar,half,0.0,10,30,False,ctrlB,constant,11,0.9430894255638123,0.8513594930118416,0.8481012582778931,0.030290881855578367,0.34660378098487854,0.9430894255638123,0.19301512837409973,3.075556146914129
qsar,half,0.0,11,30,False,ctrlA,replay,12,0.9756097793579102,0.8598277129931375,0.8544303774833679,0.07149373315557649,0.44323667883872986,0.9756097793579102,0.11001608520746231,0.9292755816806051
qsar,half,0.0,11,30,False,ctrlA,reverse,12,0.9701896905899048,0.8485834690072807,0.857594907283783,0.0802021501939508,0.47348347306251526,0.9701896905899048,0.10514374822378159,0.9292755816806051
qsar,half,0.0,11,30,False,ctrlA,constant,12,0.9728997349739075,0.8476593039958971,0.8481012582778931,0.08090304130617576,0.44540560245513916,0.9728997349739075,0.11104127764701843,0.929275581680605
qsar,half,0.0,11,30,False,ctrlB,replay,12,0.9214091897010803,0.8479244799964363,0.844936728477478,0.03597280241643326,0.3526040315628052,0.9214091897010803,0.21528609097003937,2.949704713239264
qsar,half,0.0,11,30,False,ctrlB,reverse,12,0.9322493076324463,0.8598731519887224,0.8512658476829529,0.07092892727519892,0.4174153208732605,0.9322493076324463,0.1648118495941162,2.949704713239264
qsar,half,0.0,11,30,False,ctrlB,constant,12,0.9268292784690857,0.8804142949957168,0.8512658476829529,0.03896169666248031,0.3579883873462677,0.9268292784690857,0.19903239607810974,2.949704713239264
qsar,half,0.0,12,30,False,ctrlA,replay,13,0.9756097793579102,0.8620361920038704,0.8607594966888428,0.08297395460967776,0.48259493708610535,0.9756097793579102,0.0824844241142273,0.7038716931358985
qsar,half,0.0,12,30,False,ctrlA,reverse,13,0.9674796462059021,0.8662643110001227,0.8607594966888428,0.09237513945827001,0.5155389308929443,0.9674796462059021,0.07916267961263657,0.7038716931358985
qsar,half,0.0,12,30,False,ctrlA,constant,13,0.9756097793579102,0.8643652760074474,0.8607594966888428,0.08158964446828336,0.49454715847969055,0.9756097793579102,0.08043968677520752,0.7038716931358983
qsar,half,0.0,12,30,False,ctrlB,replay,13,0.9403793811798096,0.8565066039882367,0.8512658476829529,0.03998163068973566,0.3432772159576416,0.9403793811798096,0.17695574462413788,2.337658185852999
qsar,half,0.0,12,30,False,ctrlB,reverse,13,0.9512194991111755,0.8681046029960271,0.857594907283783,0.08181961333449883,0.4446233808994293,0.9512194991111755,0.13242723047733307,2.337658185852999
qsar,half,0.0,12,30,False,ctrlB,constant,13,0.9430894255638123,0.8599086269969121,0.857594907283783,0.0513466968189312,0.35691356658935547,0.9430894255638123,0.15768255293369293,2.337658185852999
qsar,half,0.0,13,30,False,ctrlA,replay,14,0.9539295434951782,0.855104243993992,0.8417721390724182,0.1051472243440302,0.5584380626678467,0.9539295434951782,0.12368892133235931,0.8350817477934205
qsar,half,0.0,13,30,False,ctrlA,reverse,14,0.9539295434951782,0.857137885002885,0.8386076092720032,0.12287065603687794,0.6199039816856384,0.9539295434951782,0.1194949671626091,0.8350817477934205
qsar,half,0.0,13,30,False,ctrlA,constant,14,0.9593495726585388,0.855667875992367,0.8386076092720032,0.1099314720758909,0.5675047039985657,0.9593495726585388,0.12244872003793716,0.8350817477934206
qsar,half,0.0,13,30,False,ctrlB,replay,14,0.924119234085083,0.8448027099948376,0.844936728477478,0.04898251404490653,0.4001544713973999,0.924119234085083,0.20622876286506653,2.625560238149233
qsar,half,0.0,13,30,False,ctrlB,reverse,14,0.9430894255638123,0.8567474379960913,0.8417721390724182,0.09366548014215277,0.5472916960716248,0.9430894255638123,0.1576775461435318,2.625560238149233
qsar,half,0.0,13,30,False,ctrlB,constant,14,0.9295393228530884,0.8504924909939291,0.844936728477478,0.04738466818875904,0.4194057881832123,0.9295393228530884,0.18737810850143433,2.6255602381492325
qsar,half,0.0,14,30,False,ctrlA,replay,10,0.9756097793579102,0.854163548006909,0.8386076092720032,0.0898085189393804,0.517759382724762,0.9756097793579102,0.07991670072078705,0.7463457884993788
qsar,half,0.0,14,30,False,ctrlA,reverse,10,0.9756097793579102,0.8451006319955923,0.8386076092720032,0.10793658421386645,0.5621774196624756,0.9756097793579102,0.07939423620700836,0.7463457884993788
qsar,half,0.0,14,30,False,ctrlA,constant,10,0.9728997349739075,0.8583705849887338,0.8417721390724182,0.09163875557199308,0.5298566818237305,0.9728997349739075,0.0800059363245964,0.7463457884993787
qsar,half,0.0,14,30,False,ctrlB,replay,10,0.9268292784690857,0.8503709310025442,0.8354430198669434,0.039600235374667975,0.37297362089157104,0.9268292784690857,0.19934600591659546,3.0035957432144875
qsar,half,0.0,14,30,False,ctrlB,reverse,10,0.9295393228530884,0.8648555370018585,0.8259493708610535,0.08724274137352087,0.4570483863353729,0.9295393228530884,0.1460641324520111,3.0035957432144875
qsar,half,0.0,14,30,False,ctrlB,constant,10,0.9268292784690857,0.8430541699926835,0.8354430198669434,0.05864249773417848,0.37957730889320374,0.9268292784690857,0.17983703315258026,3.0035957432144875
qsar,half,0.2,10,30,False,ctrlA,replay,11,0.8536585569381714,0.85404553898843,0.8259493708610535,0.08924045715528198,0.5124393105506897,0.8970189690589905,0.25720855593681335,0.8044034430624204
qsar,half,0.2,10,30,False,ctrlA,reverse,11,0.8238482475280762,0.854153791005956,0.8069620132446289,0.09963277567036544,0.5941718816757202,0.9268292784690857,0.21687838435173035,0.8044034430624204
qsar,half,0.2,10,30,False,ctrlA,constant,11,0.8428184390068054,0.8523634759912966,0.8354430198669434,0.08748180296602129,0.5440065264701843,0.9078590869903564,0.2404640018939972,0.8044034430624202
qsar,half,0.2,10,30,False,ctrlB,replay,11,0.8672086596488953,0.8606029320071684,0.8291139006614685,0.07524402552767645,0.4635189473628998,0.8455284833908081,0.356980562210083,1.7068273226021524
qsar,half,0.2,10,30,False,ctrlB,reverse,11,0.8346883654594421,0.8650453459995333,0.8227847814559937,0.10268272129417975,0.5684428811073303,0.8943089246749878,0.26198551058769226,1.7068273226021524
qsar,half,0.2,10,30,False,ctrlB,constant,11,0.8536585569381714,0.8551982680073706,0.8101266026496887,0.08225977189744575,0.48230502009391785,0.869918704032898,0.3169129192829132,1.7068273226021526
qsar,half,0.2,11,30,False,ctrlA,replay,12,0.848238468170166,0.8541301020013634,0.7689873576164246,0.05608177939547768,0.5560594797134399,0.8970189690589905,0.27247318625450134,0.8565029801271027
qsar,half,0.2,11,30,False,ctrlA,reverse,12,0.8536585569381714,0.8314633910049452,0.753164529800415,0.09733273871714555,0.5995314121246338,0.9024389982223511,0.24547581374645233,0.8565029801271027
qsar,half,0.2,11,30,False,ctrlA,constant,12,0.848238468170166,0.8218489319988294,0.7594936490058899,0.06698282327078565,0.5643414855003357,0.9024389982223511,0.2579711377620697,0.8565029801271029
qsar,half,0.2,11,30,False,ctrlB,replay,12,0.8401083946228027,0.8236569360014983,0.7689873576164246,0.06066700684118875,0.5189890265464783,0.8075881004333496,0.44854533672332764,2.067430100200506
qsar,half,0.2,11,30,False,ctrlB,reverse,12,0.8428184390068054,0.8358290699979989,0.7626582384109497,0.08259201144115834,0.562449038028717,0.848238468170166,0.34648215770721436,2.067430100200506
qsar,half,0.2,11,30,False,ctrlB,constant,12,0.8346883654594421,0.8404005140037043,0.7563291192054749,0.07046745547765418,0.524624764919281,0.8401083946228027,0.39700955152511597,2.067430100200506
qsar,half,0.2,12,30,False,ctrlA,replay,13,0.7859078645706177,0.8425545520003652,0.7911392450332642,0.06147787993467307,0.5337965488433838,0.9105691313743591,0.2573971748352051,0.7648644216518566
qsar,half,0.2,12,30,False,ctrlA,reverse,13,0.7750677466392517,0.8355778420082061,0.7848101258277893,0.107753891545006,0.6290920376777649,0.9051490426063538,0.2298932820558548,0.7648644216518566
qsar,half,0.2,12,30,False,ctrlA,constant,13,0.772357702255249,0.839807443000609,0.7911392450332642,0.08108568587635137,0.5578328967094421,0.8970189690589905,0.24971242249011993,0.7648644216518565
qsar,half,0.2,12,30,False,ctrlB,replay,13,0.8184281587600708,0.8388498040003469,0.8101266026496887,0.09600343847576578,0.4845265746116638,0.8780487775802612,0.35375648736953735,1.817650699854543
qsar,half,0.2,12,30,False,ctrlB,reverse,13,0.772357702255249,0.8465041970048333,0.7721518874168396,0.07743097841739655,0.5788631439208984,0.8861788511276245,0.27310001850128174,1.817650699854543
qsar,half,0.2,12,30,False,ctrlB,constant,13,0.7994579672813416,0.8413853109959746,0.797468364238739,0.05064602139629895,0.4852864146232605,0.8807588219642639,0.31739628314971924,1.817650699854543
qsar,half,0.2,13,30,False,ctrlA,replay,14,0.848238468170166,0.8666675759886857,0.7658227682113647,0.09094974615528614,0.5858048796653748,0.8888888955116272,0.26464810967445374,0.6972223798580472
qsar,half,0.2,13,30,False,ctrlA,reverse,14,0.8536585569381714,0.8493851339881076,0.746835470199585,0.13441613495727128,0.6851893067359924,0.8943089246749878,0.24765852093696594,0.6972223798580472
qsar,half,0.2,13,30,False,ctrlA,constant,14,0.8563685417175293,0.8700985209870851,0.7563291192054749,0.10793298822415028,0.634102463722229,0.8915989398956299,0.2639046013355255,0.697222379858047
qsar,half,0.2,13,30,False,ctrlB,replay,14,0.8536585569381714,0.8526033099915367,0.797468364238739,0.05528998733321323,0.4714992940425873,0.8401083946228027,0.3808838427066803,1.9851660737629588
qsar,half,0.2,13,30,False,ctrlB,reverse,14,0.859078586101532,0.8533259129908402,0.7689873576164246,0.10314029389167136,0.5898957848548889,0.8726287484169006,0.3139781653881073,1.9851660737629588
qsar,half,0.2,13,30,False,ctrlB,constant,14,0.859078586101532,0.8275902870082064,0.800632894039154,0.06662926143860515,0.4932507276535034,0.8509485125541687,0.35200971364974976,1.985166073762959
qsar,half,0.2,14,30,False,ctrlA,replay,10,0.8211382031440735,0.835088118998101,0.7310126423835754,0.10393317675665964,0.6130362153053284,0.9024389982223511,0.2671493887901306,0.8108175120642207
qsar,half,0.2,14,30,False,ctrlA,reverse,10,0.8184281587600708,0.8448236620024545,0.7088607549667358,0.13259988320590574,0.6739025115966797,0.9105691313743591,0.24636924266815186,0.8108175120642207
qsar,half,0.2,14,30,False,ctrlA,constant,10,0.8238482475280762,0.8545398459973512,0.7341772317886353,0.08772963059099415,0.6154888272285461,0.9105691313743591,0.25299587845802307,0.8108175120642207
qsar,half,0.2,14,30,False,ctrlB,replay,10,0.8401083946228027,0.8324450709915254,0.7373417615890503,0.060015587489816204,0.5082042813301086,0.8509485125541687,0.37587255239486694,2.045101756057998
qsar,half,0.2,14,30,False,ctrlB,reverse,10,0.8102980852127075,0.838243436999619,0.699367105960846,0.11541807019635092,0.6240146160125732,0.8753387331962585,0.30428487062454224,2.045101756057998
qsar,half,0.2,14,30,False,ctrlB,constant,10,0.8211382031440735,0.7739313380006934,0.7278481125831604,0.06857642663430563,0.5294053554534912,0.869918704032898,0.3441702425479889,2.045101756057998
waveform,full,0.0,10,30,False,ctrlA,replay,11,0.9257143139839172,1.0473620249977103,0.8613333106040955,0.022908634384473166,0.3245348632335663,0.9257143139839172,0.2017204910516739,2.364884136677527
waveform,full,0.0,10,30,False,ctrlA,reverse,11,0.9314285516738892,0.9853752970084315,0.8546666502952576,0.0579122066895167,0.3593212068080902,0.9314285516738892,0.17045770585536957,2.364884136677527
waveform,full,0.0,10,30,False,ctrlA,constant,11,0.9294285774230957,0.9903132720064605,0.8513333201408386,0.03278666877746582,0.3401105999946594,0.9294285774230957,0.18746991455554962,2.3648841366775275
waveform,full,0.0,10,30,False,ctrlB,replay,11,0.8857142925262451,1.0981686470040586,0.8700000047683716,0.03070735897620519,0.3153282105922699,0.8857142925262451,0.2813442349433899,5.76946701329805
waveform,full,0.0,10,30,False,ctrlB,reverse,11,0.8891428709030151,0.9925483840052038,0.862666666507721,0.03184624270598094,0.32415714859962463,0.8891428709030151,0.2578679621219635,5.76946701329805
waveform,full,0.0,10,30,False,ctrlB,constant,11,0.8894285559654236,0.9661700169963297,0.8653333187103271,0.029207810084025065,0.31698617339134216,0.8894285559654236,0.2784649729728699,5.7694670132980495
waveform,full,0.0,11,30,False,ctrlA,replay,12,0.920285701751709,0.949535146006383,0.8506666421890259,0.023437599420547486,0.3200400471687317,0.920285701751709,0.20367325842380524,2.5611009836841965
waveform,full,0.0,11,30,False,ctrlA,reverse,12,0.9334285855293274,0.9642579879873665,0.8513333201408386,0.0562897138595581,0.344442754983902,0.9334285855293274,0.1672489047050476,2.5611009836841965
waveform,full,0.0,11,30,False,ctrlA,constant,12,0.9262857437133789,0.9966378230019473,0.8533333539962769,0.03217121426264445,0.3200671672821045,0.9262857437133789,0.19384078681468964,2.5611009836841965
waveform,full,0.0,11,30,False,ctrlB,replay,12,0.8845714330673218,0.9762002960051177,0.8679999709129333,0.03858626186847687,0.3183871805667877,0.8845714330673218,0.28522637486457825,5.3844851191594465
waveform,full,0.0,11,30,False,ctrlB,reverse,12,0.8937143087387085,0.9841249690070981,0.8640000224113464,0.029058544874191284,0.313903272151947,0.8937143087387085,0.24173277616500854,5.3844851191594465
waveform,full,0.0,11,30,False,ctrlB,constant,12,0.8857142925262451,1.0065458880126243,0.8679999709129333,0.022557769576708478,0.31500184535980225,0.8857142925262451,0.2713215947151184,5.3844851191594465
waveform,full,0.0,12,30,False,ctrlA,replay,13,0.9182857275009155,1.0218636390054598,0.859333336353302,0.023438258250554404,0.3301934003829956,0.9182857275009155,0.20411816239356995,2.576804874171337
waveform,full,0.0,12,30,False,ctrlA,reverse,13,0.9297142624855042,0.9587954189919401,0.8493333458900452,0.06293374109268188,0.3657678961753845,0.9297142624855042,0.16311970353126526,2.576804874171337
waveform,full,0.0,12,30,False,ctrlA,constant,13,0.9248571395874023,0.9946610229962971,0.8526666760444641,0.036344075759251915,0.3353530466556549,0.9248571395874023,0.18650850653648376,2.576804874171337
waveform,full,0.0,12,30,False,ctrlB,replay,13,0.8845714330673218,0.9312402429932263,0.8579999804496765,0.011917973279953004,0.3393544554710388,0.8845714330673218,0.2872038781642914,5.374202869831353
waveform,full,0.0,12,30,False,ctrlB,reverse,13,0.8899999856948853,0.9432860079978127,0.8526666760444641,0.04357355566819508,0.34938085079193115,0.8899999856948853,0.25261926651000977,5.374202869831353
waveform,full,0.0,12,30,False,ctrlB,constant,13,0.8888571262359619,0.9542418170021847,0.8553333282470703,0.015026015718777977,0.33958759903907776,0.8888571262359619,0.2805368900299072,5.374202869831352
waveform,full,0.0,13,30,False,ctrlA,replay,14,0.9228571653366089,0.9454982570023276,0.8579999804496765,0.03753598254919052,0.34029754996299744,0.9228571653366089,0.19841903448104858,2.5179164643305656
waveform,full,0.0,13,30,False,ctrlA,reverse,14,0.9345714449882507,0.963977743012947,0.8426666855812073,0.07315807759761811,0.39309316873550415,0.9345714449882507,0.15758353471755981,2.5179164643305656
waveform,full,0.0,13,30,False,ctrlA,constant,14,0.9334285855293274,0.959767031003139,0.8533333539962769,0.04753222564856211,0.3500291407108307,0.9334285855293274,0.17849485576152802,2.517916464330566
waveform,full,0.0,13,30,False,ctrlB,replay,14,0.8882856965065002,0.9670827189984266,0.8600000143051147,0.017503978729248047,0.3320014476776123,0.8882856965065002,0.2704956829547882,5.208568578735258
waveform,full,0.0,13,30,False,ctrlB,reverse,14,0.8962857127189636,0.9378404330054764,0.8560000061988831,0.04807658402125041,0.3538143038749695,0.8962857127189636,0.23047930002212524,5.208568578735258
waveform,full,0.0,13,30,False,ctrlB,constant,14,0.8899999856948853,0.9865024940081639,0.8619999885559082,0.01036651881535848,0.3299975097179413,0.8899999856948853,0.26479336619377136,5.208568578735258
waveform,full,0.0,14,30,False,ctrlA,replay,10,0.9291428327560425,0.9753537439974025,0.8573333621025085,0.02634776743253072,0.32099705934524536,0.9291428327560425,0.18810562789440155,2.368353412123937
waveform,full,0.0,14,30,False,ctrlA,reverse,10,0.9422857165336609,0.9532662840065314,0.8526666760444641,0.060681131859620416,0.3547164797782898,0.9422857165336609,0.15246769785881042,2.368353412123937
waveform,full,0.0,14,30,False,ctrlA,constant,10,0.9334285855293274,0.9823405159986578,0.8513333201408386,0.0391187820037206,0.3243543207645416,0.9334285855293274,0.1753988265991211,2.3683534121239367
waveform,full,0.0,14,30,False,ctrlB,replay,10,0.8934285640716553,1.027806611993583,0.8653333187103271,0.026753892421722415,0.31694433093070984,0.8934285640716553,0.27519142627716064,5.41251975361389
waveform,full,0.0,14,30,False,ctrlB,reverse,10,0.8937143087387085,0.9271111800044309,0.8640000224113464,0.0386420086423556,0.3182802200317383,0.8937143087387085,0.23994414508342743,5.41251975361389
waveform,full,0.0,14,30,False,ctrlB,constant,10,0.8931428790092468,0.9689097609953023,0.8686666488647461,0.02174083419640859,0.3134189546108246,0.8931428790092468,0.26663798093795776,5.412519753613889
waveform,full,0.2,10,30,False,ctrlA,replay,11,0.8485714197158813,1.0088319150090683,0.8013333082199097,0.08149095547199249,0.5436921715736389,0.7825714349746704,0.5831012725830078,1.8153452077630001
waveform,full,0.2,10,30,False,ctrlA,reverse,11,0.8308571577072144,1.0125458280090243,0.7593333125114441,0.0335762930115064,0.6127539873123169,0.7911428809165955,0.5448998808860779,1.8153452077630001
waveform,full,0.2,10,30,False,ctrlA,constant,11,0.8497142791748047,0.9878095280000707,0.7786666750907898,0.0532941073179245,0.5650892853736877,0.7945713996887207,0.5513244867324829,1.8153452077630003
waveform,full,0.2,10,30,False,ctrlB,replay,11,0.8731428384780884,1.01670640600787,0.8360000252723694,0.15305098668734232,0.5099943280220032,0.7385714054107666,0.695928692817688,4.4107780374828796
waveform,full,0.2,10,30,False,ctrlB,reverse,11,0.8600000143051147,1.0050747409986798,0.8193333148956299,0.10413552083571752,0.5003125071525574,0.7417142987251282,0.6770361065864563,4.4107780374828796
waveform,full,0.2,10,30,False,ctrlB,constant,11,0.8642857074737549,0.9755752799974289,0.8379999995231628,0.15240278561909995,0.5099650025367737,0.7379999756813049,0.6910538673400879,4.4107780374828796
waveform,full,0.2,11,30,False,ctrlA,replay,12,0.8537142872810364,1.0524930660030805,0.8026666641235352,0.07758173443873723,0.5286118388175964,0.7751428484916687,0.5951634049415588,1.8649741504664663
waveform,full,0.2,11,30,False,ctrlA,reverse,12,0.8497142791748047,0.9329125259973807,0.7866666913032532,0.05358181446790694,0.5787026286125183,0.7954285740852356,0.5373286008834839,1.8649741504664663
waveform,full,0.2,11,30,False,ctrlA,constant,12,0.854285717010498,0.9766992969962303,0.7986666560173035,0.06176747570435205,0.5320925116539001,0.7822856903076172,0.5680981874465942,1.8649741504664665
waveform,full,0.2,11,30,False,ctrlB,replay,12,0.8691428303718567,0.9648818499990739,0.8486666679382324,0.1474378846883774,0.48301127552986145,0.7354285717010498,0.6914669871330261,3.9477517335735577
waveform,full,0.2,11,30,False,ctrlB,reverse,12,0.8668571710586548,0.9402064260066254,0.8299999833106995,0.09536812335252763,0.4863853454589844,0.7528571486473083,0.6577611565589905,3.9477517335735577
waveform,full,0.2,11,30,False,ctrlB,constant,12,0.8668571710586548,0.9488900470023509,0.8360000252723694,0.12954709631204606,0.4829165041446686,0.7428571581840515,0.6800690293312073,3.9477517335735577
waveform,full,0.2,12,30,False,ctrlA,replay,13,0.8577142953872681,0.9814321529993322,0.8159999847412109,0.08493842836221058,0.5056739449501038,0.7662857174873352,0.610760509967804,2.011866856564402
waveform,full,0.2,12,30,False,ctrlA,reverse,13,0.8379999995231628,0.9732234880066244,0.8006666898727417,0.04084189343452453,0.5384079217910767,0.7785714268684387,0.5650891661643982,2.011866856564402
waveform,full,0.2,12,30,False,ctrlA,constant,13,0.8585714101791382,0.9870055789942853,0.8186666369438171,0.07729895919561386,0.5056324005126953,0.7757142782211304,0.5908456444740295,2.0118668565644025
waveform,full,0.2,12,30,False,ctrlB,replay,13,0.8634285926818848,0.9694504859944573,0.8333333134651184,0.13489749614397686,0.49348148703575134,0.7302857041358948,0.7142239212989807,4.127276626886264
waveform,full,0.2,12,30,False,ctrlB,reverse,13,0.8568571209907532,0.9797002600098494,0.8326666951179504,0.09515965404113136,0.48705142736434937,0.7425714135169983,0.6720576286315918,4.127276626886264
waveform,full,0.2,12,30,False,ctrlB,constant,13,0.8662857413291931,0.9945809539931361,0.840666651725769,0.1349912737409274,0.4926315248012543,0.7391428351402283,0.6942207217216492,4.127276626886263
waveform,full,0.2,13,30,False,ctrlA,replay,14,0.8799999952316284,1.0410778329969617,0.8233333230018616,0.06389172371228535,0.4855732321739197,0.7862856984138489,0.5661875009536743,1.9697709288395175
waveform,full,0.2,13,30,False,ctrlA,reverse,14,0.8677142858505249,0.9862417480035219,0.7860000133514404,0.03131674297650655,0.559267520904541,0.8057143092155457,0.5043996572494507,1.9697709288395175
waveform,full,0.2,13,30,False,ctrlA,constant,14,0.8768571615219116,1.007464202994015,0.8206666707992554,0.05906964550415674,0.5113822817802429,0.7922857403755188,0.5408397316932678,1.9697709288395178
waveform,full,0.2,13,30,False,ctrlB,replay,14,0.871999979019165,0.9410868010018021,0.8413333296775818,0.1378235807220141,0.47279900312423706,0.7374285459518433,0.6948947310447693,4.486970050309446
waveform,full,0.2,13,30,False,ctrlB,reverse,14,0.8734285831451416,0.9165021920052823,0.8253333568572998,0.07241352268060047,0.46526777744293213,0.7557142972946167,0.6557422280311584,4.486970050309446
waveform,full,0.2,13,30,False,ctrlB,constant,14,0.8705714344978333,0.9544377659913152,0.8386666774749756,0.12499573328097663,0.47252222895622253,0.7442857027053833,0.6802454590797424,4.486970050309446
waveform,full,0.2,14,30,False,ctrlA,replay,10,0.8722857236862183,0.95841950000613,0.8073333501815796,0.0692974094748497,0.516633152961731,0.7697142958641052,0.6036136150360107,1.9535815275129942
waveform,full,0.2,14,30,False,ctrlA,reverse,10,0.8502857089042664,0.977442831004737,0.7833333611488342,0.05387842747569084,0.574878990650177,0.7874285578727722,0.5551062822341919,1.9535815275129942
waveform,full,0.2,14,30,False,ctrlA,constant,10,0.8625714182853699,0.9626404370064847,0.8100000023841858,0.06701279320319493,0.5242651700973511,0.7788571715354919,0.5827215909957886,1.9535815275129944
waveform,full,0.2,14,30,False,ctrlB,replay,10,0.8648571372032166,0.9198142270033713,0.8379999995231628,0.14139608917633695,0.4930869936943054,0.7277143001556396,0.7152758240699768,4.144699366613943
waveform,full,0.2,14,30,False,ctrlB,reverse,10,0.8611428737640381,0.9298811639891937,0.8166666626930237,0.07379746856292088,0.4933375120162964,0.7437142729759216,0.6749905943870544,4.144699366613943
waveform,full,0.2,14,30,False,ctrlB,constant,10,0.8657143115997314,0.9286680950026494,0.8373333215713501,0.12892878796656926,0.4845511019229889,0.7300000190734863,0.7037051916122437,4.144699366613943
waveform,half,0.0,10,30,False,ctrlA,replay,11,0.972000002861023,0.9785818559903419,0.8420000076293945,0.043435903867085776,0.34977635741233826,0.972000002861023,0.11201447993516922,3.074591535243161
waveform,half,0.0,10,30,False,ctrlA,reverse,11,0.9908571243286133,0.974499846008257,0.8393333554267883,0.10079874420166016,0.4707776606082916,0.9908571243286133,0.047655139118433,3.074591535243161
waveform,half,0.0,10,30,False,ctrlA,constant,11,0.9800000190734863,0.9683408850105479,0.8453333377838135,0.05627491070826848,0.3768729269504547,0.9800000190734863,0.09185350686311722,3.0745915352431603
waveform,half,0.0,10,30,False,ctrlB,replay,11,0.9171428680419922,0.995093686011387,0.8573333621025085,0.01505752791961034,0.3326890766620636,0.9171428680419922,0.24344636499881744,6.318556061688056
waveform,half,0.0,10,30,False,ctrlB,reverse,11,0.9422857165336609,0.9440884630021174,0.8519999980926514,0.06165340304374695,0.3751263916492462,0.9422857165336609,0.15326501429080963,6.318556061688056
waveform,half,0.0,10,30,False,ctrlB,constant,11,0.9217143058776855,0.9514489510038402,0.8573333621025085,0.020923602283000945,0.33342328667640686,0.9217143058776855,0.2225484400987625,6.318556061688056
waveform,half,0.0,11,30,False,ctrlA,replay,12,0.9811428785324097,0.9171249310020357,0.8506666421890259,0.04686733001470566,0.34430569410324097,0.9811428785324097,0.11145284026861191,3.213625514744905
waveform,half,0.0,11,30,False,ctrlA,reverse,12,0.9902856945991516,0.9406274880020646,0.8579999804496765,0.08282981510957083,0.44249227643013,0.9902856945991516,0.049357496201992035,3.213625514744905
waveform,half,0.0,11,30,False,ctrlA,constant,12,0.982285737991333,0.9534013399970718,0.8600000143051147,0.04689240910609563,0.35127970576286316,0.982285737991333,0.0934540405869484,3.213625514744905
waveform,half,0.0,11,30,False,ctrlB,replay,12,0.9062857031822205,0.9671436760108918,0.8619999885559082,0.037641282339890794,0.3274151086807251,0.9062857031822205,0.25376760959625244,6.512713183259677
waveform,half,0.0,11,30,False,ctrlB,reverse,12,0.9354285597801208,0.9464003690081881,0.8659999966621399,0.05094359389940897,0.338894784450531,0.9354285597801208,0.1590443104505539,6.512713183259677
waveform,half,0.0,11,30,False,ctrlB,constant,12,0.9142857193946838,0.891900173999602,0.8586666584014893,0.01863893546660741,0.3154391944408417,0.9142857193946838,0.22516880929470062,6.5127131832596765
waveform,half,0.0,12,30,False,ctrlA,replay,13,0.9639999866485596,0.907883663996472,0.8526666760444641,0.03716894845167796,0.33815354108810425,0.9639999866485596,0.12658856809139252,3.153623809209859
waveform,half,0.0,12,30,False,ctrlA,reverse,13,0.9851428866386414,0.936801578005543,0.8560000061988831,0.08287263057629268,0.43786174058914185,0.9851428866386414,0.05998803302645683,3.153623809209859
waveform,half,0.0,12,30,False,ctrlA,constant,13,0.9765714406967163,0.9818027220026124,0.862666666507721,0.05507770633697509,0.34729909896850586,0.9765714406967163,0.10239120572805405,3.153623809209859
waveform,half,0.0,12,30,False,ctrlB,replay,13,0.9079999923706055,0.9345314879901707,0.8606666922569275,0.03246708190441131,0.3239525854587555,0.9079999923706055,0.25120672583580017,6.693029973197453
waveform,half,0.0,12,30,False,ctrlB,reverse,13,0.9411428570747375,0.9577602749923244,0.8539999723434448,0.0650475536386172,0.37750357389450073,0.9411428570747375,0.1557498723268509,6.693029973197453
waveform,half,0.0,12,30,False,ctrlB,constant,13,0.9205714464187622,0.9273251019913005,0.862666666507721,0.011742876072724659,0.32339048385620117,0.9205714464187622,0.2282067835330963,6.6930299731974525
waveform,half,0.0,13,30,False,ctrlA,replay,14,0.9702857136726379,0.9859549019893166,0.8513333201408386,0.035685515284538276,0.3551926612854004,0.9702857136726379,0.115686796605587,3.287927892006213
waveform,half,0.0,13,30,False,ctrlA,reverse,14,0.9919999837875366,1.0344916300091427,0.843999981880188,0.09546610188484192,0.49090132117271423,0.9919999837875366,0.047654807567596436,3.287927892006213
waveform,half,0.0,13,30,False,ctrlA,constant,14,0.978857159614563,1.075841790996492,0.8506666421890259,0.04796850428978602,0.37184256315231323,0.978857159614563,0.09487954527139664,3.2879278920062127
waveform,half,0.0,13,30,False,ctrlB,replay,14,0.9222857356071472,0.9352959969983203,0.8613333106040955,0.02654029440879822,0.3362250030040741,0.9222857356071472,0.21850328147411346,6.156043360376621
waveform,half,0.0,13,30,False,ctrlB,reverse,14,0.9639999866485596,0.9326058820006438,0.8420000076293945,0.0760113270878792,0.4102945923805237,0.9639999866485596,0.10868477076292038,6.156043360376621
waveform,half,0.0,13,30,False,ctrlB,constant,14,0.9359999895095825,0.9616901440022048,0.859333336353302,0.019855471034844717,0.3374323844909668,0.9359999895095825,0.19579820334911346,6.1560433603766205
waveform,half,0.0,14,30,False,ctrlA,replay,10,0.9697142839431763,0.9309204169985605,0.8493333458900452,0.04126873739560445,0.35415828227996826,0.9697142839431763,0.1287134736776352,3.3590042662782107
waveform,half,0.0,14,30,False,ctrlA,reverse,10,0.9857142567634583,0.925742370003718,0.8393333554267883,0.09354641125599543,0.476392537355423,0.9857142567634583,0.05764016881585121,3.3590042662782107
waveform,half,0.0,14,30,False,ctrlA,constant,10,0.9777143001556396,0.9712341919948813,0.8426666855812073,0.05365116465091705,0.37788471579551697,0.9777143001556396,0.10721401870250702,3.3590042662782107
waveform,half,0.0,14,30,False,ctrlB,replay,10,0.9211428761482239,0.9340012980101164,0.8666666746139526,0.03395691128571828,0.32372909784317017,0.9211428761482239,0.24897898733615875,6.58355597911606
waveform,half,0.0,14,30,False,ctrlB,reverse,10,0.9388571381568909,0.9172059020056622,0.859333336353302,0.05705307904879252,0.35924357175827026,0.9388571381568909,0.1571999043226242,6.58355597911606
waveform,half,0.0,14,30,False,ctrlB,constant,10,0.9257143139839172,0.9304545269988012,0.8606666922569275,0.023907907565434774,0.32156822085380554,0.9257143139839172,0.2289101630449295,6.58355597911606
waveform,half,0.2,10,30,False,ctrlA,replay,11,0.8634285926818848,0.9989691999944625,0.762666642665863,0.041442096332709004,0.6050102710723877,0.8811428546905518,0.3805542290210724,2.8595018450220437
waveform,half,0.2,10,30,False,ctrlA,reverse,11,0.8382856845855713,0.9660814279923216,0.7120000123977661,0.13152466013034186,0.8860231637954712,0.9365714192390442,0.22351108491420746,2.8595018450220437
waveform,half,0.2,10,30,False,ctrlA,constant,11,0.8531428575515747,0.9555217430024641,0.7473333477973938,0.05581573377052943,0.6491919755935669,0.9028571248054504,0.33342885971069336,2.8595018450220437
waveform,half,0.2,10,30,False,ctrlB,replay,11,0.8697142601013184,0.9467909759987378,0.7960000038146973,0.10307663110891978,0.5457828640937805,0.800000011920929,0.5842422842979431,5.547791488119794
waveform,half,0.2,10,30,False,ctrlB,reverse,11,0.8577142953872681,0.9215893070067978,0.7519999742507935,0.04841658667723338,0.6359507441520691,0.8479999899864197,0.4358915090560913,5.547791488119794
waveform,half,0.2,10,30,False,ctrlB,constant,11,0.8674286007881165,0.975161651003873,0.7826666831970215,0.07296049602826438,0.5587620735168457,0.8165714144706726,0.5464282035827637,5.5477914881197945
waveform,half,0.2,11,30,False,ctrlA,replay,12,0.8411428332328796,1.132758873005514,0.7639999985694885,0.03161828718582789,0.5876700282096863,0.8674286007881165,0.40384426712989807,2.9710802604967665
waveform,half,0.2,11,30,False,ctrlA,reverse,12,0.8182857036590576,0.9951783799915574,0.7213333249092102,0.12083364037672678,0.8235094547271729,0.9342857003211975,0.2335767298936844,2.9710802604967665
waveform,half,0.2,11,30,False,ctrlA,constant,12,0.842285692691803,0.94353421399137,0.7379999756813049,0.04338834164539973,0.6268388032913208,0.8937143087387085,0.347476065158844,2.9710802604967665
waveform,half,0.2,11,30,False,ctrlB,replay,12,0.8697142601013184,0.9430666269909125,0.8320000171661377,0.14198000492652257,0.5122320055961609,0.7565714120864868,0.62664794921875,5.802362767631164
waveform,half,0.2,11,30,False,ctrlB,reverse,12,0.847428560256958,0.9488033180095954,0.7733333110809326,0.041609615544478104,0.5659687519073486,0.8377143144607544,0.4592027962207794,5.802362767631164
waveform,half,0.2,11,30,False,ctrlB,constant,12,0.8708571195602417,0.9788793089974206,0.8253333568572998,0.11786473164955776,0.5117839574813843,0.7834285497665405,0.5803821086883545,5.802362767631164
waveform,half,0.2,12,30,False,ctrlA,replay,13,0.8434285521507263,0.9597486550046597,0.765333354473114,0.03696232004960378,0.5785201191902161,0.871999979019165,0.40824246406555176,3.0413758006402984
waveform,half,0.2,12,30,False,ctrlA,reverse,13,0.817714273929596,0.9134096790076001,0.7206666469573975,0.11330191612243652,0.7752248644828796,0.9079999923706055,0.26783275604248047,3.0413758006402984
waveform,half,0.2,12,30,False,ctrlA,constant,13,0.829714298248291,0.9144159269926604,0.7639999985694885,0.03443549799919129,0.5850113034248352,0.8822857141494751,0.3638107180595398,3.0413758006402984
waveform,half,0.2,12,30,False,ctrlB,replay,13,0.8560000061988831,0.9389551960048266,0.8253333568572998,0.13093396435181298,0.5153219103813171,0.7617142796516418,0.641583263874054,6.020040069508303
waveform,half,0.2,12,30,False,ctrlB,reverse,13,0.8382856845855713,0.9839103470003465,0.7693333625793457,0.031180681824684146,0.5900622010231018,0.8354285955429077,0.4730423390865326,6.020040069508303
waveform,half,0.2,12,30,False,ctrlB,constant,13,0.8462857007980347,1.0100132770021446,0.8140000104904175,0.10359530069430671,0.523682177066803,0.7845714092254639,0.5952688455581665,6.020040069508302
waveform,half,0.2,13,30,False,ctrlA,replay,14,0.847428560256958,0.9939688929880504,0.7580000162124634,0.020639206965764365,0.5890874266624451,0.8645714521408081,0.3821597397327423,3.0364840812394984
waveform,half,0.2,13,30,False,ctrlA,reverse,14,0.821142852306366,0.939522268003202,0.7160000205039978,0.13015019450585047,0.8459751605987549,0.9234285950660706,0.22203737497329712,3.0364840812394984
waveform,half,0.2,13,30,False,ctrlA,constant,14,0.845714271068573,0.9242387309932383,0.7446666955947876,0.049309408803780874,0.6230929493904114,0.8868571519851685,0.32853758335113525,3.0364840812394993
waveform,half,0.2,13,30,False,ctrlB,replay,14,0.8811428546905518,0.894971721994807,0.8326666951179504,0.13088100842634837,0.4972330331802368,0.7714285850524902,0.6077635288238525,5.922329146366974
waveform,half,0.2,13,30,False,ctrlB,reverse,14,0.8519999980926514,0.9663454300025478,0.7739999890327454,0.055679024259249366,0.5965179800987244,0.8377143144607544,0.44107383489608765,5.922329146366974
waveform,half,0.2,13,30,False,ctrlB,constant,14,0.8857142925262451,0.9437740150024183,0.8113333582878113,0.09539677099386851,0.5072962045669556,0.7902857065200806,0.5621436238288879,5.922329146366973
waveform,half,0.2,14,30,False,ctrlA,replay,10,0.8565714359283447,0.887907409996842,0.768666684627533,0.042322493573029835,0.5720434784889221,0.8399999737739563,0.45412224531173706,3.1766371059115097
waveform,half,0.2,14,30,False,ctrlA,reverse,10,0.8222857117652893,0.891492675000336,0.7099999785423279,0.12348439035813014,0.8873080015182495,0.8948571681976318,0.2986854314804077,3.1766371059115097
waveform,half,0.2,14,30,False,ctrlA,constant,10,0.8497142791748047,0.9028043090074789,0.7599999904632568,0.04139927676320076,0.6157113313674927,0.8571428656578064,0.4095816910266876,3.1766371059115097
waveform,half,0.2,14,30,False,ctrlB,replay,10,0.8731428384780884,0.8764755209995201,0.8273333311080933,0.135458216269811,0.5050315260887146,0.7577142715454102,0.6440132260322571,6.024296757302234
waveform,half,0.2,14,30,False,ctrlB,reverse,10,0.843999981880188,0.8783598279987928,0.7806666493415833,0.04496155059337616,0.5980662703514099,0.821142852306366,0.4885141849517822,6.024296757302234
waveform,half,0.2,14,30,False,ctrlB,constant,10,0.8697142601013184,0.941914645009092,0.8213333487510681,0.11203762630621593,0.5096337795257568,0.7714285850524902,0.6011958122253418,6.024296757302235
mfeat,full,0.0,10,30,False,ctrlA,replay,11,0.9907143115997314,0.8509390039980644,0.9633333086967468,0.07160446311036746,0.17211952805519104,0.9907143115997314,0.09801697731018066,2.602812034208599
mfeat,full,0.0,10,30,False,ctrlA,reverse,11,0.9964285492897034,0.8190395919955336,0.9599999785423279,0.019887424757083258,0.12563973665237427,0.9964285492897034,0.035899367183446884,2.602812034208599
mfeat,full,0.0,10,30,False,ctrlA,constant,11,0.9928571581840515,0.8225328819971764,0.9649999737739563,0.07194209486246109,0.16924087703227997,0.9928571581840515,0.09267910569906235,2.6028120342085987
mfeat,full,0.0,10,30,False,ctrlB,replay,11,0.9721428751945496,0.8300368310010526,0.9466666579246521,0.17991543429593246,0.3345075249671936,0.9721428751945496,0.284801185131073,4.631495583311379
mfeat,full,0.0,10,30,False,ctrlB,reverse,11,0.9892857074737549,0.8322677929972997,0.9516666531562805,0.027997243404388424,0.14483505487442017,0.9892857074737549,0.05901138484477997,4.631495583311379
mfeat,full,0.0,10,30,False,ctrlB,constant,11,0.9778571724891663,0.8538815170031739,0.95333331823349,0.1327453707655271,0.26453444361686707,0.9778571724891663,0.20710277557373047,4.631495583311377
mfeat,full,0.0,11,30,False,ctrlA,replay,12,0.9900000095367432,0.8476939390093321,0.9599999785423279,0.08126326764623325,0.18077951669692993,0.9900000095367432,0.11079937219619751,2.6540847657998765
mfeat,full,0.0,11,30,False,ctrlA,reverse,12,0.9950000047683716,0.8467315849993611,0.9633333086967468,0.023006752133369442,0.11517027765512466,0.9950000047683716,0.03442612662911415,2.6540847657998765
mfeat,full,0.0,11,30,False,ctrlA,constant,12,0.9921428561210632,0.8205425469932379,0.9666666388511658,0.07376141794025898,0.1667778491973877,0.9921428561210632,0.09786126017570496,2.654084765799877
mfeat,full,0.0,11,30,False,ctrlB,replay,12,0.9757142663002014,0.8926634360104799,0.949999988079071,0.1593517924845219,0.298006147146225,0.9757142663002014,0.2469683587551117,4.527376624570553
mfeat,full,0.0,11,30,False,ctrlB,reverse,12,0.9871428608894348,0.8312014209950576,0.9616666436195374,0.02573929314812024,0.13528016209602356,0.9871428608894348,0.05777662992477417,4.527376624570553
mfeat,full,0.0,11,30,False,ctrlB,constant,12,0.977142870426178,0.9246938139986014,0.9549999833106995,0.1325483774393797,0.25990355014801025,0.977142870426178,0.20383386313915253,4.527376624570555
mfeat,full,0.0,12,30,False,ctrlA,replay,13,0.9928571581840515,0.8351113809912931,0.9649999737739563,0.07980834538737933,0.17533579468727112,0.9928571581840515,0.10343598574399948,2.5417621083635686
mfeat,full,0.0,12,30,False,ctrlA,reverse,13,0.9971428513526917,0.8501715649908874,0.9549999833106995,0.019028187195460004,0.1290425807237625,0.9971428513526917,0.03561664745211601,2.5417621083635686
mfeat,full,0.0,12,30,False,ctrlA,constant,13,0.9942857027053833,0.879072088006069,0.9633333086967468,0.06859846885005633,0.16878820955753326,0.9942857027053833,0.0931214764714241,2.5417621083635686
mfeat,full,0.0,12,30,False,ctrlB,replay,13,0.9750000238418579,0.8292084009881364,0.9566666483879089,0.15683375728627047,0.284771203994751,0.9750000238418579,0.23198719322681427,4.320521730951494
mfeat,full,0.0,12,30,False,ctrlB,reverse,13,0.9885714054107666,0.8586142679996556,0.9549999833106995,0.021698699096838636,0.13797922432422638,0.9885714054107666,0.05655805394053459,4.320521730951494
mfeat,full,0.0,12,30,False,ctrlB,constant,13,0.9764285683631897,0.8511881409940543,0.9549999833106995,0.12432846715052921,0.24671442806720734,0.9764285683631897,0.18998469412326813,4.320521730951495
mfeat,full,0.0,13,30,False,ctrlA,replay,14,0.9921428561210632,0.8567667019960936,0.9599999785423279,0.07871540849407514,0.1823139488697052,0.9921428561210632,0.10488773137331009,2.637115339527931
mfeat,full,0.0,13,30,False,ctrlA,reverse,14,0.9957143068313599,0.8972702530008974,0.9666666388511658,0.03169078951080641,0.12365727871656418,0.9957143068313599,0.034119732677936554,2.637115339527931
mfeat,full,0.0,13,30,False,ctrlA,constant,14,0.9928571581840515,0.8139652709942311,0.9599999785423279,0.07006875211993853,0.1737627536058426,0.9928571581840515,0.09476449340581894,2.6371153395279308
mfeat,full,0.0,13,30,False,ctrlB,replay,14,0.9742857217788696,0.8716749169980176,0.949999988079071,0.15343912934263546,0.2949448525905609,0.9742857217788696,0.23794232308864594,4.582220506906559
mfeat,full,0.0,13,30,False,ctrlB,reverse,14,0.9885714054107666,0.8651812030002475,0.95333331823349,0.026251171529293058,0.1467493623495102,0.9885714054107666,0.0604265034198761,4.582220506906559
mfeat,full,0.0,13,30,False,ctrlB,constant,14,0.9778571724891663,0.8603248959989287,0.9566666483879089,0.13616307529310387,0.26538610458374023,0.9778571724891663,0.2053229808807373,4.582220506906559
mfeat,full,0.0,14,30,False,ctrlA,replay,10,0.9900000095367432,0.8373740639945026,0.95333331823349,0.07176011768480142,0.18880870938301086,0.9900000095367432,0.10878663510084152,2.7031199311526994
mfeat,full,0.0,14,30,False,ctrlA,reverse,10,0.9921428561210632,0.8752355460019317,0.9649999737739563,0.020996657758951185,0.12361560761928558,0.9921428561210632,0.03751039505004883,2.7031199311526994
mfeat,full,0.0,14,30,False,ctrlA,constant,10,0.9907143115997314,0.9105701989901718,0.9549999833106995,0.07023624901970227,0.1793525218963623,0.9907143115997314,0.09789431095123291,2.7031199311527
mfeat,full,0.0,14,30,False,ctrlB,replay,10,0.977142870426178,0.8279403659980744,0.9433333277702332,0.16873093225061894,0.3342239260673523,0.977142870426178,0.2734183073043823,4.444402381032684
mfeat,full,0.0,14,30,False,ctrlB,reverse,10,0.9900000095367432,0.892287844006205,0.9566666483879089,0.0245891239742438,0.1388351321220398,0.9900000095367432,0.058172453194856644,4.444402381032684
mfeat,full,0.0,14,30,False,ctrlB,constant,10,0.979285717010498,0.8673574069980532,0.9449999928474426,0.11718017538388571,0.2624339163303375,0.979285717010498,0.19563910365104675,4.444402381032684
mfeat,full,0.2,10,30,False,ctrlA,replay,11,0.9571428298950195,0.8774349050072487,0.9266666769981384,0.2774740033100049,0.5397271513938904,0.7978571653366089,0.8426415324211121,2.2607716017911317
mfeat,full,0.2,10,30,False,ctrlA,reverse,11,0.9442856907844543,0.8591101110068848,0.9133333563804626,0.17814737603068354,0.44671890139579773,0.8007143139839172,0.7622212171554565,2.2607716017911317
mfeat,full,0.2,10,30,False,ctrlA,constant,11,0.9621428847312927,0.8663934849901125,0.9266666769981384,0.2609723423669736,0.5213375687599182,0.802142858505249,0.8202698826789856,2.2607716017911312
mfeat,full,0.2,10,30,False,ctrlB,replay,11,0.9585714340209961,0.816280472005019,0.9383333325386047,0.3537037249902884,0.6239355802536011,0.7842857241630554,0.9937642812728882,3.3347995250188185
mfeat,full,0.2,10,30,False,ctrlB,reverse,11,0.9471428394317627,0.960088990002987,0.9183333516120911,0.19572832616666955,0.448721706867218,0.7914285659790039,0.8484837412834167,3.3347995250188185
mfeat,full,0.2,10,30,False,ctrlB,constant,11,0.9578571319580078,0.8480570079991594,0.9366666674613953,0.3170214157054822,0.5707990527153015,0.7878571152687073,0.9420627355575562,3.334799525018818
mfeat,full,0.2,11,30,False,ctrlA,replay,12,0.9571428298950195,0.8575178019964369,0.9350000023841858,0.26140427075326444,0.5011258125305176,0.7985714077949524,0.828129768371582,2.3095671519693464
mfeat,full,0.2,11,30,False,ctrlA,reverse,12,0.9449999928474426,0.8559674860007362,0.9166666865348816,0.1655730506281058,0.43399301171302795,0.8107143044471741,0.7491822242736816,2.3095671519693464
mfeat,full,0.2,11,30,False,ctrlA,constant,12,0.9585714340209961,0.86571646000084,0.9316666722297668,0.24453735657036305,0.48929518461227417,0.8057143092155457,0.7988379597663879,2.309567151969346
mfeat,full,0.2,11,30,False,ctrlB,replay,12,0.9549999833106995,0.8908527250023326,0.9433333277702332,0.32710983820259565,0.580982506275177,0.7892857193946838,0.9664145112037659,3.8281611213461764
mfeat,full,0.2,11,30,False,ctrlB,reverse,12,0.9571428298950195,0.843844146002084,0.9233333468437195,0.17881481108566125,0.42682820558547974,0.795714259147644,0.8312402367591858,3.8281611213461764
mfeat,full,0.2,11,30,False,ctrlB,constant,12,0.9599999785423279,0.8573823920014547,0.9416666626930237,0.3084549932430188,0.5571867823600769,0.7914285659790039,0.9290063381195068,3.8281611213461755
mfeat,full,0.2,12,30,False,ctrlA,replay,13,0.9578571319580078,0.803684995000367,0.9333333373069763,0.29883248200019197,0.5562131404876709,0.7764285802841187,0.9084019064903259,2.296506183402261
mfeat,full,0.2,12,30,False,ctrlA,reverse,13,0.9521428346633911,0.9264877149980748,0.9133333563804626,0.1970172042151292,0.45968225598335266,0.7907142639160156,0.8181169629096985,2.296506183402261
mfeat,full,0.2,12,30,False,ctrlA,constant,13,0.9571428298950195,0.8725406369921984,0.925000011920929,0.2761357921361923,0.5346554517745972,0.7821428775787354,0.8766813278198242,2.2965061834022604
mfeat,full,0.2,12,30,False,ctrlB,replay,13,0.9535714387893677,0.8562993160012411,0.9333333373069763,0.36158262799183527,0.6548950672149658,0.7607142925262451,1.0572484731674194,3.7895789231506516
mfeat,full,0.2,12,30,False,ctrlB,reverse,13,0.9514285922050476,0.8778768839983968,0.9116666913032532,0.2095436978091796,0.48408395051956177,0.7749999761581421,0.9184905886650085,3.7895789231506516
mfeat,full,0.2,12,30,False,ctrlB,constant,13,0.9528571367263794,0.9121725930017419,0.9233333468437195,0.3367184703797102,0.6317015290260315,0.7664285898208618,1.0221025943756104,3.789578923150652
mfeat,full,0.2,13,30,False,ctrlA,replay,14,0.9642857313156128,0.9008489199914038,0.9283333420753479,0.26593211159110064,0.5227686762809753,0.8014285564422607,0.8266300559043884,2.3488996441850527
mfeat,full,0.2,13,30,False,ctrlA,reverse,14,0.9557142853736877,0.8722454929957166,0.9049999713897705,0.16184963439901673,0.4376990795135498,0.8050000071525574,0.7385621070861816,2.3488996441850527
mfeat,full,0.2,13,30,False,ctrlA,constant,14,0.9642857313156128,0.8673464839957887,0.92166668176651,0.2431615663319826,0.5059426426887512,0.8028571605682373,0.7966210246086121,2.348899644185053
mfeat,full,0.2,13,30,False,ctrlB,replay,14,0.9607142806053162,0.9016058300039731,0.9366666674613953,0.35103429690003396,0.6243135333061218,0.7878571152687073,0.9864906668663025,3.869625942464258
mfeat,full,0.2,13,30,False,ctrlB,reverse,14,0.9592857360839844,0.8191537209931994,0.9183333516120911,0.18329812109470367,0.43722599744796753,0.800000011920929,0.831883430480957,3.869625942464258
mfeat,full,0.2,13,30,False,ctrlB,constant,14,0.9621428847312927,0.8427613140083849,0.9266666769981384,0.3133324775844812,0.5805028080940247,0.7928571701049805,0.9391894340515137,3.8696259424642583
mfeat,full,0.2,14,30,False,ctrlA,replay,10,0.9592857360839844,0.8470053350029048,0.925000011920929,0.2859265977392593,0.5578036904335022,0.7799999713897705,0.8923337459564209,2.390316556354789
mfeat,full,0.2,14,30,False,ctrlA,reverse,10,0.947857141494751,0.9123502950096736,0.903333306312561,0.183055737738808,0.4772150218486786,0.7871428728103638,0.8064402341842651,2.390316556354789
mfeat,full,0.2,14,30,False,ctrlA,constant,10,0.9571428298950195,0.8451012669975171,0.9200000166893005,0.26593265617887174,0.5407243371009827,0.7850000262260437,0.8657128810882568,2.390316556354789
mfeat,full,0.2,14,30,False,ctrlB,replay,10,0.949999988079071,0.8476239579904359,0.9316666722297668,0.3632213218510152,0.6640507578849792,0.7642857432365417,1.0511674880981445,3.883859377768057
mfeat,full,0.2,14,30,False,ctrlB,reverse,10,0.949999988079071,0.8892137869988801,0.9166666865348816,0.2081612973411878,0.4772924780845642,0.7771428823471069,0.8938775658607483,3.883859377768057
mfeat,full,0.2,14,30,False,ctrlB,constant,10,0.9521428346633911,0.8560850799985928,0.9383333325386047,0.3389873430132866,0.6120138168334961,0.7699999809265137,1.0007835626602173,3.883859377768056
mfeat,half,0.0,10,30,False,ctrlA,replay,11,0.9971428513526917,0.8594920439936686,0.9300000071525574,0.06549896083772183,0.24449363350868225,0.9971428513526917,0.064003124833107,2.6291844059734255
mfeat,half,0.0,10,30,False,ctrlA,reverse,11,1.0,0.853774897987023,0.9350000023841858,0.02871544102827708,0.21293534338474274,1.0,0.012713467702269554,2.6291844059734255
mfeat,half,0.0,10,30,False,ctrlA,constant,11,0.9971428513526917,0.8752317469916306,0.9333333373069763,0.061057725399732594,0.2383531630039215,0.9971428513526917,0.05859152600169182,2.629184405973425
mfeat,half,0.0,10,30,False,ctrlB,replay,11,0.9942857027053833,0.882562130005681,0.9266666769981384,0.1549437558154265,0.3505884110927582,0.9942857027053833,0.20174284279346466,4.37258613923651
mfeat,half,0.0,10,30,False,ctrlB,reverse,11,0.9985714554786682,0.9004082140017999,0.9383333325386047,0.011887713819742204,0.23373927175998688,0.9985714554786682,0.023149767890572548,4.37258613923651
mfeat,half,0.0,10,30,False,ctrlB,constant,11,0.9971428513526917,0.8861251330090454,0.9350000023841858,0.11749395032723745,0.2978419363498688,0.9971428513526917,0.13852763175964355,4.372586139236511
mfeat,half,0.0,11,30,False,ctrlA,replay,12,0.9985714554786682,0.8855147949943785,0.9449999928474426,0.06973761975765227,0.22296380996704102,0.9985714554786682,0.07899913936853409,2.762324030649136
mfeat,half,0.0,11,30,False,ctrlA,reverse,12,1.0,0.9017453790002037,0.9449999928474426,0.01653022785981496,0.17490103840827942,1.0,0.012515581212937832,2.762324030649136
mfeat,half,0.0,11,30,False,ctrlA,constant,12,1.0,0.8254974949959433,0.9483333230018616,0.06402925786872705,0.21378985047340393,1.0,0.06778974086046219,2.762324030649136
mfeat,half,0.0,11,30,False,ctrlB,replay,12,0.9857142567634583,0.8831909919972531,0.9266666769981384,0.14225903431574502,0.3424855172634125,0.9857142567634583,0.22398905456066132,4.878792833483077
mfeat,half,0.0,11,30,False,ctrlB,reverse,12,0.9985714554786682,0.8553166430065176,0.9483333230018616,0.015446067079901697,0.18032273650169373,0.9985714554786682,0.025982357561588287,4.878792833483077
mfeat,half,0.0,11,30,False,ctrlB,constant,12,0.991428554058075,0.8860477279959014,0.9333333373069763,0.1222956594079733,0.30324962735176086,0.991428554058075,0.17567677795886993,4.878792833483078
mfeat,half,0.0,12,30,False,ctrlA,replay,13,0.9985714554786682,0.8599961669970071,0.9516666531562805,0.07488068123658499,0.20641660690307617,0.9985714554786682,0.07561374455690384,2.633538914153556
mfeat,half,0.0,12,30,False,ctrlA,reverse,13,0.9985714554786682,0.8649050410022028,0.949999988079071,0.02120663399497668,0.15727508068084717,0.9985714554786682,0.017703430727124214,2.633538914153556
mfeat,half,0.0,12,30,False,ctrlA,constant,13,0.9985714554786682,0.8544943019951461,0.9483333230018616,0.06576272010803222,0.20160843431949615,0.9985714554786682,0.0689387246966362,2.633538914153556
mfeat,half,0.0,12,30,False,ctrlB,replay,13,0.9842857122421265,0.8527949150011409,0.9466666579246521,0.17676815253992875,0.342507004737854,0.9842857122421265,0.23878487944602966,4.783487518914305
mfeat,half,0.0,12,30,False,ctrlB,reverse,13,0.9971428513526917,0.8342728010029532,0.949999988079071,0.026644767075777055,0.171247661113739,0.9971428513526917,0.036287564784288406,4.783487518914305
mfeat,half,0.0,12,30,False,ctrlB,constant,13,0.9871428608894348,0.875519915993209,0.949999988079071,0.14586076582471533,0.302022784948349,0.9871428608894348,0.18626819550991058,4.783487518914305
mfeat,half,0.0,13,30,False,ctrlA,replay,14,1.0,0.874551931003225,0.9449999928474426,0.07987737906475861,0.21690714359283447,1.0,0.07874489575624466,2.7263564051700646
mfeat,half,0.0,13,30,False,ctrlA,reverse,14,1.0,0.8844102389994077,0.9516666531562805,0.02494577929377556,0.16346685588359833,1.0,0.014384746551513672,2.7263564051700646
mfeat,half,0.0,13,30,False,ctrlA,constant,14,1.0,0.8770768200047314,0.9466666579246521,0.06923358872532843,0.21098840236663818,1.0,0.06920444965362549,2.7263564051700646
mfeat,half,0.0,13,30,False,ctrlB,replay,14,0.9900000095367432,0.7960340909921797,0.9466666579246521,0.14100578020016352,0.2971036434173584,0.9900000095367432,0.18362046778202057,4.391526157118529
mfeat,half,0.0,13,30,False,ctrlB,reverse,14,0.9985714554786682,0.7625753280008212,0.9416666626930237,0.02387238254149755,0.16940948367118835,0.9985714554786682,0.02547006867825985,4.391526157118529
mfeat,half,0.0,13,30,False,ctrlB,constant,14,0.9928571581840515,0.8951548710028874,0.9466666579246521,0.130985572313269,0.27883416414260864,0.9928571581840515,0.15490035712718964,4.3915261571185304
mfeat,half,0.0,14,30,False,ctrlA,replay,10,1.0,0.8881915300007677,0.9483333230018616,0.06861776560544967,0.2088472843170166,1.0,0.0685414969921112,2.8228534319580874
mfeat,half,0.0,14,30,False,ctrlA,reverse,10,1.0,0.8638102039985824,0.9433333277702332,0.01747333496809006,0.16099779307842255,1.0,0.011498913168907166,2.8228534319580874
mfeat,half,0.0,14,30,False,ctrlA,constant,10,1.0,0.8515031449933304,0.9449999928474426,0.06378974090019862,0.20803366601467133,1.0,0.061354249715805054,2.8228534319580874
mfeat,half,0.0,14,30,False,ctrlB,replay,10,0.991428554058075,0.8710134619905148,0.9383333325386047,0.1640757523228725,0.3477948009967804,0.991428554058075,0.21980638802051544,4.694025520815086
mfeat,half,0.0,14,30,False,ctrlB,reverse,10,0.9985714554786682,0.8441754789964762,0.9466666579246521,0.021157449906071026,0.17311237752437592,0.9985714554786682,0.023232165724039078,4.694025520815086
mfeat,half,0.0,14,30,False,ctrlB,constant,10,0.9957143068313599,0.8322232909995364,0.9399999976158142,0.12195591506858665,0.2876540422439575,0.9957143068313599,0.15143510699272156,4.694025520815085
mfeat,half,0.2,10,30,False,ctrlA,replay,11,0.9342857003211975,0.864418122000643,0.8766666650772095,0.2493510228767991,0.647966742515564,0.8271428346633911,0.6610203385353088,2.833661470945192
mfeat,half,0.2,10,30,False,ctrlA,reverse,11,0.8799999952316284,0.8400470719934674,0.8333333134651184,0.08584607253472011,0.641493558883667,0.8857142925262451,0.43762317299842834,2.833661470945192
mfeat,half,0.2,10,30,False,ctrlA,constant,11,0.927142858505249,0.8386262230051216,0.8616666793823242,0.20885963631172974,0.6395691633224487,0.845714271068573,0.5936546325683594,2.833661470945192
mfeat,half,0.2,10,30,False,ctrlB,replay,11,0.9485714435577393,0.8387616309919395,0.9133333563804626,0.35041024575630814,0.7121593356132507,0.7814285755157471,0.9046118855476379,4.196557115619364
mfeat,half,0.2,10,30,False,ctrlB,reverse,11,0.9214285612106323,0.8679989719967125,0.846666693687439,0.11602895776430766,0.6100382804870605,0.8299999833106995,0.6175211071968079,4.196557115619364
mfeat,half,0.2,10,30,False,ctrlB,constant,11,0.9485714435577393,0.873766913995496,0.8983333110809326,0.3076419957727194,0.6742313504219055,0.7900000214576721,0.8184661269187927,4.196557115619364
mfeat,half,0.2,11,30,False,ctrlA,replay,12,0.941428542137146,0.8237428090069443,0.8933333158493042,0.2369669991979996,0.5837268829345703,0.8285714387893677,0.6679950952529907,2.8688889294021545
mfeat,half,0.2,11,30,False,ctrlA,reverse,12,0.8828571438789368,0.8489969660004135,0.8483333587646484,0.07461250414450964,0.5176079869270325,0.8928571343421936,0.42849665880203247,2.8688889294021545
mfeat,half,0.2,11,30,False,ctrlA,constant,12,0.9200000166893005,0.8509411349950824,0.8833333253860474,0.19450815046827,0.5544837713241577,0.8585714101791382,0.5810703039169312,2.8688889294021545
mfeat,half,0.2,11,30,False,ctrlB,replay,12,0.9514285922050476,0.8489983199979179,0.8999999761581421,0.30143187912801905,0.650417149066925,0.800000011920929,0.8631107211112976,4.091828159789324
mfeat,half,0.2,11,30,False,ctrlB,reverse,12,0.9057142734527588,0.8427447349968133,0.8600000143051147,0.09784040033817291,0.5060927271842957,0.8485714197158813,0.5705156922340393,4.091828159789324
mfeat,half,0.2,11,30,False,ctrlB,constant,12,0.9514285922050476,0.8741304859868251,0.8933333158493042,0.26202112053831417,0.6032416224479675,0.8142856955528259,0.7673063278198242,4.091828159789323
mfeat,half,0.2,12,30,False,ctrlA,replay,13,0.9357143044471741,0.8661540299945045,0.8999999761581421,0.2715422686934471,0.6195774078369141,0.8157142996788025,0.7205552458763123,2.797437073378719
mfeat,half,0.2,12,30,False,ctrlA,reverse,13,0.8757143020629883,0.827325590988039,0.8450000286102295,0.10050739966332911,0.5672792792320251,0.8771428465843201,0.4681032598018646,2.797437073378719
mfeat,half,0.2,12,30,False,ctrlA,constant,13,0.9300000071525574,0.8898151559988037,0.8916666507720947,0.23209823961059256,0.596537172794342,0.831428587436676,0.6349971890449524,2.797437073378718
mfeat,half,0.2,12,30,False,ctrlB,replay,13,0.941428542137146,0.8538175380090252,0.9133333563804626,0.3569209998349349,0.7114273309707642,0.7771428823471069,0.9519081115722656,4.087851352691905
mfeat,half,0.2,12,30,False,ctrlB,reverse,13,0.8999999761581421,0.9122393330035266,0.8583333492279053,0.12670667452116807,0.5388758182525635,0.8299999833106995,0.6205072402954102,4.087851352691905
mfeat,half,0.2,12,30,False,ctrlB,constant,13,0.9357143044471741,0.9130710910103517,0.903333306312561,0.3059425956755876,0.65494304895401,0.7885714173316956,0.8513249158859253,4.087851352691905
mfeat,half,0.2,13,30,False,ctrlA,replay,14,0.9585714340209961,0.8675532669876702,0.8833333253860474,0.24711612867812313,0.6030823588371277,0.8428571224212646,0.6377628445625305,2.9178049178498
mfeat,half,0.2,13,30,False,ctrlA,reverse,14,0.9171428680419922,0.8699372189876158,0.8616666793823242,0.10210265735785168,0.5426681637763977,0.8857142925262451,0.4211920201778412,2.9178049178498
mfeat,half,0.2,13,30,False,ctrlA,constant,14,0.949999988079071,0.8272069509985158,0.8766666650772095,0.2098745087782542,0.5811741352081299,0.854285717010498,0.5703876614570618,2.9178049178498005
mfeat,half,0.2,13,30,False,ctrlB,replay,14,0.9571428298950195,0.8552969150041463,0.903333306312561,0.3281169154495001,0.682116687297821,0.8100000023841858,0.8556703329086304,4.311890849632911
mfeat,half,0.2,13,30,False,ctrlB,reverse,14,0.9399999976158142,0.8961052100057714,0.8650000095367432,0.12484055255850156,0.5244860053062439,0.8471428751945496,0.5765789151191711,4.311890849632911
mfeat,half,0.2,13,30,False,ctrlB,constant,14,0.9599999785423279,0.8558550710004056,0.8949999809265137,0.29247554272413256,0.6455550193786621,0.8185714483261108,0.7849830985069275,4.311890849632911
mfeat,half,0.2,14,30,False,ctrlA,replay,10,0.9557142853736877,0.9005219980026595,0.8866666555404663,0.2521833176910877,0.6216978430747986,0.8342857360839844,0.6706146001815796,2.9874907316441237
mfeat,half,0.2,14,30,False,ctrlA,reverse,10,0.9100000262260437,0.8704794810037129,0.8316666483879089,0.07282673493027687,0.5956966280937195,0.8771428465843201,0.4513434171676636,2.9874907316441237
mfeat,half,0.2,14,30,False,ctrlA,constant,10,0.9399999976158142,0.8558094550098758,0.8666666746139526,0.20334723080197967,0.6066164970397949,0.854285717010498,0.5986880660057068,2.9874907316441237
mfeat,half,0.2,14,30,False,ctrlB,replay,10,0.9471428394317627,0.8580523480050033,0.8933333158493042,0.3384357296427091,0.7280133962631226,0.8057143092155457,0.891606330871582,4.322228970455241
mfeat,half,0.2,14,30,False,ctrlB,reverse,10,0.927142858505249,0.8606820729910396,0.8433333039283752,0.1081973445912202,0.5581845045089722,0.8500000238418579,0.5874119997024536,4.322228970455241
mfeat,half,0.2,14,30,False,ctrlB,constant,10,0.949999988079071,0.8078550219943281,0.8816666603088379,0.27477211219569053,0.6507585048675537,0.8142856955528259,0.7873796820640564,4.322228970455241
satimage,full,0.0,10,30,False,ctrlA,replay,11,0.8951343894004822,1.0580796979920706,0.8838776350021362,0.026583370981962957,0.295255184173584,0.8951343894004822,0.2705734372138977,3.1600317160291804
satimage,full,0.0,10,30,False,ctrlA,reverse,11,0.8995778560638428,0.9844701149995672,0.8911352753639221,0.01116672748416863,0.2797054350376129,0.8995778560638428,0.24365782737731934,3.1600317160291804
satimage,full,0.0,10,30,False,ctrlA,constant,11,0.8978005051612854,0.9936385629989672,0.8864696621894836,0.021358412549000075,0.29166680574417114,0.8978005051612854,0.2646274268627167,3.1600317160291804
satimage,full,0.0,10,30,False,ctrlB,replay,11,0.8746945261955261,0.9980226859916002,0.8698807954788208,0.03739451664510077,0.34187009930610657,0.8746945261955261,0.329447865486145,6.10146960624167
satimage,full,0.0,10,30,False,ctrlB,reverse,11,0.8789157867431641,1.0375248520140303,0.8719543814659119,0.014939781442524053,0.3227637708187103,0.8789157867431641,0.3020644783973694,6.10146960624167
satimage,full,0.0,10,30,False,ctrlB,constant,11,0.8755832314491272,0.9262818429997424,0.8714359998703003,0.02729943559971914,0.33506524562835693,0.8755832314491272,0.3226185441017151,6.101469606241671
satimage,full,0.0,11,30,False,ctrlA,replay,12,0.8938013911247253,1.0100698140013264,0.8849144577980042,0.030449901477174475,0.30591335892677307,0.8938013911247253,0.2774249017238617,3.1045633717060097
satimage,full,0.0,11,30,False,ctrlA,reverse,12,0.9009109139442444,1.0604900519974763,0.8843960762023926,0.014042802908186961,0.29267749190330505,0.9009109139442444,0.2511981129646301,3.1045633717060097
satimage,full,0.0,11,30,False,ctrlA,constant,12,0.8966896533966064,1.104166755991173,0.8833592534065247,0.025968576355138672,0.30214211344718933,0.8966896533966064,0.2727028727531433,3.1045633717060097
satimage,full,0.0,11,30,False,ctrlB,replay,12,0.8649188876152039,1.0807699889992364,0.8506998419761658,0.03819050498117493,0.36174073815345764,0.8649188876152039,0.3440859317779541,6.272761772248174
satimage,full,0.0,11,30,False,ctrlB,reverse,12,0.8818040490150452,1.0279942439956358,0.8693623542785645,0.013085624509181548,0.32637089490890503,0.8818040490150452,0.29791441559791565,6.272761772248174
satimage,full,0.0,11,30,False,ctrlB,constant,12,0.8684736490249634,0.9865820489940234,0.8532918691635132,0.02944475713636419,0.35293203592300415,0.8684736490249634,0.333486407995224,6.272761772248173
satimage,full,0.0,12,30,False,ctrlA,replay,13,0.8960230946540833,1.0611804780055536,0.8864696621894836,0.031416116105638804,0.30616307258605957,0.8960230946540833,0.2784765958786011,3.222734357398693
satimage,full,0.0,12,30,False,ctrlA,reverse,13,0.8973561525344849,1.0923838779999642,0.8911352753639221,0.016868690865963095,0.29165002703666687,0.8973561525344849,0.25330790877342224,3.222734357398693
satimage,full,0.0,12,30,False,ctrlA,constant,13,0.8960230946540833,1.0260052789963083,0.8849144577980042,0.02909386597531271,0.30401501059532166,0.8960230946540833,0.2750059962272644,3.2227343573986924
satimage,full,0.0,12,30,False,ctrlB,replay,13,0.8638080358505249,1.0141871310042916,0.8496630191802979,0.03219936672982433,0.360169917345047,0.8638080358505249,0.3446575999259949,6.277012564871494
satimage,full,0.0,12,30,False,ctrlB,reverse,13,0.8784714341163635,0.9366684609994991,0.8750647902488708,0.015470402406991116,0.3289574980735779,0.8784714341163635,0.3033766448497772,6.277012564871494
satimage,full,0.0,12,30,False,ctrlB,constant,13,0.8664740920066833,0.9702430539909983,0.8564022779464722,0.024971079492643128,0.3521956205368042,0.8664740920066833,0.33565083146095276,6.277012564871493
satimage,full,0.0,13,30,False,ctrlA,replay,14,0.8989113569259644,1.016392794001149,0.8854328393936157,0.019901874230401143,0.29688581824302673,0.8989113569259644,0.26997753977775574,3.250806469346511
satimage,full,0.0,13,30,False,ctrlA,reverse,14,0.904243528842926,1.030895956006134,0.8911352753639221,0.016886196261925546,0.2863723635673523,0.904243528842926,0.2506452202796936,3.250806469346511
satimage,full,0.0,13,30,False,ctrlA,constant,14,0.8980226516723633,0.9958268140035216,0.8854328393936157,0.0172766061058435,0.29403722286224365,0.8980226516723633,0.2667981684207916,3.250806469346511
satimage,full,0.0,13,30,False,ctrlB,replay,14,0.867807149887085,0.9572609960014233,0.8595126867294312,0.0297046918605448,0.3542475700378418,0.867807149887085,0.3364731967449188,6.67797515117776
satimage,full,0.0,13,30,False,ctrlB,reverse,14,0.8849144577980042,0.9021651630027918,0.870917558670044,0.018343031499100326,0.3149244487285614,0.8849144577980042,0.2880134582519531,6.67797515117776
satimage,full,0.0,13,30,False,ctrlB,constant,14,0.873805820941925,0.9325759030034533,0.8641783595085144,0.02983990126999627,0.3430255949497223,0.873805820941925,0.3241271674633026,6.677975151177761
satimage,full,0.0,14,30,False,ctrlA,replay,10,0.8893579244613647,0.9439389580074931,0.8849144577980042,0.028835731433456337,0.3098558485507965,0.8893579244613647,0.28494417667388916,3.238502681855812
satimage,full,0.0,14,30,False,ctrlA,reverse,10,0.8944678902626038,0.9532190390018513,0.88698810338974,0.013089824550939138,0.29519009590148926,0.8944678902626038,0.26329153776168823,3.238502681855812
satimage,full,0.0,14,30,False,ctrlA,constant,10,0.8933570384979248,0.9507777560065733,0.8864696621894836,0.023731791097120397,0.30349692702293396,0.8933570384979248,0.277421772480011,3.238502681855812
satimage,full,0.0,14,30,False,ctrlB,replay,10,0.8624749779701233,0.986487717993441,0.8652151226997375,0.03856303510021953,0.358830988407135,0.8624749779701233,0.34705454111099243,6.647308265541198
satimage,full,0.0,14,30,False,ctrlB,reverse,10,0.8751388788223267,1.0905180919944542,0.8714359998703003,0.017065881431380846,0.3278670012950897,0.8751388788223267,0.30778971314430237,6.647308265541198
satimage,full,0.0,14,30,False,ctrlB,constant,10,0.864696741104126,1.0639237569994293,0.8631415367126465,0.032855216427254766,0.353292316198349,0.864696741104126,0.3397703468799591,6.647308265541198
satimage,full,0.2,10,30,False,ctrlA,replay,11,0.8922461867332458,0.9134309820074122,0.8828408718109131,0.18398309668584956,0.49234166741371155,0.7200621962547302,0.9772655963897705,1.840573890609214
satimage,full,0.2,10,30,False,ctrlA,reverse,11,0.8953565955162048,0.9101882469985867,0.8875064849853516,0.17276939340302705,0.4736256003379822,0.7245056629180908,0.9675796627998352,1.840573890609214
satimage,full,0.2,10,30,False,ctrlA,constant,11,0.8926905393600464,0.9819540770113235,0.8854328393936157,0.18529671955874943,0.4897606074810028,0.7205065488815308,0.9735153317451477,1.8405738906092137
satimage,full,0.2,10,30,False,ctrlB,replay,11,0.867807149887085,1.0330560430011246,0.8626230955123901,0.20405957294350896,0.5603466629981995,0.696956217288971,1.0209397077560425,4.228166466375272
satimage,full,0.2,10,30,False,ctrlB,reverse,11,0.8778049349784851,1.0450566399958916,0.8740279674530029,0.17770787094033647,0.5059944987297058,0.7062875032424927,1.0010942220687866,4.228166466375272
satimage,full,0.2,10,30,False,ctrlB,constant,11,0.8715841174125671,0.9605623359966557,0.8652151226997375,0.19832204560376995,0.5413142442703247,0.7013996839523315,1.0135027170181274,4.228166466375271
satimage,full,0.2,11,30,False,ctrlA,replay,12,0.8882470726966858,1.105698929997743,0.8818040490150452,0.19295532311597224,0.5028444528579712,0.7271717190742493,0.9437107443809509,1.8316716032421048
satimage,full,0.2,11,30,False,ctrlA,reverse,12,0.8920239806175232,1.0766117590101203,0.8854328393936157,0.1831557896082855,0.4851801097393036,0.7322817444801331,0.939193606376648,1.8316716032421048
satimage,full,0.2,11,30,False,ctrlA,constant,12,0.8860253095626831,0.9729129069892224,0.8833592534065247,0.19326959362667792,0.504303514957428,0.7258387207984924,0.9457595348358154,1.8316716032421045
satimage,full,0.2,11,30,False,ctrlB,replay,12,0.8658075928688049,0.9283891759987455,0.8621047139167786,0.19178319476378772,0.5428065061569214,0.7102866172790527,0.9784411787986755,3.433380306748085
satimage,full,0.2,11,30,False,ctrlB,reverse,12,0.8751388788223267,1.0400594070088118,0.8693623542785645,0.1695865911328774,0.5020780563354492,0.7173961400985718,0.9645980596542358,3.433380306748085
satimage,full,0.2,11,30,False,ctrlB,constant,12,0.8691402077674866,0.9941948500054423,0.8631415367126465,0.18427966272447813,0.5319194197654724,0.7125083208084106,0.975846529006958,3.433380306748085
satimage,full,0.2,12,30,False,ctrlA,replay,13,0.8853588104248047,0.9895438120001927,0.8771384358406067,0.21219507457679757,0.5324493050575256,0.7105087637901306,0.9963663816452026,1.8409724917858143
satimage,full,0.2,12,30,False,ctrlA,reverse,13,0.8951343894004822,1.0517789409932448,0.8859512805938721,0.19869050239886318,0.5043454170227051,0.7191734910011292,0.98042231798172,1.8409724917858143
satimage,full,0.2,12,30,False,ctrlA,constant,13,0.8875805139541626,1.1258550380007364,0.8797304034233093,0.2120470586775992,0.529384434223175,0.7131748795509338,0.992059588432312,1.840972491785815
satimage,full,0.2,12,30,False,ctrlB,replay,13,0.8551433086395264,1.0176439400092931,0.8501814603805542,0.20345914210909818,0.584664523601532,0.6847367286682129,1.0345392227172852,4.015389422569623
satimage,full,0.2,12,30,False,ctrlB,reverse,13,0.8693623542785645,1.0667079169943463,0.8589943051338196,0.1873469926598407,0.5414343476295471,0.6967340707778931,1.0182901620864868,4.015389422569623
satimage,full,0.2,12,30,False,ctrlB,constant,13,0.8538102507591248,0.9989767569932155,0.8465526103973389,0.19930389881937416,0.5809907913208008,0.6838480234146118,1.0333037376403809,4.015389422569624
satimage,full,0.2,13,30,False,ctrlA,replay,14,0.8964674472808838,0.9980334120045882,0.8792120218276978,0.20201540016460567,0.5230795741081238,0.7258387207984924,0.9637769460678101,1.8841767383611638
satimage,full,0.2,13,30,False,ctrlA,reverse,14,0.8958009481430054,0.9677852919994621,0.8818040490150452,0.18586050830646275,0.4989100396633148,0.7253943681716919,0.9517853260040283,1.8841767383611638
satimage,full,0.2,13,30,False,ctrlA,constant,14,0.8966896533966064,0.9478630869998597,0.8781751990318298,0.1969007569128148,0.516565203666687,0.7258387207984924,0.9598322510719299,1.8841767383611634
satimage,full,0.2,13,30,False,ctrlB,replay,14,0.865585446357727,0.9602630879962817,0.8465526103973389,0.2032013296339412,0.584742546081543,0.698955774307251,1.017762303352356,4.601276081847606
satimage,full,0.2,13,30,False,ctrlB,reverse,14,0.876027524471283,0.9499475049960893,0.858475923538208,0.18145979535338666,0.5400338768959045,0.7071762084960938,0.9973976016044617,4.601276081847606
satimage,full,0.2,13,30,False,ctrlB,constant,14,0.868695855140686,0.9621821010077838,0.8538102507591248,0.2108451538502459,0.5837324857711792,0.70206618309021,1.0134121179580688,4.601276081847606
satimage,full,0.2,14,30,False,ctrlA,replay,10,0.8831371068954468,0.9675465570035158,0.8828408718109131,0.20838209654519818,0.5311846137046814,0.7120639681816101,0.9970816969871521,2.1351273696132016
satimage,full,0.2,14,30,False,ctrlA,reverse,10,0.8880248665809631,0.9491310949961189,0.8802488446235657,0.1866180009178203,0.5085582733154297,0.7151743769645691,0.9856165051460266,2.1351273696132016
satimage,full,0.2,14,30,False,ctrlA,constant,10,0.8809153437614441,0.9824576359969797,0.8807672262191772,0.2133090072975312,0.5347170233726501,0.7100644111633301,0.9980108737945557,2.1351273696132016
satimage,full,0.2,14,30,False,ctrlB,replay,10,0.8620306849479675,1.0376756409968948,0.8631415367126465,0.21864768068613696,0.5823267102241516,0.6931793093681335,1.039331316947937,4.4175613034478705
satimage,full,0.2,14,30,False,ctrlB,reverse,10,0.8693623542785645,0.9579858240031172,0.8662519454956055,0.19522498470782737,0.5453709959983826,0.6991779804229736,1.0214502811431885,4.4175613034478705
satimage,full,0.2,14,30,False,ctrlB,constant,10,0.8591424226760864,0.9739147469954332,0.861586332321167,0.21737651615763282,0.5812233686447144,0.6900689005851746,1.0366158485412598,4.417561303447871
satimage,half,0.0,10,30,False,ctrlA,replay,11,0.9115555286407471,0.9830876399937551,0.8859512805938721,0.028046766746964956,0.303818941116333,0.9115555286407471,0.24812807142734528,3.405565271261097
satimage,half,0.0,10,30,False,ctrlA,reverse,11,0.9240000247955322,0.9503556910058251,0.8885433077812195,0.009569626882819081,0.3011285066604614,0.9240000247955322,0.2077818363904953,3.405565271261097
satimage,half,0.0,10,30,False,ctrlA,constant,11,0.914222240447998,0.9661747540085344,0.8864696621894836,0.023704759610508813,0.3009437918663025,0.914222240447998,0.23682644963264465,3.4055652712610973
satimage,half,0.0,10,30,False,ctrlB,replay,11,0.8768888711929321,0.9816119960014476,0.8698807954788208,0.024807270664573028,0.35442304611206055,0.8768888711929321,0.3262312710285187,7.11130017218998
satimage,half,0.0,10,30,False,ctrlB,reverse,11,0.897777795791626,0.9576898369996343,0.8776568174362183,0.0185598912883015,0.33400508761405945,0.897777795791626,0.2760811448097229,7.11130017218998
satimage,half,0.0,10,30,False,ctrlB,constant,11,0.8826666474342346,0.975338488991838,0.8729912042617798,0.025115922780899635,0.3505726456642151,0.8826666474342346,0.3195299506187439,7.111300172189978
satimage,half,0.0,11,30,False,ctrlA,replay,12,0.9026666879653931,1.0608473409956787,0.8786936402320862,0.021467029538532807,0.3172089457511902,0.9026666879653931,0.27049949765205383,3.584367234925788
satimage,half,0.0,11,30,False,ctrlA,reverse,12,0.9097777605056763,1.1259200490021612,0.8843960762023926,0.015653272222644496,0.3074359893798828,0.9097777605056763,0.23207718133926392,3.584367234925788
satimage,half,0.0,11,30,False,ctrlA,constant,12,0.9031111001968384,0.9812790629948722,0.8792120218276978,0.01501376561515377,0.3148617148399353,0.9031111001968384,0.26224300265312195,3.58436723492579
satimage,half,0.0,11,30,False,ctrlB,replay,12,0.8768888711929321,0.9965354360028869,0.8636599183082581,0.03570927990848626,0.3685888648033142,0.8768888711929321,0.34107470512390137,7.159593349048484
satimage,half,0.0,11,30,False,ctrlB,reverse,12,0.8902222514152527,1.0165343030093936,0.8750647902488708,0.020825464655044104,0.34284886717796326,0.8902222514152527,0.287595272064209,7.159593349048484
satimage,half,0.0,11,30,False,ctrlB,constant,12,0.8795555830001831,1.0020039889932377,0.8652151226997375,0.03491510910466275,0.3635135591030121,0.8795555830001831,0.333138644695282,7.159593349048485
satimage,half,0.0,12,30,False,ctrlA,replay,13,0.9035555720329285,0.9826389980007662,0.8854328393936157,0.027623700116074967,0.3068833351135254,0.9035555720329285,0.2643258273601532,3.389529529834802
satimage,half,0.0,12,30,False,ctrlA,reverse,13,0.9088888764381409,1.0158659150038147,0.8843960762023926,0.01440845174206051,0.3044211268424988,0.9088888764381409,0.23064996302127838,3.389529529834802
satimage,half,0.0,12,30,False,ctrlA,constant,13,0.9075555801391602,0.9795221480017062,0.8895800709724426,0.027207995832986075,0.3003931939601898,0.9075555801391602,0.2517037093639374,3.3895295298348014
satimage,half,0.0,12,30,False,ctrlB,replay,13,0.8679999709129333,1.0075817969918717,0.8564022779464722,0.03851601592674967,0.3584003448486328,0.8679999709129333,0.34052860736846924,6.975974638657782
satimage,half,0.0,12,30,False,ctrlB,reverse,13,0.8799999952316284,0.9251385169918649,0.8703991770744324,0.022607536707411408,0.3264017701148987,0.8799999952316284,0.2960801124572754,6.975974638657782
satimage,half,0.0,12,30,False,ctrlB,constant,13,0.8648889064788818,0.9040132780064596,0.8574391007423401,0.0341171748190732,0.35444408655166626,0.8648889064788818,0.33723312616348267,6.975974638657782
satimage,half,0.0,13,30,False,ctrlA,replay,14,0.9120000004768372,0.9699154720001388,0.8880248665809631,0.01354514124975605,0.3050418794155121,0.9120000004768372,0.2519738972187042,3.578388769242304
satimage,half,0.0,13,30,False,ctrlA,reverse,14,0.9173333048820496,0.9816144590004114,0.8906168937683105,0.025146478998531265,0.2983415126800537,0.9173333048820496,0.22021181881427765,3.578388769242304
satimage,half,0.0,13,30,False,ctrlA,constant,14,0.913777768611908,0.9753890110005159,0.8859512805938721,0.018552721241955436,0.29854071140289307,0.913777768611908,0.23871883749961853,3.578388769242304
satimage,half,0.0,13,30,False,ctrlB,replay,14,0.8768888711929321,1.0367242810025346,0.870917558670044,0.03537502339493122,0.35086920857429504,0.8768888711929321,0.3180951476097107,6.562861190518149
satimage,half,0.0,13,30,False,ctrlB,reverse,14,0.8937777876853943,1.0575415229977807,0.8854328393936157,0.020397756772068513,0.32127645611763,0.8937777876853943,0.26509860157966614,6.562861190518149
satimage,half,0.0,13,30,False,ctrlB,constant,14,0.8848888874053955,1.1121183220093371,0.8766199946403503,0.027421080869921382,0.3391108214855194,0.8848888874053955,0.3036128878593445,6.56286119051815
satimage,half,0.0,14,30,False,ctrlA,replay,10,0.9039999842643738,1.031507285006228,0.8771384358406067,0.014491328084141308,0.3233709931373596,0.9039999842643738,0.2506866455078125,3.575991341532962
satimage,half,0.0,14,30,False,ctrlA,reverse,10,0.9079999923706055,1.0059666269953595,0.8786936402320862,0.02852879886401015,0.33188748359680176,0.9079999923706055,0.22435468435287476,3.575991341532962
satimage,half,0.0,14,30,False,ctrlA,constant,10,0.9075555801391602,0.9616565589967649,0.8797304034233093,0.01824928841762681,0.32374247908592224,0.9075555801391602,0.24260258674621582,3.575991341532963
satimage,half,0.0,14,30,False,ctrlB,replay,10,0.8759999871253967,1.0359477909951238,0.8621047139167786,0.021870429981490254,0.3575768768787384,0.8759999871253967,0.3150262236595154,6.546548931932233
satimage,half,0.0,14,30,False,ctrlB,reverse,10,0.8999999761581421,0.9417193120025331,0.8755832314491272,0.02641498931273702,0.3434658646583557,0.8999999761581421,0.24520321190357208,6.546548931932233
satimage,half,0.0,14,30,False,ctrlB,constant,10,0.8857777714729309,0.9898365030094283,0.8652151226997375,0.018450121571512157,0.34682154655456543,0.8857777714729309,0.2961549162864685,6.546548931932234
satimage,half,0.2,10,30,False,ctrlA,replay,11,0.8880000114440918,1.0328019360022154,0.8714359998703003,0.18712522807116333,0.5380713939666748,0.7217777967453003,0.9524515271186829,2.328050407729856
satimage,half,0.2,10,30,False,ctrlA,reverse,11,0.8871111273765564,1.062629409992951,0.8761016130447388,0.17504402959575427,0.5226618647575378,0.7262222170829773,0.929167628288269,2.328050407729856
satimage,half,0.2,10,30,False,ctrlA,constant,11,0.895111083984375,1.1020362959970953,0.8755832314491272,0.1879722768003425,0.529448390007019,0.7288888692855835,0.9378374814987183,2.3280504077298563
satimage,half,0.2,10,30,False,ctrlB,replay,11,0.8666666746139526,1.038640277009108,0.8574391007423401,0.18762926339423364,0.5623028874397278,0.7039999961853027,0.9981549382209778,5.105002665770511
satimage,half,0.2,10,30,False,ctrlB,reverse,11,0.8786666393280029,0.9212921599973924,0.867807149887085,0.16308803532703234,0.5252642631530762,0.7133333086967468,0.9741575717926025,5.105002665770511
satimage,half,0.2,10,30,False,ctrlB,constant,11,0.8679999709129333,0.9253813870018348,0.858475923538208,0.19073945371180137,0.5619676113128662,0.7057777643203735,0.993408739566803,5.1050026657705105
satimage,half,0.2,11,30,False,ctrlA,replay,12,0.8866666555404663,0.9801802169968141,0.8766199946403503,0.17702095814632465,0.5025405287742615,0.7435555458068848,0.8775553703308105,2.2613571605594536
satimage,half,0.2,11,30,False,ctrlA,reverse,12,0.8973333239555359,0.9785756630008109,0.8802488446235657,0.15683276313243597,0.4793466329574585,0.753777801990509,0.8498591184616089,2.2613571605594536
satimage,half,0.2,11,30,False,ctrlA,constant,12,0.8955555558204651,1.179690823002602,0.8828408718109131,0.17718644589262963,0.4951446056365967,0.7502222061157227,0.8631830811500549,2.2613571605594536
satimage,half,0.2,11,30,False,ctrlB,replay,12,0.8653333187103271,1.0715826890082099,0.8605495095252991,0.20693965667174108,0.5707347989082336,0.7253333330154419,0.938078761100769,4.747044971771739
satimage,half,0.2,11,30,False,ctrlB,reverse,12,0.8782222270965576,0.990131829996244,0.8735095858573914,0.17956330958211153,0.5097370743751526,0.7355555295944214,0.903290867805481,4.747044971771739
satimage,half,0.2,11,30,False,ctrlB,constant,12,0.8737778067588806,0.9836038590001408,0.8641783595085144,0.20030363518194313,0.5555374622344971,0.7328888773918152,0.9281721711158752,4.7470449717717385
satimage,half,0.2,12,30,False,ctrlA,replay,13,0.8955555558204651,1.0029285860073287,0.8792120218276978,0.22269279458412794,0.5439752340316772,0.7235555648803711,0.962648868560791,2.4005545181247006
satimage,half,0.2,12,30,False,ctrlA,reverse,13,0.9004444479942322,0.97096107499965,0.8761016130447388,0.18887604420020707,0.5159783363342285,0.7306666374206543,0.9335933327674866,2.4005545181247006
satimage,half,0.2,12,30,False,ctrlA,constant,13,0.8986666798591614,0.9664486840047175,0.8838776350021362,0.2188147974020462,0.5321765542030334,0.7297777533531189,0.9538223743438721,2.4005545181247006
satimage,half,0.2,12,30,False,ctrlB,replay,13,0.867555558681488,1.0212520320055773,0.8610678911209106,0.23780175145887356,0.5989633798599243,0.6933333277702332,1.0210148096084595,4.692123749846798
satimage,half,0.2,12,30,False,ctrlB,reverse,13,0.8831111192703247,0.9502819129993441,0.8714359998703003,0.20943010406459528,0.545763373374939,0.7035555839538574,0.9906530976295471,4.692123749846798
satimage,half,0.2,12,30,False,ctrlB,constant,13,0.8706666827201843,0.9131947190035135,0.8574391007423401,0.22737908055122313,0.5905237197875977,0.6964444518089294,1.0134345293045044,4.692123749846798
satimage,half,0.2,13,30,False,ctrlA,replay,14,0.8982222080230713,0.9726124289882137,0.8703991770744324,0.19482764799462632,0.5376235842704773,0.7284444570541382,0.943964958190918,2.302838074503287
satimage,half,0.2,13,30,False,ctrlA,reverse,14,0.9079999923706055,0.9826000000030035,0.8812856674194336,0.17898410728646413,0.5023165941238403,0.7391111254692078,0.9076877236366272,2.302838074503287
satimage,half,0.2,13,30,False,ctrlA,constant,14,0.9039999842643738,1.0849721689883154,0.8786936402320862,0.19706106715835148,0.5252200365066528,0.7351111173629761,0.9310550093650818,2.302838074503287
satimage,half,0.2,13,30,False,ctrlB,replay,14,0.8742222189903259,1.0209707129979506,0.8569206595420837,0.203401818118329,0.5689380764961243,0.7075555324554443,0.9942620396614075,4.391502535449777
satimage,half,0.2,13,30,False,ctrlB,reverse,14,0.8893333077430725,0.9578320620057639,0.8745464086532593,0.19110706318778162,0.5326381325721741,0.7200000286102295,0.9615219235420227,4.391502535449777
satimage,half,0.2,13,30,False,ctrlB,constant,14,0.8773333430290222,0.9698685040057171,0.8626230955123901,0.2061712692722006,0.5636831521987915,0.7102222442626953,0.9858101010322571,4.391502535449778
satimage,half,0.2,14,30,False,ctrlA,replay,10,0.8946666717529297,0.9606696330010891,0.8719543814659119,0.17651248684258214,0.5262057185173035,0.7213333249092102,0.9574798345565796,2.288912801290756
satimage,half,0.2,14,30,False,ctrlA,reverse,10,0.9039999842643738,0.9575077949994011,0.8714359998703003,0.14661015022474597,0.49640369415283203,0.7311111092567444,0.9225867986679077,2.288912801290756
satimage,half,0.2,14,30,False,ctrlA,constant,10,0.9013333320617676,0.968660472004558,0.8755832314491272,0.16756917475232688,0.5100226998329163,0.730222225189209,0.939528226852417,2.2889128012907554
satimage,half,0.2,14,30,False,ctrlB,replay,10,0.8799999952316284,0.9267061239952454,0.861586332321167,0.1964753981449865,0.5680352449417114,0.7080000042915344,1.0011669397354126,3.96840239257004
satimage,half,0.2,14,30,False,ctrlB,reverse,10,0.8928889036178589,0.9539885370031698,0.8683255314826965,0.16102809681831834,0.513889729976654,0.7226666808128357,0.9697909355163574,3.96840239257004
satimage,half,0.2,14,30,False,ctrlB,constant,10,0.8822222352027893,1.0147917549911654,0.8631415367126465,0.18734225762081985,0.5557233691215515,0.7106666564941406,0.9910776615142822,3.96840239257004
